\c eol_db;

/* Abrangência */ 
INSERT INTO public.abrangencia (id,descricao) VALUES
	 (1,'UE'),
	 (2,'Professor'),
	 (3,'UE/Turmas/Disciplinas'),
	 (4,'DRE'),
	 (5,'DRE/Escolas Atribuídas'),
	 (6,'SME');


/* Ações */
INSERT INTO public.acoes (id,descricao) VALUES
	 (1,'Consulta'),
	 (2,'Inclusão'),
	 (3,'Exclusão'),
	 (4,'Alteração');

/* componentes curriculares */
INSERT INTO public.componentecurricular (idcomponentecurricular,ehcompartilhada,ehregencia,permiteregistrofrequencia,idcomponentecurricularpai,ehterritorio,permitelancamentodenota,ehbasenacional,idgrupomatriz,idareadoconhecimento,descricao) VALUES
	 (1329,false,false,true,NULL,false,true,false,5,7,NULL),
	 (1330,false,false,true,NULL,false,true,false,5,7,NULL),
	 (1331,false,false,true,NULL,false,true,false,5,7,NULL),
	 (1332,false,false,true,NULL,false,true,false,5,7,NULL),
	 (1333,false,false,true,NULL,false,true,false,5,7,NULL),
	 (1334,false,false,true,NULL,false,true,false,5,7,NULL),
	 (1335,false,false,true,NULL,false,true,false,5,7,NULL),
	 (1336,false,false,true,NULL,false,true,false,5,7,NULL),
	 (1346,false,false,true,NULL,false,true,false,5,8,NULL),
	 (1350,false,false,true,NULL,false,true,false,5,8,NULL);
INSERT INTO public.componentecurricular (idcomponentecurricular,ehcompartilhada,ehregencia,permiteregistrofrequencia,idcomponentecurricularpai,ehterritorio,permitelancamentodenota,ehbasenacional,idgrupomatriz,idareadoconhecimento,descricao) VALUES
	 (1359,false,false,true,NULL,false,true,false,5,8,NULL),
	 (1347,false,false,true,NULL,false,true,false,5,8,NULL),
	 (1417,false,false,true,NULL,false,true,false,6,9,NULL),
	 (1418,false,false,true,NULL,false,true,false,6,9,NULL),
	 (1419,false,false,true,NULL,false,true,false,6,9,NULL),
	 (1425,false,false,true,NULL,false,true,false,6,10,NULL),
	 (1420,false,false,true,NULL,false,true,false,6,10,NULL),
	 (1421,false,false,true,NULL,false,true,false,6,10,NULL),
	 (1422,false,false,true,NULL,false,true,false,6,10,NULL),
	 (1423,false,false,true,NULL,false,true,false,6,10,NULL);
INSERT INTO public.componentecurricular (idcomponentecurricular,ehcompartilhada,ehregencia,permiteregistrofrequencia,idcomponentecurricularpai,ehterritorio,permitelancamentodenota,ehbasenacional,idgrupomatriz,idareadoconhecimento,descricao) VALUES
	 (1424,false,false,true,NULL,false,true,false,6,10,NULL),
	 (1426,false,false,true,NULL,false,true,false,6,10,NULL),
	 (1427,false,false,true,NULL,false,true,false,6,10,NULL),
	 (1428,false,false,true,NULL,false,true,false,6,10,NULL),
	 (1337,false,false,true,NULL,false,true,false,6,11,NULL),
	 (1431,false,false,true,NULL,false,true,false,6,11,NULL),
	 (1429,false,false,true,NULL,false,true,false,6,11,NULL),
	 (1430,false,false,true,NULL,false,true,false,6,11,NULL),
	 (1033,false,false,false,NULL,false,false,false,0,NULL,NULL),
	 (1051,false,false,false,NULL,false,false,false,0,NULL,NULL);
INSERT INTO public.componentecurricular (idcomponentecurricular,ehcompartilhada,ehregencia,permiteregistrofrequencia,idcomponentecurricularpai,ehterritorio,permitelancamentodenota,ehbasenacional,idgrupomatriz,idareadoconhecimento,descricao) VALUES
	 (1052,false,false,false,NULL,false,false,false,0,NULL,NULL),
	 (1053,false,false,false,NULL,false,false,false,0,NULL,NULL),
	 (1054,false,false,false,NULL,false,false,false,0,NULL,NULL),
	 (1,false,false,true,NULL,false,true,true,1,NULL,NULL),
	 (1288,false,false,true,NULL,false,true,true,1,NULL,NULL),
	 (1066,false,false,true,NULL,false,true,true,1,NULL,NULL),
	 (1067,false,false,true,NULL,false,true,true,1,NULL,NULL),
	 (1289,false,false,true,NULL,false,true,true,1,NULL,NULL),
	 (1311,false,false,true,NULL,false,true,false,2,NULL,NULL),
	 (1312,false,false,true,NULL,false,true,false,2,NULL,NULL);
INSERT INTO public.componentecurricular (idcomponentecurricular,ehcompartilhada,ehregencia,permiteregistrofrequencia,idcomponentecurricularpai,ehterritorio,permitelancamentodenota,ehbasenacional,idgrupomatriz,idareadoconhecimento,descricao) VALUES
	 (1319,false,false,true,NULL,false,true,false,2,NULL,NULL),
	 (1313,false,false,true,NULL,false,true,false,2,NULL,NULL),
	 (1318,false,false,true,NULL,false,true,false,2,NULL,NULL),
	 (1293,false,false,true,NULL,false,true,false,2,NULL,NULL),
	 (1116,false,false,true,NULL,false,true,false,2,NULL,NULL),
	 (1122,false,false,true,NULL,false,true,false,2,NULL,NULL),
	 (167,false,false,true,NULL,false,true,false,2,NULL,NULL),
	 (169,false,false,true,NULL,false,true,false,2,NULL,NULL),
	 (158,false,false,true,NULL,false,true,false,2,NULL,NULL),
	 (106,false,false,true,NULL,false,true,false,2,NULL,NULL);
INSERT INTO public.componentecurricular (idcomponentecurricular,ehcompartilhada,ehregencia,permiteregistrofrequencia,idcomponentecurricularpai,ehterritorio,permitelancamentodenota,ehbasenacional,idgrupomatriz,idareadoconhecimento,descricao) VALUES
	 (159,false,false,true,NULL,false,true,false,2,NULL,NULL),
	 (1063,false,false,true,NULL,false,true,false,2,NULL,NULL),
	 (157,false,false,true,NULL,false,true,false,2,NULL,NULL),
	 (172,false,false,true,NULL,false,true,false,2,NULL,NULL),
	 (162,false,false,true,NULL,false,true,false,2,NULL,NULL),
	 (173,false,false,true,NULL,false,true,false,2,NULL,NULL),
	 (170,false,false,true,NULL,false,true,false,2,NULL,NULL),
	 (1317,false,false,true,NULL,false,true,false,2,NULL,NULL),
	 (164,false,false,true,NULL,false,true,false,2,NULL,NULL),
	 (165,false,false,true,NULL,false,true,false,2,NULL,NULL);
INSERT INTO public.componentecurricular (idcomponentecurricular,ehcompartilhada,ehregencia,permiteregistrofrequencia,idcomponentecurricularpai,ehterritorio,permitelancamentodenota,ehbasenacional,idgrupomatriz,idareadoconhecimento,descricao) VALUES
	 (171,false,false,true,NULL,false,true,false,2,NULL,NULL),
	 (163,false,false,true,NULL,false,true,false,2,NULL,NULL),
	 (1314,false,false,true,NULL,false,true,false,2,NULL,NULL),
	 (68,false,false,true,NULL,false,true,false,2,NULL,NULL),
	 (160,false,false,true,NULL,false,true,false,2,NULL,NULL),
	 (1062,false,false,true,NULL,false,true,false,2,NULL,NULL),
	 (79,false,false,true,NULL,false,true,false,2,NULL,NULL),
	 (168,false,false,true,NULL,false,true,false,2,NULL,NULL),
	 (161,false,false,true,NULL,false,true,false,2,NULL,NULL),
	 (1123,false,false,true,NULL,false,true,false,2,NULL,NULL);
INSERT INTO public.componentecurricular (idcomponentecurricular,ehcompartilhada,ehregencia,permiteregistrofrequencia,idcomponentecurricularpai,ehterritorio,permitelancamentodenota,ehbasenacional,idgrupomatriz,idareadoconhecimento,descricao) VALUES
	 (1069,false,false,true,NULL,false,true,false,3,NULL,NULL),
	 (1070,false,false,true,NULL,false,true,false,3,NULL,NULL),
	 (1071,false,false,true,NULL,false,true,false,3,NULL,NULL),
	 (1068,false,false,true,NULL,false,true,false,3,NULL,NULL),
	 (1209,false,false,true,NULL,false,true,false,3,NULL,NULL),
	 (1210,false,false,true,NULL,false,true,false,3,NULL,NULL),
	 (1105,false,true,true,NULL,false,true,false,1,NULL,NULL),
	 (1112,false,true,true,NULL,false,true,false,1,NULL,NULL),
	 (1113,false,true,true,NULL,false,true,false,1,NULL,NULL),
	 (1114,false,true,true,NULL,false,true,false,1,NULL,NULL);
INSERT INTO public.componentecurricular (idcomponentecurricular,ehcompartilhada,ehregencia,permiteregistrofrequencia,idcomponentecurricularpai,ehterritorio,permitelancamentodenota,ehbasenacional,idgrupomatriz,idareadoconhecimento,descricao) VALUES
	 (1115,false,true,true,NULL,false,true,false,1,NULL,NULL),
	 (1117,false,true,true,NULL,false,true,false,1,NULL,NULL),
	 (1125,false,true,true,NULL,false,true,false,1,NULL,NULL),
	 (1211,false,true,true,NULL,false,true,false,1,NULL,NULL),
	 (1212,false,true,true,NULL,false,true,false,1,NULL,NULL),
	 (1213,false,true,true,NULL,false,true,false,1,NULL,NULL),
	 (1290,false,true,true,NULL,false,true,false,1,NULL,NULL),
	 (1301,false,true,true,NULL,false,true,false,1,NULL,NULL),
	 (1121,false,true,true,11211124,false,true,false,1,NULL,NULL),
	 (1124,false,true,true,11211124,false,true,false,1,NULL,NULL);
INSERT INTO public.componentecurricular (idcomponentecurricular,ehcompartilhada,ehregencia,permiteregistrofrequencia,idcomponentecurricularpai,ehterritorio,permitelancamentodenota,ehbasenacional,idgrupomatriz,idareadoconhecimento,descricao) VALUES
	 (508,false,true,false,NULL,false,true,false,1,NULL,NULL),
	 (1214,false,false,false,NULL,true,false,false,4,NULL,NULL),
	 (1215,false,false,false,NULL,true,false,false,4,NULL,NULL),
	 (1216,false,false,false,NULL,true,false,false,4,NULL,NULL),
	 (1217,false,false,false,NULL,true,false,false,4,NULL,NULL),
	 (1218,false,false,false,NULL,true,false,false,4,NULL,NULL),
	 (1219,false,false,false,NULL,true,false,false,4,NULL,NULL),
	 (1220,false,false,false,NULL,true,false,false,4,NULL,NULL),
	 (1221,false,false,false,NULL,true,false,false,4,NULL,NULL),
	 (1222,false,false,false,NULL,true,false,false,4,NULL,NULL);
INSERT INTO public.componentecurricular (idcomponentecurricular,ehcompartilhada,ehregencia,permiteregistrofrequencia,idcomponentecurricularpai,ehterritorio,permitelancamentodenota,ehbasenacional,idgrupomatriz,idareadoconhecimento,descricao) VALUES
	 (1223,false,false,false,NULL,true,false,false,4,NULL,NULL),
	 (1322,false,false,false,NULL,false,false,false,1,NULL,NULL),
	 (138,false,false,true,NULL,false,true,true,1,1,NULL),
	 (139,false,false,true,NULL,false,true,true,1,1,NULL),
	 (6,false,false,true,NULL,false,true,true,1,1,NULL),
	 (2,false,false,true,NULL,false,true,true,1,2,NULL),
	 (53,false,false,true,NULL,false,true,true,1,3,NULL),
	 (51,false,false,true,NULL,false,true,true,1,3,NULL),
	 (89,false,false,true,NULL,false,true,true,1,3,NULL),
	 (52,false,false,true,NULL,false,true,true,1,3,NULL);
INSERT INTO public.componentecurricular (idcomponentecurricular,ehcompartilhada,ehregencia,permiteregistrofrequencia,idcomponentecurricularpai,ehterritorio,permitelancamentodenota,ehbasenacional,idgrupomatriz,idareadoconhecimento,descricao) VALUES
	 (103,false,false,true,NULL,false,true,false,2,4,NULL),
	 (98,false,false,true,NULL,false,true,false,2,4,NULL),
	 (8,false,false,true,NULL,false,true,true,1,4,NULL),
	 (7,false,false,true,NULL,false,true,true,1,4,NULL),
	 (9,false,false,true,NULL,false,true,false,2,5,NULL),
	 (537,false,false,true,NULL,false,true,false,2,5,NULL),
	 (218,false,false,true,NULL,false,true,false,2,6,NULL),
	 (512,false,true,true,512,false,false,false,0,0,'Regência de classe infantil'),
	 (513,false,true,true,512,false,false,false,0,0,NULL),
	 (534,false,true,true,512,false,false,false,0,0,NULL);
INSERT INTO public.componentecurricular (idcomponentecurricular,ehcompartilhada,ehregencia,permiteregistrofrequencia,idcomponentecurricularpai,ehterritorio,permitelancamentodenota,ehbasenacional,idgrupomatriz,idareadoconhecimento,descricao) VALUES
	 (535,false,true,true,512,false,false,false,0,0,NULL),
	 (1046,false,false,true,NULL,false,true,false,2,5,NULL),
	 (1106,false,false,true,NULL,false,true,false,2,5,NULL),
	 (1060,false,false,false,NULL,false,false,false,3,5,NULL),
	 (1061,false,false,false,NULL,false,false,false,3,5,NULL),
	 (1030,false,false,true,NULL,false,false,false,0,NULL,NULL),
	 (515,false,true,true,512,false,false,false,0,0,NULL),
	 (517,false,true,true,512,false,false,false,0,0,NULL),
	 (518,false,true,true,512,false,false,false,0,0,NULL),
	 (1107,false,false,false,NULL,false,false,false,3,NULL,'DOCENCIA COMPARTILHADA 4H');
INSERT INTO public.componentecurricular (idcomponentecurricular,ehcompartilhada,ehregencia,permiteregistrofrequencia,idcomponentecurricularpai,ehterritorio,permitelancamentodenota,ehbasenacional,idgrupomatriz,idareadoconhecimento,descricao) VALUES
	 (1108,false,false,false,0,false,false,false,3,NULL,'DOCENCIA COMPARTILHADA 8H'),
	 (1109,false,false,false,0,false,false,false,3,NULL,'DOCENCIA COMPARTILHADA 12H'),
	 (1110,false,false,false,0,false,false,false,3,NULL,'DOCENCIA COMPARTILHADA 6H'),
	 (1118,false,false,false,0,false,false,false,3,NULL,'DOCENCIA COMPARTILHADA 11 AULAS'),
	 (1119,false,false,false,0,false,false,false,3,NULL,'DOCENCIA COMPARTILHADA 7 AULAS'),
	 (1120,false,false,false,0,false,false,false,3,NULL,'DOCENCIA COMPARTILHADA 5 AULAS'),
	 (1150,true,false,false,NULL,false,false,false,3,NULL,NULL),
	 (1151,true,false,false,NULL,false,false,false,3,NULL,NULL),
	 (1111,false,false,true,NULL,false,false,false,3,NULL,NULL);


INSERT INTO public.componentecurricularareadoconhecimento (id,nome) VALUES
	 (1,'Linguagens'),
	 (2,'Matemática'),
	 (3,'Ciências da Natureza'),
	 (4,'Ciências Humanas'),
	 (5,'Língua Estrangeira Moderna'),
	 (6,'Língua Brasileira de Sinais'),
	 (7,'Formação para estudos e apronfundamento'),
	 (8,'Itinerário Integrador'),
	 (9,'Linguagens e suas Tecnologias'),
	 (10,'Ciências Humanas e Sociais Aplicadas');
INSERT INTO public.componentecurricularareadoconhecimento (id,nome) VALUES
	 (11,'Ciências da Natureza, Matemática e suas tecnologias');

INSERT INTO public.componentecurriculargrupomatriz (nome) VALUES
	 ('Base Nacional Comum'),
	 ('Diversificada'),
	 ('Enriquecimento Curricular'),
	 ('Integral'),
	 ('Percurso comum'),
	 ('Itinerário formativo');


INSERT INTO public.grupos (id,guidperfil,nome,cdtipofuncaoatividade,idabrangencia,ehperfilmanual) VALUES
	 (1,'3be1e074-37d6-e911-abd6-f81654fe895d'::uuid,'ATE',NULL,1,false),
	 (2,'3ce1e074-37d6-e911-abd6-f81654fe895d'::uuid,'Professor Readaptado',NULL,1,false),
	 (4,'3ee1e074-37d6-e911-abd6-f81654fe895d'::uuid,'PAP',30,2,false),
	 (5,'3fe1e074-37d6-e911-abd6-f81654fe895d'::uuid,'POA',1042,3,false),
	 (6,'40e1e074-37d6-e911-abd6-f81654fe895d'::uuid,'Professor ',NULL,2,false),
	 (7,'41e1e074-37d6-e911-abd6-f81654fe895d'::uuid,'Professor CJ',NULL,2,false),
	 (9,'43e1e074-37d6-e911-abd6-f81654fe895d'::uuid,'Secretário',NULL,1,false),
	 (10,'44e1e074-37d6-e911-abd6-f81654fe895d'::uuid,'CP',NULL,1,false),
	 (11,'45e1e074-37d6-e911-abd6-f81654fe895d'::uuid,'AD',NULL,1,false),
	 (12,'46e1e074-37d6-e911-abd6-f81654fe895d'::uuid,'Diretor',NULL,1,false);
INSERT INTO public.grupos (id,guidperfil,nome,cdtipofuncaoatividade,idabrangencia,ehperfilmanual) VALUES
	 (20,'4ee1e074-37d6-e911-abd6-f81654fe895d'::uuid,'Supervisor',NULL,5,false),
	 (21,'4fe1e074-37d6-e911-abd6-f81654fe895d'::uuid,'Supervisor Técnico',NULL,4,false),
	 (22,'50e1e074-37d6-e911-abd6-f81654fe895d'::uuid,'Diretor Regional',NULL,4,false),
	 (35,'5de1e074-37d6-e911-abd6-f81654fe895d'::uuid,'POED',14,2,false),
	 (36,'5ee1e074-37d6-e911-abd6-f81654fe895d'::uuid,'POSL',1,2,false),
	 (37,'5fe1e074-37d6-e911-abd6-f81654fe895d'::uuid,'Supervisor Consulta',NULL,4,false),
	 (8,'42e1e074-37d6-e911-abd6-f81654fe895d'::uuid,'ADM UE',NULL,1,true),
	 (24,'52e1e074-37d6-e911-abd6-f81654fe895d'::uuid,'NTC - NAAPA',NULL,6,true),
	 (19,'4de1e074-37d6-e911-abd6-f81654fe895d'::uuid,'Diretor DIPED',NULL,4,true),
	 (25,'53e1e074-37d6-e911-abd6-f81654fe895d'::uuid,'NTC',NULL,6,true);
INSERT INTO public.grupos (id,guidperfil,nome,cdtipofuncaoatividade,idabrangencia,ehperfilmanual) VALUES
	 (29,'57e1e074-37d6-e911-abd6-f81654fe895d'::uuid,'DIEI',NULL,6,true),
	 (31,'59e1e074-37d6-e911-abd6-f81654fe895d'::uuid,'COPED',NULL,6,true),
	 (30,'58e1e074-37d6-e911-abd6-f81654fe895d'::uuid,'DIEFM',NULL,6,true),
	 (14,'48e1e074-37d6-e911-abd6-f81654fe895d'::uuid,'ADM DRE',NULL,4,true),
	 (28,'56e1e074-37d6-e911-abd6-f81654fe895d'::uuid,'DIEJA',NULL,6,true),
	 (32,'5ae1e074-37d6-e911-abd6-f81654fe895d'::uuid,'ADM SME',NULL,6,true),
	 (13,'47e1e074-37d6-e911-abd6-f81654fe895d'::uuid,'DRE Básico',NULL,4,true),
	 (33,'5be1e074-37d6-e911-abd6-f81654fe895d'::uuid,'ADM COTIC',NULL,6,true),
	 (18,'4ce1e074-37d6-e911-abd6-f81654fe895d'::uuid,'NAAPA',NULL,4,true),
	 (15,'49e1e074-37d6-e911-abd6-f81654fe895d'::uuid,'DIPED',NULL,4,true);
INSERT INTO public.grupos (id,guidperfil,nome,cdtipofuncaoatividade,idabrangencia,ehperfilmanual) VALUES
	 (26,'54e1e074-37d6-e911-abd6-f81654fe895d'::uuid,'NTA',NULL,6,true),
	 (27,'55e1e074-37d6-e911-abd6-f81654fe895d'::uuid,'DIEE',NULL,6,true),
	 (23,'51e1e074-37d6-e911-abd6-f81654fe895d'::uuid,'COPED Básico',NULL,6,true),
	 (38,'5af1e074-37d6-e911-abd6-f81654fe895d'::uuid,'Coordenador SME',NULL,6,false),
	 (34,'5ce1e074-37d6-e911-abd6-f81654fe895d'::uuid,'POEI',36,1,false),
	 (39,'60e1e074-37d6-e911-abd6-f81654fe895d'::uuid,'Professor Educacao Infantil',NULL,2,false),
	 (40,'61e1e074-37d6-e911-abd6-f81654fe895d'::uuid,'Professor CJ Educacao Infantil',NULL,2,false),
	 (41,'62e1e074-37d6-e911-abd6-f81654fe895d'::uuid,'ATE Secretaria',NULL,1,true),
	 (17,'4be1e074-37d6-e911-abd6-f81654fe895d'::uuid,'Coordenador CEFAI',NULL,4,true),
	 (16,'4ae1e074-37d6-e911-abd6-f81654fe895d'::uuid,'PAAI',29,4,false);
INSERT INTO public.grupos (id,guidperfil,nome,cdtipofuncaoatividade,idabrangencia,ehperfilmanual) VALUES
	 (3,'3de1e074-37d6-e911-abd6-f81654fe895d'::uuid,'PAEE',6,1,false),
	 (42,'63e1e074-37d6-e911-abd6-f81654fe895d'::uuid,'Comunicados DRE',NULL,4,true),
	 (43,'64e1e074-37d6-e911-abd6-f81654fe895d'::uuid,'Comunicados UE',NULL,1,false);

INSERT INTO public.modulos (id,descricao,idmodcoresso,idacao) VALUES
	 (1,'Sondagem - Consulta',16,1),
	 (2,'Sondagem - Inclusão',16,2),
	 (3,'Sondagem - Exclusão',16,3),
	 (4,'Sondagem - Alteração',16,4),
	 (5,'Sondagem - Relatório - Consulta',17,1),
	 (6,'Sondagem - Relatório - Inclusão',17,2),
	 (7,'Sondagem - Relatório - Exclusão',17,3),
	 (8,'Sondagem - Relatório - Alteração',17,4),
	 (9,'Boletim - Consulta',19,1),
	 (10,'Calendário - Consulta',20,1);
INSERT INTO public.modulos (id,descricao,idmodcoresso,idacao) VALUES
	 (11,'Calendário - Inclusão',20,2),
	 (12,'Calendário - Exclusão',20,3),
	 (13,'Calendário - Alteração',20,4),
	 (18,'Atribuição de CJ mesma UE - Consulta',18,1),
	 (19,'Atribuição de CJ mesma UE - Inclusão',18,2),
	 (20,'Atribuição de CJ mesma UE - Exclusão',18,3),
	 (21,'Atribuição de CJ mesma UE - Alteração',18,4),
	 (22,'Nota/Conceito - Consulta',22,1),
	 (23,'Nota/Conceito - Inclusão',22,2),
	 (24,'Nota/Conceito - Exclusão',22,3);
INSERT INTO public.modulos (id,descricao,idmodcoresso,idacao) VALUES
	 (25,'Nota/Conceito - Alteração',22,4),
	 (26,'Plano Anual - Consulta',23,1),
	 (27,'Plano Anual - Inclusão',23,2),
	 (28,'Plano Anual - Exclusão',23,3),
	 (29,'Plano Anual - Alteração',23,4),
	 (34,'Plano de Ciclo - Consulta',25,1),
	 (35,'Plano de Ciclo - Inclusão',25,2),
	 (36,'Plano de Ciclo - Exclusão',25,3),
	 (37,'Plano de Ciclo - Alteração',25,4),
	 (38,'Notificação - Consulta',26,1);
INSERT INTO public.modulos (id,descricao,idmodcoresso,idacao) VALUES
	 (39,'Notificação - Inclusão',26,2),
	 (40,'Notificação - Exclusão',26,3),
	 (41,'Notificação - Alteração',26,4),
	 (42,'Atribuição Professor - Consulta',NULL,1),
	 (43,'Atribuição Professor - Inclusão',NULL,2),
	 (44,'Atribuição Professor - Exclusão',NULL,3),
	 (45,'Atribuição Professor - Alteração',NULL,4),
	 (46,'Relatório - Consulta',29,1),
	 (47,'Reiniciar Senha - Alteração',30,4),
	 (48,'Meus Dados - Consulta',28,1);
INSERT INTO public.modulos (id,descricao,idmodcoresso,idacao) VALUES
	 (49,'Meus Dados - Inclusão',28,2),
	 (50,'Meus Dados - Exclusão',28,3),
	 (51,'Meus Dados - Alteração',28,4),
	 (52,'Notas - Consulta',NULL,1),
	 (53,'Notas - Inclusão',NULL,2),
	 (54,'Notas - Exclusão',NULL,3),
	 (55,'Notas - Alteração',NULL,4),
	 (56,'Registro POA - Consulta',41,1),
	 (57,'Registro POA - Inclusão',41,2),
	 (58,'Registro POA - Exclusão',41,3);
INSERT INTO public.modulos (id,descricao,idmodcoresso,idacao) VALUES
	 (59,'Registro POA - Alteração',41,4),
	 (60,'Calendário Professor - Consulta',42,1),
	 (61,'Calendário Professor - Inclusão',42,2),
	 (62,'Calendário Professor - Exclusão',42,3),
	 (63,'Calendário Professor - Alteração',42,4),
	 (64,'Tipo de calendário escolar - Consulta',31,1),
	 (65,'Tipo de calendário escolar - Inclusão',31,2),
	 (66,'Tipo de calendário escolar - Exclusão',31,3),
	 (67,'Tipo de calendário escolar - Alteração',31,4),
	 (68,'Períodos Escolares - Consulta',32,1);
INSERT INTO public.modulos (id,descricao,idmodcoresso,idacao) VALUES
	 (69,'Períodos Escolares - Inclusão',32,2),
	 (70,'Períodos Escolares - Exclusão',32,3),
	 (71,'Períodos Escolares - Alteração',32,4),
	 (72,'Períodos de Fechamento (Abertura) - Consulta',33,1),
	 (73,'Períodos de Fechamento (Abertura) - Inclusão',33,2),
	 (74,'Períodos de Fechamento (Abertura) - Exclusão',33,3),
	 (75,'Períodos de Fechamento (Abertura) - Alteração',33,4),
	 (76,'Períodos de Fechamento (Reabertura) - Consulta',34,1),
	 (77,'Períodos de Fechamento (Reabertura) - Inclusão',34,2),
	 (78,'Períodos de Fechamento (Reabertura) - Exclusão',34,3);
INSERT INTO public.modulos (id,descricao,idmodcoresso,idacao) VALUES
	 (79,'Períodos de Fechamento (Reabertura) - Alteração',34,4),
	 (80,'Tipo Feriado - Consulta',35,1),
	 (81,'Tipo Feriado - Inclusão',35,2),
	 (82,'Tipo Feriado - Exclusão',35,3),
	 (83,'Tipo Feriado - Alteração',35,4),
	 (84,'Tipo Evento - Consulta',36,1),
	 (85,'Tipo Evento - Inclusão',36,2),
	 (86,'Tipo Evento - Exclusão',36,3),
	 (87,'Tipo Evento - Alteração',36,4),
	 (88,'Eventos - Consulta',37,1);
INSERT INTO public.modulos (id,descricao,idmodcoresso,idacao) VALUES
	 (89,'Eventos - Inclusão',37,2),
	 (90,'Eventos - Exclusão',37,3),
	 (91,'Eventos - Alteração',37,4),
	 (92,'Atribuição esporádica - Consulta',39,1),
	 (93,'Atribuição esporádica - Inclusão',39,2),
	 (94,'Atribuição esporádica - Exclusão',39,3),
	 (95,'Atribuição esporádica - Alteração',39,4),
	 (96,'Atribuição supervisor - Consulta',40,1),
	 (97,'Atribuição supervisor - Inclusão',40,2),
	 (98,'Atribuição supervisor - Exclusão',40,3);
INSERT INTO public.modulos (id,descricao,idmodcoresso,idacao) VALUES
	 (99,'Atribuição supervisor - Alteração',40,4),
	 (100,'Tipo de Avaliação - Consulta',43,1),
	 (101,'Tipo de Avaliação - Inclusão',43,2),
	 (102,'Tipo de Avaliação - Exclusão',43,3),
	 (103,'Tipo de Avaliação - Alteração',43,4),
	 (112,'Compensação de Ausência - Consulta',46,1),
	 (113,'Compensação de Ausência - Inclusão',46,2),
	 (114,'Compensação de Ausência - Exclusão',46,3),
	 (115,'Compensação de Ausência - Alteração',46,4),
	 (116,'Relatório de acompanhamento PAP - Consulta',48,1);
INSERT INTO public.modulos (id,descricao,idmodcoresso,idacao) VALUES
	 (117,'Relatório de acompanhamento PAP - Inclusão',48,2),
	 (118,'Relatório de acompanhamento PAP - Exclusão',48,3),
	 (119,'Relatório de acompanhamento PAP - Alteração',48,4),
	 (120,'Resumos e gráficos PAP - Consulta',49,1),
	 (121,'Resumos e gráficos PAP - Inclusão',49,2),
	 (122,'Resumos e gráficos PAP - Exclusão',49,3),
	 (123,'Resumos e gráficos PAP - Alteração',49,4),
	 (124,'Fechamento de Bimestre - Consulta',47,1),
	 (125,'Fechamento de Bimestre - Inclusão',47,2),
	 (126,'Fechamento de Bimestre - Exclusão',47,3);
INSERT INTO public.modulos (id,descricao,idmodcoresso,idacao) VALUES
	 (127,'Fechamento de Bimestre - Alteração',47,4),
	 (128,'Análise e cancelamento de pendências - Consulta',50,1),
	 (129,'Análise e cancelamento de pendências - Inclusão',50,2),
	 (130,'Análise e cancelamento de pendências - Exclusão',50,3),
	 (131,'Análise e cancelamento de pendências - Alteração',50,4),
	 (132,'Planejamento Território - Consulta',51,1),
	 (133,'Planejamento Território - Inclusão',51,2),
	 (134,'Planejamento Território - Exclusão',51,3),
	 (135,'Planejamento Território - Alteração',51,4),
	 (136,'Conselho de Classe - Consulta',52,1);
INSERT INTO public.modulos (id,descricao,idmodcoresso,idacao) VALUES
	 (137,'Conselho de Classe - Inclusão',52,2),
	 (138,'Conselho de Classe - Exclusão',52,3),
	 (139,'Conselho de Classe - Alteração',52,4),
	 (140,'Comunicados - Consulta',53,1),
	 (141,'Comunicados - Inclusão',53,2),
	 (142,'Comunicados - Exclusão',53,3),
	 (143,'Comunicados - Alteração',53,4),
	 (144,'Relatório semestral PAP - Consulta',54,1),
	 (145,'Relatório semestral PAP - Inclusão',54,2),
	 (146,'Relatório semestral PAP - Exclusão',54,3);
INSERT INTO public.modulos (id,descricao,idmodcoresso,idacao) VALUES
	 (147,'Relatório semestral PAP - Alteração',54,4),
	 (30,'Frequência/Plano de aula - Consulta',24,1),
	 (31,'Frequência/Plano de aula - Inclusão',24,2),
	 (32,'Frequência/Plano de aula - Exclusão',24,3),
	 (33,'Frequência/Plano de aula - Alteração',24,4),
	 (148,'Atas - Consulta',55,1),
	 (149,'Atas - Inclusão',55,2),
	 (150,'Atas - Exclusão',55,3),
	 (151,'Atas - Alteração',55,4),
	 (152,'Histórico Escolar - Consulta',56,1);
INSERT INTO public.modulos (id,descricao,idmodcoresso,idacao) VALUES
	 (153,'Histórico Escolar - Inclusão',56,2),
	 (154,'Histórico Escolar - Exclusão',56,3),
	 (155,'Histórico Escolar - Alteração',56,4),
	 (156,'Relatório Faltas e Frequência - Consulta',29,1),
	 (157,'Pendências do Fechamento - Consulta',29,1),
	 (158,'Pendências do Fechamento - Consulta',29,1),
	 (159,'Diario de Bordo - Consulta',57,1),
	 (160,'Diario de Bordo - Inclusao',57,2),
	 (161,'Diario de Bordo - Exclusao',57,3),
	 (162,'Diario de Bordo - Alteracao',57,4);
INSERT INTO public.modulos (id,descricao,idmodcoresso,idacao) VALUES
	 (163,'Carta de Intencoes - Consulta',58,1),
	 (164,'Carta de Intencoes - Inclusao',58,2),
	 (165,'Carta de Intencoes - Exclusao',58,3),
	 (166,'Carta de Intencoes - Alteracao',58,4),
	 (167,'Devolutiva - Consulta',59,1),
	 (168,'Devolutiva - Inclusao',59,2),
	 (169,'Devolutiva - Exclusao',59,3),
	 (170,'Devolutiva - Alteracao',59,4),
	 (171,'Notas e Conceitos Finais - Consulta',29,1),
	 (172,'Compensacao Ausencia - Consulta',29,1);
INSERT INTO public.modulos (id,descricao,idmodcoresso,idacao) VALUES
	 (104,'Aulas dadas X Aulas Previstas - Inclusão',44,2),
	 (105,'Aulas dadas X Aulas Previstas - Alteração',44,4),
	 (106,'Aulas dadas X Aulas Previstas - Consulta',44,1),
	 (107,'Aulas dadas X Aulas Previstas - Exclusão',44,3),
	 (111,'Registro POA - Exclusão',41,4),
	 (108,'Registro POA - Inclusão',41,2),
	 (109,'Registro POA - Alteração',41,4),
	 (110,'Registro POA - Consulta',41,1),
	 (173,'Relatório de Controle de Grade - Consulta',60,1),
	 (174,'Relatório de Controle de Grade - Inclusao',60,2);
INSERT INTO public.modulos (id,descricao,idmodcoresso,idacao) VALUES
	 (175,'Relatório de Controle de Grade - Exclusao',60,3),
	 (176,'Relatório de Controle de Grade - Alteracao',60,4),
	 (177,'Documentos e Planos de Trabalho - Consulta',61,1),
	 (178,'Documentos e Planos de Trabalho - Inclusao',61,2),
	 (179,'Documentos e Planos de Trabalho - Exclusao',61,3),
	 (180,'Documentos e Planos de Trabalho - Alteracao',61,4),
	 (182,'Relatório de Usuários - Consulta',63,1),
	 (181,'Dashboard Escola aqui - Consulta',62,1),
	 (183,'Relatório de Notificações - Consulta',64,1),
	 (184,'Relatório de Alteração de Notas - Consulta',65,1);
INSERT INTO public.modulos (id,descricao,idmodcoresso,idacao) VALUES
	 (185,'Relatório de Leitura - Consulta',66,1),
	 (186,'Relatório Atribuicao CJ - Consulta',29,1),
	 (187,'Relatório de Adesão - Consulta',67,1),
	 (188,'Relatório de Planejamento Diário',68,1),
	 (189,'Registro Individual - Consulta',69,1),
	 (190,'Registro Individual - Inclusão',69,2),
	 (191,'Registro Individual - Exclusao',69,3),
	 (192,'Registro Individual - Alteração',69,4),
	 (197,'Encaminhamento AEE - Consulta',71,1),
	 (198,'Encaminhamento AEE - Inclusao',71,2);
INSERT INTO public.modulos (id,descricao,idmodcoresso,idacao) VALUES
	 (199,'Encaminhamento AEE - Exclusao',71,3),
	 (200,'Encaminhamento AEE - Alteracao',71,4),
	 (193,'Ocorrências - Consulta ',70,1),
	 (194,'Ocorrências - Inclusão ',70,2),
	 (195,'Ocorrências - Exclusão ',70,3),
	 (196,'Ocorrências - Alteração ',70,4),
	 (201,'Acompanhamento de frequência - Consulta ',72,1),
	 (202,'Plano AEE - Consulta',73,1),
	 (203,'Plano AEE - Inclusao',73,2),
	 (204,'Plano AEE - Exclusao',73,3);
INSERT INTO public.modulos (id,descricao,idmodcoresso,idacao) VALUES
	 (205,'Plano AEE - Alteracao',73,4),
	 (206,'Registro de Itinerância - Consulta',74,1),
	 (207,'Registro de Itinerância - Inclusao',74,2),
	 (208,'Registro de Itinerância - Exclusao',74,3),
	 (209,'Registro de Itinerância - Alteracao',74,4),
	 (210,'Relatório de Acompanhamento da Aprendizagem - Consulta',75,1),
	 (211,'Relatório de Acompanhamento da Aprendizagem - Inclusao',75,2),
	 (212,'Relatório de Acompanhamento da Aprendizagem - Exclusao',75,3),
	 (213,'Relatório de Acompanhamento da Aprendizagem - Alteracao',75,4),
	 (214,'Relatorio de Devolutiva - Consulta',76,1);
INSERT INTO public.modulos (id,descricao,idmodcoresso,idacao) VALUES
	 (215,'Dashboard AEE - Consulta',77,1),
	 (216,'Dashboard Registro de Itinerância - Consulta',78,1),
	 (217,'Dashboard Frequência - Consulta',77,1);


INSERT INTO public.componentecurricularpap (id) VALUES
	 (1322),
	 (1033),
	 (1051),
	 (1052),
	 (1053),
	 (1054);

INSERT INTO public.grupocargos (idgrupo,cargo) VALUES
	 (1,4906),
	 (3,3239),
	 (3,3255),
	 (3,3263),
	 (3,3271),
	 (3,3280),
	 (3,3298),
	 (3,3301),
	 (3,3336),
	 (3,3344);
INSERT INTO public.grupocargos (idgrupo,cargo) VALUES
	 (3,3840),
	 (3,3859),
	 (3,3867),
	 (3,3874),
	 (3,3883),
	 (3,3884),
	 (4,3239),
	 (4,3255),
	 (4,3263),
	 (4,3271);
INSERT INTO public.grupocargos (idgrupo,cargo) VALUES
	 (4,3280),
	 (4,3298),
	 (4,3301),
	 (4,3336),
	 (4,3344),
	 (4,3840),
	 (4,3859),
	 (4,3867),
	 (4,3874),
	 (4,3883);
INSERT INTO public.grupocargos (idgrupo,cargo) VALUES
	 (4,3884),
	 (5,3239),
	 (5,3255),
	 (5,3263),
	 (5,3271),
	 (5,3280),
	 (5,3298),
	 (5,3301),
	 (5,3336),
	 (5,3344);
INSERT INTO public.grupocargos (idgrupo,cargo) VALUES
	 (5,3840),
	 (5,3859),
	 (5,3867),
	 (5,3874),
	 (5,3883),
	 (5,3884),
	 (6,3239),
	 (6,3255),
	 (6,3263),
	 (6,3271);
INSERT INTO public.grupocargos (idgrupo,cargo) VALUES
	 (6,3280),
	 (6,3298),
	 (6,3301),
	 (6,3336),
	 (6,3344),
	 (6,3840),
	 (6,3859),
	 (6,3867),
	 (6,3874),
	 (6,3883);
INSERT INTO public.grupocargos (idgrupo,cargo) VALUES
	 (6,3884),
	 (7,3239),
	 (7,3255),
	 (7,3263),
	 (7,3271),
	 (7,3280),
	 (7,3298),
	 (7,3301),
	 (7,3336),
	 (7,3344);
INSERT INTO public.grupocargos (idgrupo,cargo) VALUES
	 (7,3840),
	 (7,3859),
	 (7,3867),
	 (7,3874),
	 (7,3883),
	 (7,3884),
	 (9,3182),
	 (10,3379),
	 (11,3085),
	 (12,3360);
INSERT INTO public.grupocargos (idgrupo,cargo) VALUES
	 (20,3352),
	 (21,433),
	 (21,434),
	 (37,3352),
	 (22,3000),
	 (34,3239),
	 (34,3255),
	 (34,3263),
	 (34,3271),
	 (34,3280);
INSERT INTO public.grupocargos (idgrupo,cargo) VALUES
	 (34,3298),
	 (34,3301),
	 (34,3336),
	 (34,3344),
	 (34,3840),
	 (34,3859),
	 (34,3867),
	 (34,3874),
	 (34,3883),
	 (34,3884);
INSERT INTO public.grupocargos (idgrupo,cargo) VALUES
	 (35,3239),
	 (35,3255),
	 (35,3263),
	 (35,3271),
	 (35,3280),
	 (35,3298),
	 (35,3301),
	 (35,3336),
	 (35,3344),
	 (35,3840);
INSERT INTO public.grupocargos (idgrupo,cargo) VALUES
	 (35,3859),
	 (35,3867),
	 (35,3874),
	 (35,3883),
	 (35,3884),
	 (36,3239),
	 (36,3255),
	 (36,3263),
	 (36,3271),
	 (36,3280);
INSERT INTO public.grupocargos (idgrupo,cargo) VALUES
	 (36,3298),
	 (36,3301),
	 (36,3336),
	 (36,3344),
	 (36,3840),
	 (36,3859),
	 (36,3867),
	 (36,3874),
	 (36,3883),
	 (36,3884);
INSERT INTO public.grupocargos (idgrupo,cargo) VALUES
	 (3,3310),
	 (4,3310),
	 (5,3310),
	 (6,3310),
	 (7,3310),
	 (34,3310),
	 (35,3310),
	 (36,3310),
	 (3,3131),
	 (4,3131);
INSERT INTO public.grupocargos (idgrupo,cargo) VALUES
	 (5,3131),
	 (6,3131),
	 (7,3131),
	 (34,3131),
	 (35,3131),
	 (36,3131),
	 (3,3212),
	 (4,3212),
	 (5,3212),
	 (6,3212);
INSERT INTO public.grupocargos (idgrupo,cargo) VALUES
	 (7,3212),
	 (34,3212),
	 (35,3212),
	 (36,3212),
	 (3,3213),
	 (4,3213),
	 (5,3213),
	 (6,3213),
	 (7,3213),
	 (34,3213);
INSERT INTO public.grupocargos (idgrupo,cargo) VALUES
	 (35,3213),
	 (36,3213),
	 (3,3220),
	 (4,3220),
	 (5,3220),
	 (6,3220),
	 (7,3220),
	 (34,3220),
	 (35,3220),
	 (36,3220);
INSERT INTO public.grupocargos (idgrupo,cargo) VALUES
	 (3,3247),
	 (4,3247),
	 (5,3247),
	 (6,3247),
	 (7,3247),
	 (34,3247),
	 (35,3247),
	 (36,3247),
	 (3,3395),
	 (4,3395);
INSERT INTO public.grupocargos (idgrupo,cargo) VALUES
	 (5,3395),
	 (6,3395),
	 (7,3395),
	 (34,3395),
	 (35,3395),
	 (36,3395),
	 (3,3425),
	 (4,3425),
	 (5,3425),
	 (6,3425);
INSERT INTO public.grupocargos (idgrupo,cargo) VALUES
	 (7,3425),
	 (34,3425),
	 (35,3425),
	 (36,3425),
	 (3,3433),
	 (4,3433),
	 (5,3433),
	 (6,3433),
	 (7,3433),
	 (34,3433);
INSERT INTO public.grupocargos (idgrupo,cargo) VALUES
	 (35,3433),
	 (36,3433),
	 (3,3450),
	 (4,3450),
	 (5,3450),
	 (6,3450),
	 (7,3450),
	 (34,3450),
	 (35,3450),
	 (36,3450);
INSERT INTO public.grupocargos (idgrupo,cargo) VALUES
	 (3,3816),
	 (4,3816),
	 (5,3816),
	 (6,3816),
	 (7,3816),
	 (34,3816),
	 (35,3816),
	 (36,3816),
	 (3,3875),
	 (4,3875);
INSERT INTO public.grupocargos (idgrupo,cargo) VALUES
	 (5,3875),
	 (6,3875),
	 (7,3875),
	 (34,3875),
	 (35,3875),
	 (36,3875),
	 (3,3877),
	 (4,3877),
	 (5,3877),
	 (6,3877);
INSERT INTO public.grupocargos (idgrupo,cargo) VALUES
	 (7,3877),
	 (34,3877),
	 (35,3877),
	 (36,3877),
	 (3,3880),
	 (4,3880),
	 (5,3880),
	 (6,3880),
	 (7,3880),
	 (34,3880);
INSERT INTO public.grupocargos (idgrupo,cargo) VALUES
	 (35,3880),
	 (36,3880),
	 (2,3239),
	 (2,3255),
	 (2,3263),
	 (2,3271),
	 (2,3280),
	 (2,3298),
	 (2,3301),
	 (2,3336);
INSERT INTO public.grupocargos (idgrupo,cargo) VALUES
	 (2,3344),
	 (2,3840),
	 (2,3859),
	 (2,3867),
	 (2,3874),
	 (2,3883),
	 (2,3884),
	 (2,3310),
	 (2,3131),
	 (2,3212);
INSERT INTO public.grupocargos (idgrupo,cargo) VALUES
	 (2,3213),
	 (2,3220),
	 (2,3247),
	 (2,3395),
	 (2,3425),
	 (2,3433),
	 (2,3450),
	 (2,3816),
	 (2,3875),
	 (2,3877);
INSERT INTO public.grupocargos (idgrupo,cargo) VALUES
	 (2,3880),
	 (39,3239),
	 (39,3255),
	 (39,3263),
	 (39,3271),
	 (39,3280),
	 (39,3298),
	 (39,3301),
	 (39,3336),
	 (39,3344);
INSERT INTO public.grupocargos (idgrupo,cargo) VALUES
	 (39,3840),
	 (39,3859),
	 (39,3867),
	 (39,3874),
	 (39,3883),
	 (39,3884),
	 (39,3310),
	 (39,3131),
	 (39,3212),
	 (39,3213);
INSERT INTO public.grupocargos (idgrupo,cargo) VALUES
	 (39,3220),
	 (39,3247),
	 (39,3395),
	 (39,3425),
	 (39,3433),
	 (39,3450),
	 (39,3816),
	 (39,3875),
	 (39,3877),
	 (39,3880);
INSERT INTO public.grupocargos (idgrupo,cargo) VALUES
	 (40,3239),
	 (40,3255),
	 (40,3263),
	 (40,3271),
	 (40,3280),
	 (40,3298),
	 (40,3301),
	 (40,3336),
	 (40,3344),
	 (40,3840);
INSERT INTO public.grupocargos (idgrupo,cargo) VALUES
	 (40,3859),
	 (40,3867),
	 (40,3874),
	 (40,3883),
	 (40,3884),
	 (40,3310),
	 (40,3131),
	 (40,3212),
	 (40,3213),
	 (40,3220);
INSERT INTO public.grupocargos (idgrupo,cargo) VALUES
	 (40,3247),
	 (40,3395),
	 (40,3425),
	 (40,3433),
	 (40,3450),
	 (40,3816),
	 (40,3875),
	 (40,3877),
	 (40,3880),
	 (16,3131);
INSERT INTO public.grupocargos (idgrupo,cargo) VALUES
	 (16,3212),
	 (16,3213),
	 (16,3220),
	 (16,3239),
	 (16,3247),
	 (16,3255),
	 (16,3263),
	 (16,3271),
	 (16,3280),
	 (16,3298);
INSERT INTO public.grupocargos (idgrupo,cargo) VALUES
	 (16,3301),
	 (16,3310),
	 (16,3336),
	 (16,3344),
	 (16,3395),
	 (16,3425),
	 (16,3433),
	 (16,3450),
	 (16,3816),
	 (16,3840);
INSERT INTO public.grupocargos (idgrupo,cargo) VALUES
	 (16,3859),
	 (16,3867),
	 (16,3874),
	 (16,3875),
	 (16,3877),
	 (16,3880),
	 (16,3883),
	 (16,3884);
	 
INSERT INTO public.parametros (nome,valor) VALUES
	 ('tokenLimpaCache','ecdafa20-e056-4e80-a234-cfe17d5451eb'),
	 ('codigos_componentes_cj','514,526,527,528,529,530,531,532,533'),
	 ('codigos_componentes_pap','1322,1033,1051,1052,1053,1054'),
	 ('codigos_funcao_atividade_paee_poa_poei','6,1042,1044,1045,36'),
	 ('codigos_componentes_cj_infantil','509'),
	 ('tipo_escola_infantil_sgp','2,17,28,30,31'),
	 ('serie_ensino_sgp','{ "1": [23,24,25,26,116,117,118,119,225,297], "3": [], "5": [], "6": [] }'),
	 ('tipos_escola_modalidade','{ "1": [2,4,17,28,30,31], "3": [1,3,4,16], "5": [1,3,4,16], "6": [3,4] }'),
	 ('etapas_por_modalidade','{ "1": [1, 10], "3": [3, 11], "5": [4, 5, 12, 13], "6": [6, 7, 8, 9, 14, 17] }'),
	 ('cargos_professor_infantil_fundamental','3239,3247');
INSERT INTO public.parametros (nome,valor) VALUES
	 ('tipo_escola_sgp','1,2,3,4,10,11,12,13,14,15,16,17,18,19,22,23,25,26,27,28,29,30,31');

INSERT INTO public.permissoes (idgrupo,idmodulo) VALUES
	 (1,5),
	 (1,10),
	 (1,210),
	 (1,26),
	 (1,38),
	 (1,39),
	 (1,41),
	 (1,40),
	 (1,48),
	 (1,49);
INSERT INTO public.permissoes (idgrupo,idmodulo) VALUES
	 (1,51),
	 (1,50),
	 (2,9),
	 (2,10),
	 (2,26),
	 (2,34),
	 (2,48),
	 (2,49),
	 (2,51),
	 (2,50);
INSERT INTO public.permissoes (idgrupo,idmodulo) VALUES
	 (2,46),
	 (2,38),
	 (2,39),
	 (2,41),
	 (2,40),
	 (41,210),
	 (3,5),
	 (3,18),
	 (3,19),
	 (3,21);
INSERT INTO public.permissoes (idgrupo,idmodulo) VALUES
	 (3,20),
	 (3,9),
	 (2,210),
	 (3,210),
	 (39,210),
	 (39,211),
	 (3,22),
	 (3,23),
	 (3,25),
	 (3,24);
INSERT INTO public.permissoes (idgrupo,idmodulo) VALUES
	 (3,26),
	 (3,27),
	 (3,29),
	 (3,28),
	 (3,30),
	 (3,31),
	 (3,33),
	 (3,32),
	 (3,34),
	 (3,35);
INSERT INTO public.permissoes (idgrupo,idmodulo) VALUES
	 (3,37),
	 (3,36),
	 (3,38),
	 (3,39),
	 (3,41),
	 (3,40),
	 (3,48),
	 (3,49),
	 (3,51),
	 (3,50);
INSERT INTO public.permissoes (idgrupo,idmodulo) VALUES
	 (3,46),
	 (3,60),
	 (3,61),
	 (3,63),
	 (3,62),
	 (3,112),
	 (39,212),
	 (4,5),
	 (4,18),
	 (4,19);
INSERT INTO public.permissoes (idgrupo,idmodulo) VALUES
	 (4,21),
	 (4,20),
	 (4,9),
	 (39,213),
	 (40,210),
	 (40,211),
	 (40,212),
	 (4,22),
	 (4,23),
	 (4,25);
INSERT INTO public.permissoes (idgrupo,idmodulo) VALUES
	 (4,24),
	 (4,26),
	 (4,27),
	 (4,29),
	 (4,28),
	 (4,30),
	 (4,31),
	 (4,33),
	 (4,32),
	 (4,34);
INSERT INTO public.permissoes (idgrupo,idmodulo) VALUES
	 (4,35),
	 (4,37),
	 (4,36),
	 (4,38),
	 (4,39),
	 (4,41),
	 (4,40),
	 (4,48),
	 (4,49),
	 (4,51);
INSERT INTO public.permissoes (idgrupo,idmodulo) VALUES
	 (4,50),
	 (4,46),
	 (4,60),
	 (4,61),
	 (4,63),
	 (4,62),
	 (4,112),
	 (4,116),
	 (4,117),
	 (4,119);
INSERT INTO public.permissoes (idgrupo,idmodulo) VALUES
	 (4,118),
	 (4,120),
	 (40,213),
	 (5,5),
	 (5,18),
	 (5,19),
	 (5,21),
	 (5,20),
	 (5,9),
	 (8,210);
INSERT INTO public.permissoes (idgrupo,idmodulo) VALUES
	 (10,211),
	 (10,212),
	 (10,213),
	 (5,22),
	 (5,23),
	 (5,25),
	 (5,24),
	 (5,26),
	 (5,27),
	 (5,29);
INSERT INTO public.permissoes (idgrupo,idmodulo) VALUES
	 (5,28),
	 (5,30),
	 (5,31),
	 (5,33),
	 (5,32),
	 (5,34),
	 (5,35),
	 (5,37),
	 (5,36),
	 (5,38);
INSERT INTO public.permissoes (idgrupo,idmodulo) VALUES
	 (5,39),
	 (5,41),
	 (5,40),
	 (5,48),
	 (5,49),
	 (5,51),
	 (5,50),
	 (5,46),
	 (5,56),
	 (5,57);
INSERT INTO public.permissoes (idgrupo,idmodulo) VALUES
	 (5,59),
	 (5,58),
	 (5,60),
	 (5,61),
	 (5,63),
	 (5,62),
	 (5,112),
	 (11,211),
	 (11,212),
	 (34,30);
INSERT INTO public.permissoes (idgrupo,idmodulo) VALUES
	 (34,22),
	 (11,213),
	 (34,60),
	 (34,112),
	 (12,211),
	 (12,212),
	 (12,213),
	 (8,30),
	 (35,30),
	 (35,31);
INSERT INTO public.permissoes (idgrupo,idmodulo) VALUES
	 (35,33),
	 (35,32),
	 (35,104),
	 (35,105),
	 (35,107),
	 (35,106),
	 (35,34),
	 (35,35),
	 (35,37),
	 (35,36);
INSERT INTO public.permissoes (idgrupo,idmodulo) VALUES
	 (35,26),
	 (35,27),
	 (35,29),
	 (35,28),
	 (35,60),
	 (35,61),
	 (35,63),
	 (35,62),
	 (8,22),
	 (8,112);
INSERT INTO public.permissoes (idgrupo,idmodulo) VALUES
	 (8,110),
	 (8,92),
	 (36,30),
	 (36,31),
	 (36,33),
	 (36,32),
	 (36,104),
	 (36,105),
	 (36,107),
	 (36,106);
INSERT INTO public.permissoes (idgrupo,idmodulo) VALUES
	 (36,34),
	 (36,35),
	 (36,37),
	 (36,36),
	 (36,26),
	 (36,27),
	 (36,29),
	 (36,28),
	 (36,60),
	 (36,61);
INSERT INTO public.permissoes (idgrupo,idmodulo) VALUES
	 (36,63),
	 (36,62),
	 (6,1),
	 (6,2),
	 (6,4),
	 (6,3),
	 (6,5),
	 (6,18),
	 (6,19),
	 (6,21);
INSERT INTO public.permissoes (idgrupo,idmodulo) VALUES
	 (6,20),
	 (6,9),
	 (8,140),
	 (8,141),
	 (8,142),
	 (8,143),
	 (6,22),
	 (6,23),
	 (6,25),
	 (6,24);
INSERT INTO public.permissoes (idgrupo,idmodulo) VALUES
	 (6,26),
	 (6,27),
	 (6,29),
	 (6,28),
	 (6,30),
	 (6,31),
	 (6,33),
	 (6,32),
	 (6,34),
	 (6,35);
INSERT INTO public.permissoes (idgrupo,idmodulo) VALUES
	 (6,37),
	 (6,36),
	 (6,38),
	 (6,39),
	 (6,41),
	 (6,40),
	 (6,48),
	 (6,49),
	 (6,51),
	 (6,50);
INSERT INTO public.permissoes (idgrupo,idmodulo) VALUES
	 (6,46),
	 (6,60),
	 (6,61),
	 (6,63),
	 (6,62),
	 (6,112),
	 (6,113),
	 (6,115),
	 (6,114),
	 (6,124);
INSERT INTO public.permissoes (idgrupo,idmodulo) VALUES
	 (6,116),
	 (6,117),
	 (6,119),
	 (6,118),
	 (6,120),
	 (6,128),
	 (8,152),
	 (8,181),
	 (8,193),
	 (8,177);
INSERT INTO public.permissoes (idgrupo,idmodulo) VALUES
	 (8,189),
	 (16,11),
	 (16,12),
	 (16,13),
	 (7,5),
	 (7,18),
	 (7,19),
	 (7,21),
	 (7,20),
	 (7,9);
INSERT INTO public.permissoes (idgrupo,idmodulo) VALUES
	 (17,11),
	 (17,12),
	 (17,13),
	 (16,88),
	 (7,22),
	 (7,23),
	 (7,25),
	 (7,24),
	 (7,26),
	 (7,27);
INSERT INTO public.permissoes (idgrupo,idmodulo) VALUES
	 (7,29),
	 (7,28),
	 (7,30),
	 (7,31),
	 (7,33),
	 (7,32),
	 (7,34),
	 (7,35),
	 (7,37),
	 (7,36);
INSERT INTO public.permissoes (idgrupo,idmodulo) VALUES
	 (7,38),
	 (7,41),
	 (7,40),
	 (7,48),
	 (7,49),
	 (7,51),
	 (7,50),
	 (7,46),
	 (7,60),
	 (7,61);
INSERT INTO public.permissoes (idgrupo,idmodulo) VALUES
	 (7,63),
	 (7,62),
	 (7,112),
	 (7,124),
	 (7,128),
	 (16,89),
	 (8,9),
	 (8,10),
	 (16,90),
	 (8,26);
INSERT INTO public.permissoes (idgrupo,idmodulo) VALUES
	 (8,34),
	 (8,48),
	 (8,49),
	 (8,51),
	 (8,50),
	 (8,46),
	 (8,38),
	 (8,39),
	 (8,41),
	 (8,40);
INSERT INTO public.permissoes (idgrupo,idmodulo) VALUES
	 (8,68),
	 (8,72),
	 (8,73),
	 (8,75),
	 (8,74),
	 (8,76),
	 (8,77),
	 (8,79),
	 (8,78),
	 (8,88);
INSERT INTO public.permissoes (idgrupo,idmodulo) VALUES
	 (8,89),
	 (8,91),
	 (8,90),
	 (8,60),
	 (8,124),
	 (8,116),
	 (8,120),
	 (8,128),
	 (16,91),
	 (9,5);
INSERT INTO public.permissoes (idgrupo,idmodulo) VALUES
	 (9,9),
	 (9,10),
	 (17,89),
	 (9,22),
	 (17,90),
	 (17,91),
	 (43,140),
	 (43,141),
	 (43,142),
	 (9,26);
INSERT INTO public.permissoes (idgrupo,idmodulo) VALUES
	 (9,34),
	 (9,48),
	 (9,49),
	 (9,51),
	 (9,50),
	 (9,46),
	 (9,38),
	 (9,39),
	 (9,41),
	 (9,40);
INSERT INTO public.permissoes (idgrupo,idmodulo) VALUES
	 (9,68),
	 (9,72),
	 (9,76),
	 (9,88),
	 (9,60),
	 (9,112),
	 (9,124),
	 (9,128),
	 (10,1),
	 (10,2);
INSERT INTO public.permissoes (idgrupo,idmodulo) VALUES
	 (10,4),
	 (10,3),
	 (10,5),
	 (10,18),
	 (10,9),
	 (10,10),
	 (42,10),
	 (10,22),
	 (10,26),
	 (10,27);
INSERT INTO public.permissoes (idgrupo,idmodulo) VALUES
	 (10,29),
	 (10,28),
	 (10,30),
	 (10,34),
	 (10,38),
	 (10,39),
	 (10,41),
	 (10,40),
	 (10,48),
	 (10,49);
INSERT INTO public.permissoes (idgrupo,idmodulo) VALUES
	 (10,51),
	 (10,50),
	 (10,46),
	 (10,68),
	 (10,72),
	 (10,76),
	 (10,88),
	 (10,56),
	 (10,57),
	 (10,112);
INSERT INTO public.permissoes (idgrupo,idmodulo) VALUES
	 (10,113),
	 (10,115),
	 (10,114),
	 (10,124),
	 (10,116),
	 (10,117),
	 (10,119),
	 (10,118),
	 (10,120),
	 (10,128);
INSERT INTO public.permissoes (idgrupo,idmodulo) VALUES
	 (10,129),
	 (10,131),
	 (10,130),
	 (11,1),
	 (11,2),
	 (11,4),
	 (11,3),
	 (11,5),
	 (11,18),
	 (11,9);
INSERT INTO public.permissoes (idgrupo,idmodulo) VALUES
	 (11,10),
	 (42,68),
	 (11,22),
	 (11,26),
	 (11,30),
	 (11,34),
	 (11,38),
	 (11,39),
	 (11,41),
	 (11,40);
INSERT INTO public.permissoes (idgrupo,idmodulo) VALUES
	 (11,48),
	 (11,49),
	 (11,51),
	 (11,50),
	 (11,46),
	 (11,68),
	 (11,72),
	 (11,73),
	 (11,75),
	 (11,74);
INSERT INTO public.permissoes (idgrupo,idmodulo) VALUES
	 (11,76),
	 (11,77),
	 (11,79),
	 (11,78),
	 (11,88),
	 (11,89),
	 (11,91),
	 (11,90),
	 (11,56),
	 (11,57);
INSERT INTO public.permissoes (idgrupo,idmodulo) VALUES
	 (11,60),
	 (11,112),
	 (11,113),
	 (11,115),
	 (11,114),
	 (11,124),
	 (11,116),
	 (11,120),
	 (11,128),
	 (11,129);
INSERT INTO public.permissoes (idgrupo,idmodulo) VALUES
	 (11,131),
	 (11,130),
	 (12,1),
	 (42,72),
	 (42,76),
	 (42,84),
	 (12,5),
	 (12,18),
	 (12,9),
	 (12,10);
INSERT INTO public.permissoes (idgrupo,idmodulo) VALUES
	 (42,140),
	 (12,22),
	 (12,26),
	 (12,27),
	 (12,30),
	 (12,34),
	 (12,38),
	 (12,39),
	 (12,41),
	 (12,40);
INSERT INTO public.permissoes (idgrupo,idmodulo) VALUES
	 (12,48),
	 (12,49),
	 (12,51),
	 (12,50),
	 (12,46),
	 (12,47),
	 (12,68),
	 (12,72),
	 (12,73),
	 (12,75);
INSERT INTO public.permissoes (idgrupo,idmodulo) VALUES
	 (12,74),
	 (12,76),
	 (12,77),
	 (12,79),
	 (12,78),
	 (12,88),
	 (12,89),
	 (12,91),
	 (12,90),
	 (12,92);
INSERT INTO public.permissoes (idgrupo,idmodulo) VALUES
	 (12,93),
	 (12,95),
	 (12,94),
	 (12,56),
	 (12,57),
	 (12,60),
	 (12,112),
	 (12,113),
	 (12,115),
	 (12,114);
INSERT INTO public.permissoes (idgrupo,idmodulo) VALUES
	 (12,124),
	 (12,116),
	 (12,120),
	 (12,128),
	 (12,129),
	 (12,131),
	 (12,130),
	 (42,141),
	 (13,5),
	 (13,9);
INSERT INTO public.permissoes (idgrupo,idmodulo) VALUES
	 (13,10),
	 (42,142),
	 (13,22),
	 (13,26),
	 (13,30),
	 (13,34),
	 (13,38),
	 (13,39),
	 (13,41),
	 (13,40);
INSERT INTO public.permissoes (idgrupo,idmodulo) VALUES
	 (13,48),
	 (13,49),
	 (13,51),
	 (13,50),
	 (13,46),
	 (13,68),
	 (13,72),
	 (13,76),
	 (13,88),
	 (13,60);
INSERT INTO public.permissoes (idgrupo,idmodulo) VALUES
	 (13,124),
	 (13,128),
	 (14,1),
	 (14,5),
	 (14,18),
	 (14,9),
	 (14,10),
	 (42,143),
	 (14,22),
	 (14,26);
INSERT INTO public.permissoes (idgrupo,idmodulo) VALUES
	 (14,27),
	 (14,30),
	 (14,34),
	 (14,38),
	 (14,39),
	 (14,41),
	 (14,40),
	 (14,48),
	 (14,49),
	 (14,51);
INSERT INTO public.permissoes (idgrupo,idmodulo) VALUES
	 (14,50),
	 (14,46),
	 (14,47),
	 (14,68),
	 (14,72),
	 (14,73),
	 (14,75),
	 (14,74),
	 (14,76),
	 (14,77);
INSERT INTO public.permissoes (idgrupo,idmodulo) VALUES
	 (14,79),
	 (14,78),
	 (14,88),
	 (14,89),
	 (14,91),
	 (14,90),
	 (14,92),
	 (14,96),
	 (14,97),
	 (14,99);
INSERT INTO public.permissoes (idgrupo,idmodulo) VALUES
	 (14,98),
	 (14,56),
	 (14,57),
	 (14,60),
	 (14,112),
	 (14,113),
	 (14,124),
	 (14,116),
	 (14,120),
	 (14,128);
INSERT INTO public.permissoes (idgrupo,idmodulo) VALUES
	 (15,1),
	 (15,5),
	 (15,9),
	 (15,10),
	 (42,181),
	 (15,22),
	 (15,26),
	 (15,30),
	 (15,34),
	 (15,38);
INSERT INTO public.permissoes (idgrupo,idmodulo) VALUES
	 (15,39),
	 (15,41),
	 (15,40),
	 (15,48),
	 (15,49),
	 (15,51),
	 (15,50),
	 (15,46),
	 (15,68),
	 (15,72);
INSERT INTO public.permissoes (idgrupo,idmodulo) VALUES
	 (15,76),
	 (15,88),
	 (15,96),
	 (15,56),
	 (15,60),
	 (15,112),
	 (15,113),
	 (15,124),
	 (15,116),
	 (15,120);
INSERT INTO public.permissoes (idgrupo,idmodulo) VALUES
	 (15,128),
	 (42,38),
	 (16,5),
	 (16,9),
	 (16,10),
	 (42,39),
	 (16,22),
	 (16,26),
	 (16,30),
	 (16,34);
INSERT INTO public.permissoes (idgrupo,idmodulo) VALUES
	 (16,38),
	 (16,39),
	 (16,41),
	 (16,40),
	 (16,48),
	 (16,49),
	 (16,51),
	 (16,50),
	 (16,46),
	 (16,68);
INSERT INTO public.permissoes (idgrupo,idmodulo) VALUES
	 (16,72),
	 (16,76),
	 (16,96),
	 (16,60),
	 (16,112),
	 (16,124),
	 (16,128),
	 (42,40),
	 (17,5),
	 (17,9);
INSERT INTO public.permissoes (idgrupo,idmodulo) VALUES
	 (17,10),
	 (42,41),
	 (17,22),
	 (17,26),
	 (17,30),
	 (17,34),
	 (17,38),
	 (17,39),
	 (17,41),
	 (17,40);
INSERT INTO public.permissoes (idgrupo,idmodulo) VALUES
	 (17,48),
	 (17,49),
	 (17,51),
	 (17,50),
	 (17,46),
	 (17,68),
	 (17,72),
	 (17,76),
	 (17,88),
	 (17,96);
INSERT INTO public.permissoes (idgrupo,idmodulo) VALUES
	 (17,56),
	 (17,60),
	 (17,112),
	 (17,124),
	 (17,116),
	 (17,120),
	 (17,128),
	 (42,48),
	 (18,5),
	 (18,9);
INSERT INTO public.permissoes (idgrupo,idmodulo) VALUES
	 (18,10),
	 (42,49),
	 (18,22),
	 (18,26),
	 (18,30),
	 (18,34),
	 (18,38),
	 (18,39),
	 (18,41),
	 (18,40);
INSERT INTO public.permissoes (idgrupo,idmodulo) VALUES
	 (18,48),
	 (18,49),
	 (18,51),
	 (18,50),
	 (18,46),
	 (18,68),
	 (18,72),
	 (18,76),
	 (18,88),
	 (18,96);
INSERT INTO public.permissoes (idgrupo,idmodulo) VALUES
	 (18,56),
	 (18,60),
	 (18,112),
	 (18,124),
	 (18,116),
	 (18,120),
	 (18,128),
	 (42,50),
	 (19,5),
	 (19,9);
INSERT INTO public.permissoes (idgrupo,idmodulo) VALUES
	 (19,10),
	 (42,51),
	 (19,22),
	 (19,26),
	 (19,27),
	 (19,30),
	 (19,34),
	 (19,38),
	 (43,143),
	 (19,39);
INSERT INTO public.permissoes (idgrupo,idmodulo) VALUES
	 (19,41),
	 (19,40),
	 (19,48),
	 (19,49),
	 (19,51),
	 (19,50),
	 (19,46),
	 (19,68),
	 (19,72),
	 (19,76);
INSERT INTO public.permissoes (idgrupo,idmodulo) VALUES
	 (19,88),
	 (19,96),
	 (19,56),
	 (19,60),
	 (19,112),
	 (19,124),
	 (19,116),
	 (19,120),
	 (19,128),
	 (8,187);
INSERT INTO public.permissoes (idgrupo,idmodulo) VALUES
	 (20,5),
	 (20,9),
	 (20,10),
	 (3,201),
	 (20,22),
	 (20,26),
	 (20,27),
	 (20,30),
	 (20,34),
	 (20,38);
INSERT INTO public.permissoes (idgrupo,idmodulo) VALUES
	 (20,39),
	 (20,41),
	 (20,40),
	 (20,48),
	 (20,49),
	 (20,51),
	 (20,50),
	 (20,46),
	 (20,68),
	 (20,72);
INSERT INTO public.permissoes (idgrupo,idmodulo) VALUES
	 (20,76),
	 (20,88),
	 (20,96),
	 (20,56),
	 (20,57),
	 (20,60),
	 (20,112),
	 (20,124),
	 (20,116),
	 (20,120);
INSERT INTO public.permissoes (idgrupo,idmodulo) VALUES
	 (20,128),
	 (3,193),
	 (21,5),
	 (21,9),
	 (21,10),
	 (43,185),
	 (21,22),
	 (21,26),
	 (21,27),
	 (21,30);
INSERT INTO public.permissoes (idgrupo,idmodulo) VALUES
	 (21,34),
	 (21,38),
	 (21,39),
	 (21,41),
	 (21,40),
	 (21,48),
	 (21,49),
	 (21,51),
	 (21,50),
	 (21,46);
INSERT INTO public.permissoes (idgrupo,idmodulo) VALUES
	 (21,68),
	 (21,72),
	 (21,76),
	 (21,88),
	 (21,96),
	 (21,56),
	 (21,60),
	 (21,112),
	 (21,124),
	 (21,116);
INSERT INTO public.permissoes (idgrupo,idmodulo) VALUES
	 (21,120),
	 (21,128),
	 (43,187),
	 (37,5),
	 (37,9),
	 (37,10),
	 (43,181),
	 (37,22),
	 (37,26),
	 (37,27);
INSERT INTO public.permissoes (idgrupo,idmodulo) VALUES
	 (37,30),
	 (37,34),
	 (37,38),
	 (37,39),
	 (37,41),
	 (37,40),
	 (37,48),
	 (37,49),
	 (37,51),
	 (37,50);
INSERT INTO public.permissoes (idgrupo,idmodulo) VALUES
	 (37,46),
	 (37,68),
	 (37,72),
	 (37,76),
	 (37,88),
	 (37,96),
	 (37,56),
	 (37,57),
	 (37,60),
	 (37,112);
INSERT INTO public.permissoes (idgrupo,idmodulo) VALUES
	 (37,124),
	 (37,116),
	 (37,120),
	 (37,128),
	 (43,38),
	 (22,5),
	 (22,9),
	 (22,10),
	 (43,39),
	 (22,22);
INSERT INTO public.permissoes (idgrupo,idmodulo) VALUES
	 (22,26),
	 (22,30),
	 (22,34),
	 (22,38),
	 (22,39),
	 (22,41),
	 (22,40),
	 (22,48),
	 (22,49),
	 (22,51);
INSERT INTO public.permissoes (idgrupo,idmodulo) VALUES
	 (22,50),
	 (22,46),
	 (22,68),
	 (22,72),
	 (22,76),
	 (22,88),
	 (22,96),
	 (22,60),
	 (22,112),
	 (22,124);
INSERT INTO public.permissoes (idgrupo,idmodulo) VALUES
	 (22,116),
	 (22,120),
	 (22,128),
	 (43,40),
	 (23,5),
	 (23,9),
	 (23,10),
	 (43,41),
	 (23,22),
	 (23,26);
INSERT INTO public.permissoes (idgrupo,idmodulo) VALUES
	 (23,34),
	 (23,38),
	 (23,39),
	 (23,41),
	 (23,40),
	 (23,48),
	 (23,49),
	 (23,51),
	 (23,50),
	 (23,46);
INSERT INTO public.permissoes (idgrupo,idmodulo) VALUES
	 (23,68),
	 (23,72),
	 (23,76),
	 (23,88),
	 (23,96),
	 (23,60),
	 (23,124),
	 (23,116),
	 (23,120),
	 (23,128);
INSERT INTO public.permissoes (idgrupo,idmodulo) VALUES
	 (43,48),
	 (24,5),
	 (24,9),
	 (24,10),
	 (43,49),
	 (24,22),
	 (24,26),
	 (24,27),
	 (24,30),
	 (24,34);
INSERT INTO public.permissoes (idgrupo,idmodulo) VALUES
	 (24,38),
	 (24,39),
	 (24,41),
	 (24,40),
	 (24,48),
	 (24,49),
	 (24,51),
	 (24,50),
	 (24,46),
	 (24,47);
INSERT INTO public.permissoes (idgrupo,idmodulo) VALUES
	 (24,68),
	 (24,72),
	 (24,76),
	 (24,88),
	 (24,96),
	 (24,56),
	 (24,60),
	 (24,112),
	 (24,124),
	 (24,116);
INSERT INTO public.permissoes (idgrupo,idmodulo) VALUES
	 (24,120),
	 (24,128),
	 (1,189),
	 (25,5),
	 (25,9),
	 (25,10),
	 (1,201),
	 (25,22),
	 (25,26),
	 (25,27);
INSERT INTO public.permissoes (idgrupo,idmodulo) VALUES
	 (25,30),
	 (25,34),
	 (25,38),
	 (25,39),
	 (25,41),
	 (25,40),
	 (25,48),
	 (25,49),
	 (25,51),
	 (25,50);
INSERT INTO public.permissoes (idgrupo,idmodulo) VALUES
	 (25,46),
	 (25,68),
	 (25,72),
	 (25,76),
	 (25,88),
	 (25,96),
	 (25,56),
	 (25,60),
	 (25,112),
	 (25,124);
INSERT INTO public.permissoes (idgrupo,idmodulo) VALUES
	 (25,116),
	 (25,120),
	 (25,128),
	 (41,189),
	 (26,5),
	 (26,9),
	 (26,10),
	 (2,189),
	 (26,22),
	 (26,26);
INSERT INTO public.permissoes (idgrupo,idmodulo) VALUES
	 (26,27),
	 (26,30),
	 (26,34),
	 (26,38),
	 (26,39),
	 (26,41),
	 (26,40),
	 (26,48),
	 (26,49),
	 (26,51);
INSERT INTO public.permissoes (idgrupo,idmodulo) VALUES
	 (26,50),
	 (26,46),
	 (26,68),
	 (26,72),
	 (26,76),
	 (26,88),
	 (26,96),
	 (26,56),
	 (26,60),
	 (26,112);
INSERT INTO public.permissoes (idgrupo,idmodulo) VALUES
	 (26,124),
	 (26,116),
	 (26,120),
	 (26,128),
	 (2,201),
	 (27,5),
	 (27,9),
	 (27,10),
	 (2,193),
	 (27,22);
INSERT INTO public.permissoes (idgrupo,idmodulo) VALUES
	 (27,26),
	 (27,27),
	 (27,30),
	 (27,34),
	 (27,38),
	 (27,39),
	 (27,41),
	 (27,40),
	 (27,48),
	 (27,49);
INSERT INTO public.permissoes (idgrupo,idmodulo) VALUES
	 (27,51),
	 (27,50),
	 (27,46),
	 (27,68),
	 (27,72),
	 (27,76),
	 (27,88),
	 (27,96),
	 (27,56),
	 (27,60);
INSERT INTO public.permissoes (idgrupo,idmodulo) VALUES
	 (27,112),
	 (27,113),
	 (27,124),
	 (27,116),
	 (27,120),
	 (27,128),
	 (23,189),
	 (28,5),
	 (28,9),
	 (28,10);
INSERT INTO public.permissoes (idgrupo,idmodulo) VALUES
	 (23,193),
	 (28,22),
	 (28,26),
	 (28,27),
	 (28,30),
	 (28,34),
	 (28,38),
	 (28,39),
	 (28,41),
	 (28,40);
INSERT INTO public.permissoes (idgrupo,idmodulo) VALUES
	 (28,48),
	 (28,49),
	 (28,51),
	 (28,50),
	 (28,46),
	 (28,68),
	 (28,72),
	 (28,76),
	 (28,88),
	 (28,96);
INSERT INTO public.permissoes (idgrupo,idmodulo) VALUES
	 (28,56),
	 (28,60),
	 (28,112),
	 (28,113),
	 (28,124),
	 (28,128),
	 (25,189),
	 (29,5),
	 (29,9),
	 (29,10);
INSERT INTO public.permissoes (idgrupo,idmodulo) VALUES
	 (25,193),
	 (29,22),
	 (29,26),
	 (29,27),
	 (29,30),
	 (29,34),
	 (29,38),
	 (29,39),
	 (29,41),
	 (29,40);
INSERT INTO public.permissoes (idgrupo,idmodulo) VALUES
	 (29,48),
	 (29,49),
	 (29,51),
	 (29,50),
	 (29,46),
	 (29,47),
	 (29,68),
	 (29,72),
	 (29,76),
	 (29,88);
INSERT INTO public.permissoes (idgrupo,idmodulo) VALUES
	 (29,96),
	 (29,56),
	 (29,60),
	 (29,124),
	 (29,128),
	 (30,1),
	 (30,5),
	 (30,9),
	 (30,10),
	 (26,189);
INSERT INTO public.permissoes (idgrupo,idmodulo) VALUES
	 (30,22),
	 (30,26),
	 (30,27),
	 (30,30),
	 (30,34),
	 (30,38),
	 (30,39),
	 (30,41),
	 (30,40),
	 (30,48);
INSERT INTO public.permissoes (idgrupo,idmodulo) VALUES
	 (30,49),
	 (30,51),
	 (30,50),
	 (30,46),
	 (30,68),
	 (30,72),
	 (30,76),
	 (30,88),
	 (30,96),
	 (30,56);
INSERT INTO public.permissoes (idgrupo,idmodulo) VALUES
	 (30,57),
	 (30,60),
	 (30,61),
	 (30,112),
	 (30,113),
	 (30,124),
	 (30,116),
	 (30,120),
	 (30,128),
	 (31,1);
INSERT INTO public.permissoes (idgrupo,idmodulo) VALUES
	 (31,5),
	 (31,18),
	 (31,9),
	 (31,10),
	 (26,193),
	 (31,22),
	 (31,26),
	 (31,30),
	 (31,34),
	 (31,38);
INSERT INTO public.permissoes (idgrupo,idmodulo) VALUES
	 (31,39),
	 (31,41),
	 (31,40),
	 (31,48),
	 (31,49),
	 (31,51),
	 (31,50),
	 (31,46),
	 (31,68),
	 (31,72);
INSERT INTO public.permissoes (idgrupo,idmodulo) VALUES
	 (31,76),
	 (31,88),
	 (31,92),
	 (31,96),
	 (31,56),
	 (31,60),
	 (31,112),
	 (31,124),
	 (31,116),
	 (31,120);
INSERT INTO public.permissoes (idgrupo,idmodulo) VALUES
	 (31,128),
	 (32,1),
	 (32,5),
	 (32,18),
	 (32,9),
	 (32,10),
	 (32,11),
	 (32,13),
	 (32,12),
	 (28,189);
INSERT INTO public.permissoes (idgrupo,idmodulo) VALUES
	 (28,193),
	 (30,189),
	 (30,193),
	 (32,22),
	 (32,23),
	 (32,25),
	 (32,24),
	 (32,26),
	 (32,27),
	 (32,30);
INSERT INTO public.permissoes (idgrupo,idmodulo) VALUES
	 (32,34),
	 (32,38),
	 (32,39),
	 (32,41),
	 (32,40),
	 (32,48),
	 (32,49),
	 (32,51),
	 (32,50),
	 (32,46);
INSERT INTO public.permissoes (idgrupo,idmodulo) VALUES
	 (32,47),
	 (32,64),
	 (32,65),
	 (32,67),
	 (32,66),
	 (32,68),
	 (32,69),
	 (32,71),
	 (32,70),
	 (32,72);
INSERT INTO public.permissoes (idgrupo,idmodulo) VALUES
	 (32,73),
	 (32,75),
	 (32,74),
	 (32,76),
	 (32,77),
	 (32,79),
	 (32,78),
	 (32,80),
	 (32,81),
	 (32,83);
INSERT INTO public.permissoes (idgrupo,idmodulo) VALUES
	 (32,82),
	 (32,84),
	 (32,85),
	 (32,87),
	 (32,86),
	 (32,88),
	 (32,89),
	 (32,91),
	 (32,90),
	 (32,92);
INSERT INTO public.permissoes (idgrupo,idmodulo) VALUES
	 (32,93),
	 (32,95),
	 (32,94),
	 (32,96),
	 (32,97),
	 (32,99),
	 (32,98),
	 (32,56),
	 (32,57),
	 (32,60);
INSERT INTO public.permissoes (idgrupo,idmodulo) VALUES
	 (32,61),
	 (32,63),
	 (32,62),
	 (32,112),
	 (32,113),
	 (32,124),
	 (32,125),
	 (32,127),
	 (32,126),
	 (32,116);
INSERT INTO public.permissoes (idgrupo,idmodulo) VALUES
	 (32,117),
	 (32,119),
	 (32,118),
	 (32,120),
	 (32,121),
	 (32,123),
	 (32,122),
	 (32,128),
	 (32,129),
	 (32,131);
INSERT INTO public.permissoes (idgrupo,idmodulo) VALUES
	 (32,130),
	 (33,1),
	 (33,5),
	 (33,18),
	 (33,9),
	 (33,10),
	 (33,11),
	 (33,13),
	 (33,12),
	 (43,50);
INSERT INTO public.permissoes (idgrupo,idmodulo) VALUES
	 (33,22),
	 (33,26),
	 (33,27),
	 (33,30),
	 (33,34),
	 (33,38),
	 (33,39),
	 (33,41),
	 (33,40),
	 (33,48);
INSERT INTO public.permissoes (idgrupo,idmodulo) VALUES
	 (33,49),
	 (33,51),
	 (33,50),
	 (33,46),
	 (33,47),
	 (33,64),
	 (33,65),
	 (33,67),
	 (33,66),
	 (33,68);
INSERT INTO public.permissoes (idgrupo,idmodulo) VALUES
	 (33,69),
	 (33,71),
	 (33,70),
	 (33,72),
	 (33,73),
	 (33,75),
	 (33,74),
	 (33,76),
	 (33,77),
	 (33,79);
INSERT INTO public.permissoes (idgrupo,idmodulo) VALUES
	 (33,78),
	 (33,80),
	 (33,81),
	 (33,83),
	 (33,82),
	 (33,84),
	 (33,85),
	 (33,87),
	 (33,86),
	 (33,88);
INSERT INTO public.permissoes (idgrupo,idmodulo) VALUES
	 (33,89),
	 (33,91),
	 (33,90),
	 (33,92),
	 (33,93),
	 (33,95),
	 (33,94),
	 (33,96),
	 (33,97),
	 (33,99);
INSERT INTO public.permissoes (idgrupo,idmodulo) VALUES
	 (33,98),
	 (33,56),
	 (33,60),
	 (33,61),
	 (33,63),
	 (33,62),
	 (33,112),
	 (33,113),
	 (33,124),
	 (33,125);
INSERT INTO public.permissoes (idgrupo,idmodulo) VALUES
	 (33,127),
	 (33,126),
	 (33,116),
	 (33,117),
	 (33,119),
	 (33,118),
	 (33,120),
	 (33,121),
	 (33,123),
	 (33,122);
INSERT INTO public.permissoes (idgrupo,idmodulo) VALUES
	 (33,128),
	 (33,129),
	 (33,131),
	 (33,130),
	 (34,38),
	 (34,39),
	 (34,41),
	 (34,40),
	 (35,38),
	 (35,39);
INSERT INTO public.permissoes (idgrupo,idmodulo) VALUES
	 (35,41),
	 (35,40),
	 (36,38),
	 (36,39),
	 (36,41),
	 (36,40),
	 (1,136),
	 (3,136),
	 (3,137),
	 (3,138);
INSERT INTO public.permissoes (idgrupo,idmodulo) VALUES
	 (3,139),
	 (4,136),
	 (4,137),
	 (4,138),
	 (4,139),
	 (5,136),
	 (5,137),
	 (5,138),
	 (5,139),
	 (6,136);
INSERT INTO public.permissoes (idgrupo,idmodulo) VALUES
	 (6,137),
	 (6,138),
	 (6,139),
	 (7,136),
	 (8,136),
	 (9,136),
	 (10,136),
	 (10,137),
	 (10,138),
	 (10,139);
INSERT INTO public.permissoes (idgrupo,idmodulo) VALUES
	 (11,136),
	 (11,137),
	 (11,138),
	 (11,139),
	 (12,136),
	 (12,137),
	 (12,138),
	 (12,139),
	 (13,136),
	 (14,136);
INSERT INTO public.permissoes (idgrupo,idmodulo) VALUES
	 (15,136),
	 (16,136),
	 (17,136),
	 (18,136),
	 (19,136),
	 (20,136),
	 (21,136),
	 (22,136),
	 (23,136),
	 (24,136);
INSERT INTO public.permissoes (idgrupo,idmodulo) VALUES
	 (25,136),
	 (26,136),
	 (27,136),
	 (28,136),
	 (29,136),
	 (30,136),
	 (31,136),
	 (37,136),
	 (32,136),
	 (32,137);
INSERT INTO public.permissoes (idgrupo,idmodulo) VALUES
	 (32,138),
	 (32,139),
	 (33,136),
	 (33,137),
	 (33,138),
	 (33,139),
	 (34,136),
	 (34,137),
	 (34,138),
	 (34,139);
INSERT INTO public.permissoes (idgrupo,idmodulo) VALUES
	 (35,136),
	 (35,137),
	 (35,138),
	 (35,139),
	 (36,136),
	 (36,137),
	 (36,138),
	 (36,139),
	 (33,140),
	 (33,141);
INSERT INTO public.permissoes (idgrupo,idmodulo) VALUES
	 (33,142),
	 (33,143),
	 (32,140),
	 (32,141),
	 (32,142),
	 (32,143),
	 (31,140),
	 (30,140),
	 (38,10),
	 (38,38);
INSERT INTO public.permissoes (idgrupo,idmodulo) VALUES
	 (38,39),
	 (38,40),
	 (38,41),
	 (38,68),
	 (38,72),
	 (38,76),
	 (38,88),
	 (38,140),
	 (38,141),
	 (38,142);
INSERT INTO public.permissoes (idgrupo,idmodulo) VALUES
	 (38,143),
	 (4,144),
	 (4,145),
	 (4,146),
	 (4,147),
	 (8,144),
	 (10,144),
	 (10,145),
	 (10,146),
	 (10,147);
INSERT INTO public.permissoes (idgrupo,idmodulo) VALUES
	 (11,144),
	 (12,144),
	 (14,144),
	 (15,144),
	 (17,144),
	 (18,144),
	 (19,144),
	 (20,144),
	 (37,144),
	 (21,144);
INSERT INTO public.permissoes (idgrupo,idmodulo) VALUES
	 (22,144),
	 (23,144),
	 (24,144),
	 (25,144),
	 (26,144),
	 (27,144),
	 (30,144),
	 (31,144),
	 (33,144),
	 (33,145);
INSERT INTO public.permissoes (idgrupo,idmodulo) VALUES
	 (33,146),
	 (33,147),
	 (32,144),
	 (32,145),
	 (32,146),
	 (32,147),
	 (9,132),
	 (11,132),
	 (12,132),
	 (20,132);
INSERT INTO public.permissoes (idgrupo,idmodulo) VALUES
	 (21,132),
	 (22,132),
	 (34,132),
	 (37,132),
	 (8,132),
	 (24,132),
	 (19,132),
	 (25,132),
	 (29,132),
	 (31,132);
INSERT INTO public.permissoes (idgrupo,idmodulo) VALUES
	 (30,132),
	 (14,132),
	 (17,132),
	 (28,132),
	 (32,132),
	 (13,132),
	 (33,132),
	 (18,132),
	 (16,132),
	 (15,132);
INSERT INTO public.permissoes (idgrupo,idmodulo) VALUES
	 (26,132),
	 (27,132),
	 (23,132),
	 (6,132),
	 (10,132),
	 (6,133),
	 (10,133),
	 (6,134),
	 (10,134),
	 (6,135);
INSERT INTO public.permissoes (idgrupo,idmodulo) VALUES
	 (10,135),
	 (2,148),
	 (8,148),
	 (9,148),
	 (10,148),
	 (11,148),
	 (12,148),
	 (13,148),
	 (14,148),
	 (15,148);
INSERT INTO public.permissoes (idgrupo,idmodulo) VALUES
	 (16,148),
	 (17,148),
	 (18,148),
	 (19,148),
	 (20,148),
	 (37,148),
	 (21,148),
	 (22,148),
	 (23,148),
	 (24,148);
INSERT INTO public.permissoes (idgrupo,idmodulo) VALUES
	 (25,148),
	 (26,148),
	 (27,148),
	 (28,148),
	 (29,148),
	 (30,148),
	 (31,148),
	 (32,148),
	 (33,148),
	 (1,152);
INSERT INTO public.permissoes (idgrupo,idmodulo) VALUES
	 (9,152),
	 (9,153),
	 (9,154),
	 (9,155),
	 (12,152),
	 (12,153),
	 (12,154),
	 (12,155),
	 (14,152),
	 (15,152);
INSERT INTO public.permissoes (idgrupo,idmodulo) VALUES
	 (16,152),
	 (17,152),
	 (18,152),
	 (19,152),
	 (20,152),
	 (21,152),
	 (37,152),
	 (22,152),
	 (23,152),
	 (24,152);
INSERT INTO public.permissoes (idgrupo,idmodulo) VALUES
	 (25,152),
	 (26,152),
	 (27,152),
	 (28,152),
	 (29,152),
	 (30,152),
	 (31,152),
	 (32,152),
	 (33,152),
	 (2,156);
INSERT INTO public.permissoes (idgrupo,idmodulo) VALUES
	 (3,156),
	 (4,156),
	 (5,156),
	 (6,156),
	 (7,156),
	 (9,156),
	 (10,156),
	 (11,156),
	 (12,156),
	 (20,156);
INSERT INTO public.permissoes (idgrupo,idmodulo) VALUES
	 (21,156),
	 (22,156),
	 (35,156),
	 (36,156),
	 (37,156),
	 (8,156),
	 (24,156),
	 (19,156),
	 (25,156),
	 (29,156);
INSERT INTO public.permissoes (idgrupo,idmodulo) VALUES
	 (31,156),
	 (30,156),
	 (14,156),
	 (17,156),
	 (28,156),
	 (32,156),
	 (13,156),
	 (33,156),
	 (18,156),
	 (16,156);
INSERT INTO public.permissoes (idgrupo,idmodulo) VALUES
	 (15,156),
	 (26,156),
	 (27,156),
	 (23,156),
	 (39,24),
	 (39,23),
	 (39,42),
	 (39,18),
	 (39,29),
	 (39,26);
INSERT INTO public.permissoes (idgrupo,idmodulo) VALUES
	 (40,24),
	 (40,23),
	 (40,42),
	 (40,18),
	 (40,29),
	 (40,26),
	 (41,24),
	 (41,20),
	 (41,37),
	 (41,26);
INSERT INTO public.permissoes (idgrupo,idmodulo) VALUES
	 (2,157),
	 (3,157),
	 (4,157),
	 (5,157),
	 (6,157),
	 (7,157),
	 (9,157),
	 (10,157),
	 (11,157),
	 (12,157);
INSERT INTO public.permissoes (idgrupo,idmodulo) VALUES
	 (20,157),
	 (21,157),
	 (22,157),
	 (35,157),
	 (36,157),
	 (37,157),
	 (8,157),
	 (24,157),
	 (19,157),
	 (25,157);
INSERT INTO public.permissoes (idgrupo,idmodulo) VALUES
	 (29,157),
	 (31,157),
	 (30,157),
	 (14,157),
	 (17,157),
	 (28,157),
	 (32,157),
	 (13,157),
	 (33,157),
	 (18,157);
INSERT INTO public.permissoes (idgrupo,idmodulo) VALUES
	 (16,157),
	 (15,157),
	 (26,157),
	 (27,157),
	 (23,157),
	 (10,140),
	 (10,141),
	 (10,142),
	 (10,143),
	 (11,140);
INSERT INTO public.permissoes (idgrupo,idmodulo) VALUES
	 (11,141),
	 (11,142),
	 (11,143),
	 (12,140),
	 (12,141),
	 (12,142),
	 (12,143),
	 (2,158),
	 (3,158),
	 (4,158);
INSERT INTO public.permissoes (idgrupo,idmodulo) VALUES
	 (5,158),
	 (6,158),
	 (7,158),
	 (9,158),
	 (10,158),
	 (11,158),
	 (12,158),
	 (20,158),
	 (21,158),
	 (22,158);
INSERT INTO public.permissoes (idgrupo,idmodulo) VALUES
	 (35,158),
	 (36,158),
	 (37,158),
	 (8,158),
	 (24,158),
	 (19,158),
	 (25,158),
	 (29,158),
	 (31,158),
	 (30,158);
INSERT INTO public.permissoes (idgrupo,idmodulo) VALUES
	 (14,158),
	 (17,158),
	 (28,158),
	 (32,158),
	 (13,158),
	 (33,158),
	 (18,158),
	 (16,158),
	 (15,158),
	 (26,158);
INSERT INTO public.permissoes (idgrupo,idmodulo) VALUES
	 (27,158),
	 (23,158),
	 (10,152),
	 (11,152),
	 (39,159),
	 (39,160),
	 (39,161),
	 (39,162),
	 (40,159),
	 (40,160);
INSERT INTO public.permissoes (idgrupo,idmodulo) VALUES
	 (40,161),
	 (40,162),
	 (8,159),
	 (10,159),
	 (11,159),
	 (12,159),
	 (13,159),
	 (14,159),
	 (15,159),
	 (16,159);
INSERT INTO public.permissoes (idgrupo,idmodulo) VALUES
	 (17,159),
	 (18,159),
	 (19,159),
	 (20,159),
	 (37,159),
	 (21,159),
	 (22,159),
	 (23,159),
	 (24,159),
	 (25,159);
INSERT INTO public.permissoes (idgrupo,idmodulo) VALUES
	 (26,159),
	 (27,159),
	 (28,159),
	 (29,159),
	 (30,159),
	 (31,159),
	 (32,159),
	 (32,160),
	 (32,161),
	 (32,162);
INSERT INTO public.permissoes (idgrupo,idmodulo) VALUES
	 (33,159),
	 (1,163),
	 (39,163),
	 (39,164),
	 (39,165),
	 (39,166),
	 (40,163),
	 (40,164),
	 (40,165),
	 (40,166);
INSERT INTO public.permissoes (idgrupo,idmodulo) VALUES
	 (7,163),
	 (8,163),
	 (9,163),
	 (10,163),
	 (10,164),
	 (10,165),
	 (10,166),
	 (11,163),
	 (12,163),
	 (13,163);
INSERT INTO public.permissoes (idgrupo,idmodulo) VALUES
	 (14,163),
	 (15,163),
	 (16,163),
	 (17,163),
	 (18,163),
	 (19,163),
	 (20,163),
	 (37,163),
	 (21,163),
	 (22,163);
INSERT INTO public.permissoes (idgrupo,idmodulo) VALUES
	 (23,163),
	 (24,163),
	 (25,163),
	 (26,163),
	 (27,163),
	 (28,163),
	 (29,163),
	 (30,163),
	 (31,163),
	 (32,163);
INSERT INTO public.permissoes (idgrupo,idmodulo) VALUES
	 (33,163),
	 (3,189),
	 (42,185),
	 (42,187),
	 (3,215),
	 (8,215),
	 (10,215),
	 (11,215),
	 (12,215),
	 (14,215);
INSERT INTO public.permissoes (idgrupo,idmodulo) VALUES
	 (15,215),
	 (16,215),
	 (17,215),
	 (18,215),
	 (19,215),
	 (20,215),
	 (37,215),
	 (21,215),
	 (22,215),
	 (23,215);
INSERT INTO public.permissoes (idgrupo,idmodulo) VALUES
	 (24,215),
	 (25,215),
	 (26,215),
	 (27,215),
	 (28,215),
	 (29,215),
	 (30,215),
	 (31,215),
	 (32,215),
	 (33,215);
INSERT INTO public.permissoes (idgrupo,idmodulo) VALUES
	 (10,216),
	 (11,216),
	 (12,216),
	 (14,216),
	 (15,216),
	 (16,216),
	 (8,167),
	 (10,167),
	 (10,168),
	 (10,169);
INSERT INTO public.permissoes (idgrupo,idmodulo) VALUES
	 (10,170),
	 (11,167),
	 (11,168),
	 (11,169),
	 (11,170),
	 (12,167),
	 (12,168),
	 (12,170),
	 (13,167),
	 (14,167);
INSERT INTO public.permissoes (idgrupo,idmodulo) VALUES
	 (15,167),
	 (16,167),
	 (17,167),
	 (18,167),
	 (19,167),
	 (20,167),
	 (37,167),
	 (21,167),
	 (22,167),
	 (23,167);
INSERT INTO public.permissoes (idgrupo,idmodulo) VALUES
	 (24,167),
	 (25,167),
	 (26,167),
	 (27,167),
	 (28,167),
	 (29,167),
	 (30,167),
	 (31,167),
	 (32,167),
	 (33,167);
INSERT INTO public.permissoes (idgrupo,idmodulo) VALUES
	 (2,171),
	 (3,171),
	 (4,171),
	 (5,171),
	 (6,171),
	 (7,171),
	 (9,171),
	 (10,171),
	 (11,171),
	 (12,171);
INSERT INTO public.permissoes (idgrupo,idmodulo) VALUES
	 (20,171),
	 (21,171),
	 (22,171),
	 (35,171),
	 (36,171),
	 (37,171),
	 (8,171),
	 (24,171),
	 (19,171),
	 (25,171);
INSERT INTO public.permissoes (idgrupo,idmodulo) VALUES
	 (29,171),
	 (31,171),
	 (30,171),
	 (14,171),
	 (17,171),
	 (28,171),
	 (32,171),
	 (13,171),
	 (33,171),
	 (18,171);
INSERT INTO public.permissoes (idgrupo,idmodulo) VALUES
	 (16,171),
	 (15,171),
	 (26,171),
	 (27,171),
	 (23,171),
	 (2,172),
	 (3,172),
	 (4,172),
	 (5,172),
	 (6,172);
INSERT INTO public.permissoes (idgrupo,idmodulo) VALUES
	 (7,172),
	 (9,172),
	 (10,172),
	 (11,172),
	 (12,172),
	 (20,172),
	 (21,172),
	 (22,172),
	 (35,172),
	 (36,172);
INSERT INTO public.permissoes (idgrupo,idmodulo) VALUES
	 (37,172),
	 (8,172),
	 (24,172),
	 (19,172),
	 (25,172),
	 (29,172),
	 (31,172),
	 (30,172),
	 (14,172),
	 (17,172);
INSERT INTO public.permissoes (idgrupo,idmodulo) VALUES
	 (28,172),
	 (32,172),
	 (13,172),
	 (33,172),
	 (18,172),
	 (16,172),
	 (15,172),
	 (26,172),
	 (27,172),
	 (23,172);
INSERT INTO public.permissoes (idgrupo,idmodulo) VALUES
	 (9,47),
	 (10,47),
	 (11,47),
	 (12,125),
	 (12,127),
	 (10,125),
	 (10,127),
	 (11,125),
	 (11,127),
	 (8,106);
INSERT INTO public.permissoes (idgrupo,idmodulo) VALUES
	 (8,173),
	 (9,173),
	 (10,173),
	 (11,173),
	 (12,173),
	 (13,173),
	 (14,173),
	 (15,173),
	 (16,173),
	 (17,173);
INSERT INTO public.permissoes (idgrupo,idmodulo) VALUES
	 (18,173),
	 (19,173),
	 (20,173),
	 (37,173),
	 (21,173),
	 (22,173),
	 (23,173),
	 (24,173),
	 (25,173),
	 (26,173);
INSERT INTO public.permissoes (idgrupo,idmodulo) VALUES
	 (27,173),
	 (28,173),
	 (29,173),
	 (30,173),
	 (31,173),
	 (32,173),
	 (33,173),
	 (3,177),
	 (3,178),
	 (3,179);
INSERT INTO public.permissoes (idgrupo,idmodulo) VALUES
	 (3,180),
	 (4,177),
	 (4,178),
	 (4,179),
	 (4,180),
	 (5,177),
	 (5,178),
	 (5,179),
	 (5,180),
	 (34,177);
INSERT INTO public.permissoes (idgrupo,idmodulo) VALUES
	 (34,178),
	 (34,179),
	 (34,180),
	 (35,177),
	 (35,178),
	 (35,179),
	 (35,180),
	 (36,177),
	 (36,178),
	 (36,179);
INSERT INTO public.permissoes (idgrupo,idmodulo) VALUES
	 (36,180),
	 (10,177),
	 (10,178),
	 (10,179),
	 (10,180),
	 (11,177),
	 (11,178),
	 (11,179),
	 (11,180),
	 (12,177);
INSERT INTO public.permissoes (idgrupo,idmodulo) VALUES
	 (12,178),
	 (12,179),
	 (12,180),
	 (14,177),
	 (15,177),
	 (16,177),
	 (17,177),
	 (18,177),
	 (19,177),
	 (20,177);
INSERT INTO public.permissoes (idgrupo,idmodulo) VALUES
	 (37,177),
	 (21,177),
	 (22,177),
	 (23,177),
	 (24,177),
	 (25,177),
	 (27,177),
	 (28,177),
	 (29,177),
	 (30,177);
INSERT INTO public.permissoes (idgrupo,idmodulo) VALUES
	 (31,177),
	 (32,177),
	 (33,177),
	 (2,182),
	 (3,182),
	 (4,182),
	 (5,182),
	 (35,182),
	 (36,182),
	 (6,182);
INSERT INTO public.permissoes (idgrupo,idmodulo) VALUES
	 (39,182),
	 (40,182),
	 (7,182),
	 (8,182),
	 (9,182),
	 (10,182),
	 (11,182),
	 (12,182),
	 (13,182),
	 (14,182);
INSERT INTO public.permissoes (idgrupo,idmodulo) VALUES
	 (15,182),
	 (16,182),
	 (17,182),
	 (18,182),
	 (19,182),
	 (20,182),
	 (37,182),
	 (21,182),
	 (22,182),
	 (23,182);
INSERT INTO public.permissoes (idgrupo,idmodulo) VALUES
	 (24,182),
	 (25,182),
	 (26,182),
	 (27,182),
	 (28,182),
	 (29,182),
	 (30,182),
	 (31,182),
	 (38,182),
	 (32,182);
INSERT INTO public.permissoes (idgrupo,idmodulo) VALUES
	 (33,182),
	 (10,181),
	 (11,181),
	 (12,181),
	 (14,181),
	 (15,181),
	 (19,181),
	 (21,181),
	 (22,181),
	 (30,181);
INSERT INTO public.permissoes (idgrupo,idmodulo) VALUES
	 (31,181),
	 (32,181),
	 (33,181),
	 (2,183),
	 (3,183),
	 (4,183),
	 (5,183),
	 (35,183),
	 (36,183),
	 (6,183);
INSERT INTO public.permissoes (idgrupo,idmodulo) VALUES
	 (39,183),
	 (40,183),
	 (7,183),
	 (8,183),
	 (9,183),
	 (10,183),
	 (11,183),
	 (12,183),
	 (13,183),
	 (14,183);
INSERT INTO public.permissoes (idgrupo,idmodulo) VALUES
	 (15,183),
	 (16,183),
	 (17,183),
	 (18,183),
	 (19,183),
	 (20,183),
	 (37,183),
	 (21,183),
	 (22,183),
	 (23,183);
INSERT INTO public.permissoes (idgrupo,idmodulo) VALUES
	 (24,183),
	 (25,183),
	 (26,183),
	 (27,183),
	 (28,183),
	 (29,183),
	 (30,183),
	 (31,183),
	 (38,183),
	 (32,183);
INSERT INTO public.permissoes (idgrupo,idmodulo) VALUES
	 (33,183),
	 (2,184),
	 (3,184),
	 (4,184),
	 (5,184),
	 (35,184),
	 (36,184),
	 (6,184),
	 (39,184),
	 (40,184);
INSERT INTO public.permissoes (idgrupo,idmodulo) VALUES
	 (7,184),
	 (8,184),
	 (9,184),
	 (10,184),
	 (11,184),
	 (12,184),
	 (13,184),
	 (14,184),
	 (15,184),
	 (16,184);
INSERT INTO public.permissoes (idgrupo,idmodulo) VALUES
	 (17,184),
	 (18,184),
	 (19,184),
	 (20,184),
	 (37,184),
	 (21,184),
	 (22,184),
	 (23,184),
	 (24,184),
	 (25,184);
INSERT INTO public.permissoes (idgrupo,idmodulo) VALUES
	 (26,184),
	 (27,184),
	 (28,184),
	 (29,184),
	 (30,184),
	 (31,184),
	 (38,184),
	 (32,184),
	 (33,184),
	 (32,2);
INSERT INTO public.permissoes (idgrupo,idmodulo) VALUES
	 (33,2),
	 (32,3),
	 (33,3),
	 (32,4),
	 (33,4),
	 (36,48),
	 (36,49),
	 (36,50),
	 (36,51),
	 (35,48);
INSERT INTO public.permissoes (idgrupo,idmodulo) VALUES
	 (35,49),
	 (35,50),
	 (35,51),
	 (2,185),
	 (3,185),
	 (4,185),
	 (5,185),
	 (35,185),
	 (36,185),
	 (6,185);
INSERT INTO public.permissoes (idgrupo,idmodulo) VALUES
	 (39,185),
	 (40,185),
	 (7,185),
	 (8,185),
	 (9,185),
	 (10,185),
	 (11,185),
	 (12,185),
	 (13,185),
	 (14,185);
INSERT INTO public.permissoes (idgrupo,idmodulo) VALUES
	 (15,185),
	 (16,185),
	 (17,185),
	 (18,185),
	 (19,185),
	 (20,185),
	 (37,185),
	 (21,185),
	 (22,185),
	 (23,185);
INSERT INTO public.permissoes (idgrupo,idmodulo) VALUES
	 (24,185),
	 (25,185),
	 (26,185),
	 (27,185),
	 (28,185),
	 (29,185),
	 (30,185),
	 (31,185),
	 (38,185),
	 (32,185);
INSERT INTO public.permissoes (idgrupo,idmodulo) VALUES
	 (33,185),
	 (3,186),
	 (4,186),
	 (5,186),
	 (35,186),
	 (36,186),
	 (6,186),
	 (7,186),
	 (10,186),
	 (39,186);
INSERT INTO public.permissoes (idgrupo,idmodulo) VALUES
	 (40,186),
	 (10,187),
	 (11,187),
	 (12,187),
	 (21,187),
	 (22,187),
	 (19,187),
	 (31,187),
	 (30,187),
	 (14,187);
INSERT INTO public.permissoes (idgrupo,idmodulo) VALUES
	 (32,187),
	 (33,187),
	 (15,187),
	 (2,188),
	 (3,188),
	 (4,188),
	 (5,188),
	 (6,188),
	 (7,188),
	 (9,188);
INSERT INTO public.permissoes (idgrupo,idmodulo) VALUES
	 (10,188),
	 (11,188),
	 (12,188),
	 (20,188),
	 (21,188),
	 (22,188),
	 (35,188),
	 (36,188),
	 (37,188),
	 (8,188);
INSERT INTO public.permissoes (idgrupo,idmodulo) VALUES
	 (24,188),
	 (19,188),
	 (25,188),
	 (29,188),
	 (31,188),
	 (30,188),
	 (14,188),
	 (17,188),
	 (28,188),
	 (32,188);
INSERT INTO public.permissoes (idgrupo,idmodulo) VALUES
	 (13,188),
	 (33,188),
	 (18,188),
	 (16,188),
	 (15,188),
	 (26,188),
	 (27,188),
	 (23,188),
	 (39,188),
	 (40,188);
INSERT INTO public.permissoes (idgrupo,idmodulo) VALUES
	 (10,189),
	 (11,189),
	 (12,189),
	 (20,189),
	 (21,189),
	 (22,189),
	 (37,189),
	 (24,189),
	 (19,189),
	 (29,189);
INSERT INTO public.permissoes (idgrupo,idmodulo) VALUES
	 (31,189),
	 (14,189),
	 (17,189),
	 (32,189),
	 (33,189),
	 (18,189),
	 (16,189),
	 (15,189),
	 (27,189),
	 (39,189);
INSERT INTO public.permissoes (idgrupo,idmodulo) VALUES
	 (40,189),
	 (39,190),
	 (40,190),
	 (39,191),
	 (40,191),
	 (39,192),
	 (40,192),
	 (38,188),
	 (3,197),
	 (3,198);
INSERT INTO public.permissoes (idgrupo,idmodulo) VALUES
	 (3,199),
	 (3,200),
	 (6,197),
	 (6,198),
	 (6,199),
	 (6,200),
	 (39,197),
	 (39,198),
	 (39,199),
	 (39,200);
INSERT INTO public.permissoes (idgrupo,idmodulo) VALUES
	 (40,197),
	 (40,198),
	 (40,199),
	 (40,200),
	 (7,197),
	 (7,198),
	 (7,199),
	 (7,200),
	 (9,197),
	 (10,197);
INSERT INTO public.permissoes (idgrupo,idmodulo) VALUES
	 (10,198),
	 (10,199),
	 (10,200),
	 (11,197),
	 (11,198),
	 (11,199),
	 (11,200),
	 (12,197),
	 (12,198),
	 (12,199);
INSERT INTO public.permissoes (idgrupo,idmodulo) VALUES
	 (12,200),
	 (14,197),
	 (15,197),
	 (16,197),
	 (16,198),
	 (16,200),
	 (17,197),
	 (17,198),
	 (17,200),
	 (18,197);
INSERT INTO public.permissoes (idgrupo,idmodulo) VALUES
	 (19,197),
	 (20,197),
	 (37,197),
	 (21,197),
	 (22,197),
	 (23,197),
	 (24,197),
	 (26,197),
	 (27,197),
	 (28,197);
INSERT INTO public.permissoes (idgrupo,idmodulo) VALUES
	 (29,197),
	 (30,197),
	 (31,197),
	 (32,197),
	 (33,197),
	 (1,193),
	 (10,193),
	 (11,193),
	 (12,193),
	 (20,193);
INSERT INTO public.permissoes (idgrupo,idmodulo) VALUES
	 (21,193),
	 (22,193),
	 (37,193),
	 (24,193),
	 (19,193),
	 (29,193),
	 (31,193),
	 (14,193),
	 (17,193),
	 (32,193);
INSERT INTO public.permissoes (idgrupo,idmodulo) VALUES
	 (33,193),
	 (18,193),
	 (16,193),
	 (15,193),
	 (27,193),
	 (39,193),
	 (40,193),
	 (41,193),
	 (1,194),
	 (10,194);
INSERT INTO public.permissoes (idgrupo,idmodulo) VALUES
	 (11,194),
	 (12,194),
	 (39,194),
	 (40,194),
	 (41,194),
	 (1,195),
	 (10,195),
	 (11,195),
	 (12,195),
	 (39,195);
INSERT INTO public.permissoes (idgrupo,idmodulo) VALUES
	 (40,195),
	 (41,195),
	 (1,196),
	 (10,196),
	 (11,196),
	 (12,196),
	 (39,196),
	 (40,196),
	 (41,196),
	 (6,201);
INSERT INTO public.permissoes (idgrupo,idmodulo) VALUES
	 (9,201),
	 (10,201),
	 (11,201),
	 (12,201),
	 (20,201),
	 (21,201),
	 (22,201),
	 (37,201),
	 (8,201),
	 (24,201);
INSERT INTO public.permissoes (idgrupo,idmodulo) VALUES
	 (19,201),
	 (25,201),
	 (29,201),
	 (31,201),
	 (30,201),
	 (14,201),
	 (17,201),
	 (28,201),
	 (32,201),
	 (13,201);
INSERT INTO public.permissoes (idgrupo,idmodulo) VALUES
	 (33,201),
	 (18,201),
	 (16,201),
	 (15,201),
	 (26,201),
	 (27,201),
	 (23,201),
	 (39,201),
	 (40,201),
	 (41,201);
INSERT INTO public.permissoes (idgrupo,idmodulo) VALUES
	 (38,181),
	 (3,202),
	 (3,203),
	 (3,204),
	 (3,205),
	 (6,202),
	 (6,203),
	 (6,204),
	 (6,205),
	 (39,202);
INSERT INTO public.permissoes (idgrupo,idmodulo) VALUES
	 (39,203),
	 (39,204),
	 (39,205),
	 (9,202),
	 (10,202),
	 (10,203),
	 (10,204),
	 (10,205),
	 (11,202),
	 (11,203);
INSERT INTO public.permissoes (idgrupo,idmodulo) VALUES
	 (11,204),
	 (11,205),
	 (12,202),
	 (12,203),
	 (12,204),
	 (12,205),
	 (3,206),
	 (3,207),
	 (3,208),
	 (3,209);
INSERT INTO public.permissoes (idgrupo,idmodulo) VALUES
	 (6,206),
	 (6,207),
	 (6,208),
	 (6,209),
	 (39,206),
	 (39,207),
	 (39,208),
	 (39,209),
	 (40,206),
	 (40,207);
INSERT INTO public.permissoes (idgrupo,idmodulo) VALUES
	 (40,208),
	 (40,209),
	 (7,206),
	 (7,207),
	 (7,208),
	 (7,209),
	 (9,206),
	 (10,206),
	 (10,207),
	 (10,208);
INSERT INTO public.permissoes (idgrupo,idmodulo) VALUES
	 (10,209),
	 (11,206),
	 (11,207),
	 (11,208),
	 (11,209),
	 (12,206),
	 (12,207),
	 (12,208),
	 (12,209),
	 (14,206);
INSERT INTO public.permissoes (idgrupo,idmodulo) VALUES
	 (15,206),
	 (16,206),
	 (16,207),
	 (16,209),
	 (17,206),
	 (17,207),
	 (17,209),
	 (18,206),
	 (19,206),
	 (20,206);
INSERT INTO public.permissoes (idgrupo,idmodulo) VALUES
	 (37,206),
	 (21,206),
	 (22,206),
	 (23,206),
	 (24,206),
	 (26,206),
	 (27,206),
	 (28,206),
	 (29,206),
	 (30,206);
INSERT INTO public.permissoes (idgrupo,idmodulo) VALUES
	 (31,206),
	 (32,206),
	 (33,206),
	 (40,202),
	 (7,202),
	 (14,202),
	 (15,202),
	 (16,202),
	 (16,203),
	 (16,205);
INSERT INTO public.permissoes (idgrupo,idmodulo) VALUES
	 (17,202),
	 (17,216),
	 (17,205),
	 (18,202),
	 (19,202),
	 (20,202),
	 (37,202),
	 (21,202),
	 (22,202),
	 (23,202);
INSERT INTO public.permissoes (idgrupo,idmodulo) VALUES
	 (24,202),
	 (26,202),
	 (27,202),
	 (28,202),
	 (29,202),
	 (30,202),
	 (31,202),
	 (32,202),
	 (33,202),
	 (10,210);
INSERT INTO public.permissoes (idgrupo,idmodulo) VALUES
	 (11,210),
	 (12,210),
	 (14,210),
	 (15,210),
	 (16,210),
	 (17,210),
	 (18,210),
	 (19,210),
	 (20,210),
	 (37,210);
INSERT INTO public.permissoes (idgrupo,idmodulo) VALUES
	 (21,210),
	 (22,210),
	 (23,210),
	 (24,210),
	 (25,210),
	 (26,210),
	 (27,210),
	 (28,210),
	 (29,210),
	 (30,210);
INSERT INTO public.permissoes (idgrupo,idmodulo) VALUES
	 (31,210),
	 (32,210),
	 (33,210),
	 (8,214),
	 (10,214),
	 (11,214),
	 (12,214),
	 (13,214),
	 (14,214),
	 (15,214);
INSERT INTO public.permissoes (idgrupo,idmodulo) VALUES
	 (16,214),
	 (17,214),
	 (18,214),
	 (19,214),
	 (20,214),
	 (37,214),
	 (21,214),
	 (22,214),
	 (23,214),
	 (24,214);
INSERT INTO public.permissoes (idgrupo,idmodulo) VALUES
	 (25,214),
	 (26,214),
	 (27,214),
	 (28,214),
	 (29,214),
	 (30,214),
	 (31,214),
	 (32,214),
	 (33,214),
	 (18,216);
INSERT INTO public.permissoes (idgrupo,idmodulo) VALUES
	 (19,216),
	 (20,216),
	 (37,216),
	 (21,216),
	 (22,216),
	 (23,216),
	 (24,216),
	 (25,216),
	 (26,216),
	 (27,216);
INSERT INTO public.permissoes (idgrupo,idmodulo) VALUES
	 (28,216),
	 (29,216),
	 (30,216),
	 (31,216),
	 (32,216),
	 (33,216),
	 (43,51),
	 (8,217),
	 (10,217),
	 (11,217);
INSERT INTO public.permissoes (idgrupo,idmodulo) VALUES
	 (12,217),
	 (14,217),
	 (15,217),
	 (16,217),
	 (17,217),
	 (18,217),
	 (19,217),
	 (20,217),
	 (37,217),
	 (21,217);
INSERT INTO public.permissoes (idgrupo,idmodulo) VALUES
	 (22,217),
	 (23,217),
	 (24,217),
	 (25,217),
	 (26,217),
	 (27,217),
	 (28,217),
	 (29,217),
	 (30,217),
	 (31,217);
INSERT INTO public.permissoes (idgrupo,idmodulo) VALUES
	 (32,217),
	 (33,217);


INSERT INTO public.regenciacomponentecurricular (idcomponentecurricular,turno,ano,idgrupomatriz) VALUES
	 (2,NULL,NULL,1),
	 (2,4,1,1),
	 (2,4,2,1),
	 (2,4,3,1),
	 (2,4,4,1),
	 (2,4,5,1),
	 (6,4,1,1),
	 (6,4,2,1),
	 (7,NULL,NULL,1),
	 (7,4,1,1);
INSERT INTO public.regenciacomponentecurricular (idcomponentecurricular,turno,ano,idgrupomatriz) VALUES
	 (7,4,2,1),
	 (7,4,3,1),
	 (7,4,4,1),
	 (7,4,5,1),
	 (8,NULL,NULL,1),
	 (8,4,1,1),
	 (8,4,2,1),
	 (8,4,3,1),
	 (8,4,4,1),
	 (8,4,5,1);
INSERT INTO public.regenciacomponentecurricular (idcomponentecurricular,turno,ano,idgrupomatriz) VALUES
	 (89,NULL,NULL,1),
	 (89,4,1,1),
	 (89,4,2,1),
	 (89,4,3,1),
	 (89,4,4,1),
	 (89,4,5,1),
	 (138,NULL,NULL,1),
	 (138,4,1,1),
	 (138,4,2,1),
	 (138,4,3,1);
INSERT INTO public.regenciacomponentecurricular (idcomponentecurricular,turno,ano,idgrupomatriz) VALUES
	 (138,4,4,1),
	 (138,4,5,1),
	 (139,4,1,1),
	 (139,4,2,1),
	 (139,4,3,1),
	 (139,4,4,1),
	 (139,4,5,1);


insert into public.rf_servidor(CODIGO_RF, codigo_servidor) values
    ('7806809',223749),
('7924488',230563),
('7909179',229320),
('6769195',40914),
('6997201',198550),
('7941706',231779),
('7247206',193158),
('6955207',170427),
('5888085',23492),
('8026637',237728),
('6347380',32606),
('7916477',229960),
('8207607',250295),
('7220502',189910),
('1180827',200),
('8129142',244886),
('7288417',198292),
('7902964',228829),
('7551487',214547),
('7268149',197181),
('6904955',165405),
('8279250',258342),
('8003530',236279),
('7913648',230149),
('6291732',31916),
('8417211',265591),
('6517579',35169),
('6775861',41452),
('7237871',190858),
('6801811',42783),
('5996236',25583),
('7766980',220837),
('6917461',166749),
('7250461',196687),
('7217684',189115),
('7942630',231855),
('7252684',196820);