use se1426;
insert into v_servidor_cotic (
cd_servidor,
cd_registro_funcional,
nm_pessoa,
cd_sexo_pessoa,
dt_nascimento_pessoa,
cd_cpf_pessoa,
nm_social,
cd_inep_pessoa
)
values(
1,
1180827,
'Usuário 1180827',
'F',
'1962-07-22',
'1180827',
null,
null
);
insert into v_servidor_cotic (
cd_servidor,
cd_registro_funcional,
nm_pessoa,
cd_sexo_pessoa,
dt_nascimento_pessoa,
cd_cpf_pessoa,
nm_social,
cd_inep_pessoa
)
values(
2,
5888085,
'Usuário 5888085',
'F',
'1962-07-22',
'5888085',
null,
null
);
insert into v_servidor_cotic (
cd_servidor,
cd_registro_funcional,
nm_pessoa,
cd_sexo_pessoa,
dt_nascimento_pessoa,
cd_cpf_pessoa,
nm_social,
cd_inep_pessoa
)
values(
3,
5996236,
'Usuário 5996236',
'F',
'1962-07-22',
'5996236',
null,
null
);
insert into v_servidor_cotic (
cd_servidor,
cd_registro_funcional,
nm_pessoa,
cd_sexo_pessoa,
dt_nascimento_pessoa,
cd_cpf_pessoa,
nm_social,
cd_inep_pessoa
)
values(
4,
6291732,
'Usuário 6291732',
'F',
'1962-07-22',
'6291732',
null,
null
);
insert into v_servidor_cotic (
cd_servidor,
cd_registro_funcional,
nm_pessoa,
cd_sexo_pessoa,
dt_nascimento_pessoa,
cd_cpf_pessoa,
nm_social,
cd_inep_pessoa
)
values(
5,
6347380,
'Usuário 6347380',
'F',
'1962-07-22',
'6347380',
null,
null
);
insert into v_servidor_cotic (
cd_servidor,
cd_registro_funcional,
nm_pessoa,
cd_sexo_pessoa,
dt_nascimento_pessoa,
cd_cpf_pessoa,
nm_social,
cd_inep_pessoa
)
values(
6,
6517579,
'Usuário 6517579',
'F',
'1962-07-22',
'6517579',
null,
null
);
insert into v_servidor_cotic (
cd_servidor,
cd_registro_funcional,
nm_pessoa,
cd_sexo_pessoa,
dt_nascimento_pessoa,
cd_cpf_pessoa,
nm_social,
cd_inep_pessoa
)
values(
7,
6769195,
'Usuário 6769195',
'F',
'1962-07-22',
'6769195',
null,
null
);
insert into v_servidor_cotic (
cd_servidor,
cd_registro_funcional,
nm_pessoa,
cd_sexo_pessoa,
dt_nascimento_pessoa,
cd_cpf_pessoa,
nm_social,
cd_inep_pessoa
)
values(
8,
6775861,
'Usuário 6775861',
'F',
'1962-07-22',
'',
null,
null
);
insert into v_servidor_cotic (
cd_servidor,
cd_registro_funcional,
nm_pessoa,
cd_sexo_pessoa,
dt_nascimento_pessoa,
cd_cpf_pessoa,
nm_social,
cd_inep_pessoa
)
values(
9,
6801811,
'Usuário 6801811',
'F',
'1962-07-22',
'6801811',
null,
null
);
insert into v_servidor_cotic (
cd_servidor,
cd_registro_funcional,
nm_pessoa,
cd_sexo_pessoa,
dt_nascimento_pessoa,
cd_cpf_pessoa,
nm_social,
cd_inep_pessoa
)
values(
10,
6904955,
'Usuário 6904955',
'F',
'1962-07-22',
'6904955',
null,
null
);
insert into v_servidor_cotic (
cd_servidor,
cd_registro_funcional,
nm_pessoa,
cd_sexo_pessoa,
dt_nascimento_pessoa,
cd_cpf_pessoa,
nm_social,
cd_inep_pessoa
)
values(
11,
6917461,
'Usuário 6917461',
'F',
'1962-07-22',
'6917461',
null,
null
);
insert into v_servidor_cotic (
cd_servidor,
cd_registro_funcional,
nm_pessoa,
cd_sexo_pessoa,
dt_nascimento_pessoa,
cd_cpf_pessoa,
nm_social,
cd_inep_pessoa
)
values(
12,
6955207,
'Usuário 6955207',
'F',
'1962-07-22',
'6955207',
null,
null
);
insert into v_servidor_cotic (
cd_servidor,
cd_registro_funcional,
nm_pessoa,
cd_sexo_pessoa,
dt_nascimento_pessoa,
cd_cpf_pessoa,
nm_social,
cd_inep_pessoa
)
values(
13,
6997201,
'Usuário 6997201',
'F',
'1962-07-22',
'6997201',
null,
null
);
insert into v_servidor_cotic (
cd_servidor,
cd_registro_funcional,
nm_pessoa,
cd_sexo_pessoa,
dt_nascimento_pessoa,
cd_cpf_pessoa,
nm_social,
cd_inep_pessoa
)
values(
14,
7217684,
'Usuário 7217684',
'F',
'1962-07-22',
'7217684',
null,
null
);
insert into v_servidor_cotic (
cd_servidor,
cd_registro_funcional,
nm_pessoa,
cd_sexo_pessoa,
dt_nascimento_pessoa,
cd_cpf_pessoa,
nm_social,
cd_inep_pessoa
)
values(
15,
7220502,
'Usuário 7220502',
'F',
'1962-07-22',
'7220502',
null,
null
);
insert into v_servidor_cotic (
cd_servidor,
cd_registro_funcional,
nm_pessoa,
cd_sexo_pessoa,
dt_nascimento_pessoa,
cd_cpf_pessoa,
nm_social,
cd_inep_pessoa
)
values(
16,
7237871,
'Usuário 7237871',
'F',
'1962-07-22',
'7237871',
null,
null
);
insert into v_servidor_cotic (
cd_servidor,
cd_registro_funcional,
nm_pessoa,
cd_sexo_pessoa,
dt_nascimento_pessoa,
cd_cpf_pessoa,
nm_social,
cd_inep_pessoa
)
values(
17,
7247206,
'Usuário 7247206',
'F',
'1962-07-22',
'7247206',
null,
null
);
insert into v_servidor_cotic (
cd_servidor,
cd_registro_funcional,
nm_pessoa,
cd_sexo_pessoa,
dt_nascimento_pessoa,
cd_cpf_pessoa,
nm_social,
cd_inep_pessoa
)
values(
18,
7250461,
'Usuário 7250461',
'F',
'1962-07-22',
'7250461',
null,
null
);
insert into v_servidor_cotic (
cd_servidor,
cd_registro_funcional,
nm_pessoa,
cd_sexo_pessoa,
dt_nascimento_pessoa,
cd_cpf_pessoa,
nm_social,
cd_inep_pessoa
)
values(
19,
7252684,
'Usuário 7252684',
'F',
'1962-07-22',
'7252684',
null,
null
);
insert into v_servidor_cotic (
cd_servidor,
cd_registro_funcional,
nm_pessoa,
cd_sexo_pessoa,
dt_nascimento_pessoa,
cd_cpf_pessoa,
nm_social,
cd_inep_pessoa
)
values(
20,
7268149,
'Usuário 7268149',
'F',
'1962-07-22',
'7268149',
null,
null
);
insert into v_servidor_cotic (
cd_servidor,
cd_registro_funcional,
nm_pessoa,
cd_sexo_pessoa,
dt_nascimento_pessoa,
cd_cpf_pessoa,
nm_social,
cd_inep_pessoa
)
values(
21,
7288417,
'Usuário 7288417',
'F',
'1962-07-22',
'7288417',
null,
null
);
insert into v_servidor_cotic (
cd_servidor,
cd_registro_funcional,
nm_pessoa,
cd_sexo_pessoa,
dt_nascimento_pessoa,
cd_cpf_pessoa,
nm_social,
cd_inep_pessoa
)
values(
22,
7551487,
'Usuário 7551487',
'F',
'1962-07-22',
'7551487',
null,
null
);
insert into v_servidor_cotic (
cd_servidor,
cd_registro_funcional,
nm_pessoa,
cd_sexo_pessoa,
dt_nascimento_pessoa,
cd_cpf_pessoa,
nm_social,
cd_inep_pessoa
)
values(
23,
7766980,
'Usuário 7766980',
'F',
'1962-07-22',
'7766980',
null,
null
);
insert into v_servidor_cotic (
cd_servidor,
cd_registro_funcional,
nm_pessoa,
cd_sexo_pessoa,
dt_nascimento_pessoa,
cd_cpf_pessoa,
nm_social,
cd_inep_pessoa
)
values(
24,
7806809,
'Usuário 7806809',
'F',
'1962-07-22',
'7806809',
null,
null
);
insert into v_servidor_cotic (
cd_servidor,
cd_registro_funcional,
nm_pessoa,
cd_sexo_pessoa,
dt_nascimento_pessoa,
cd_cpf_pessoa,
nm_social,
cd_inep_pessoa
)
values(
25,
7902964,
'Usuário 7902964',
'F',
'1962-07-22',
'7902964',
null,
null
);
insert into v_servidor_cotic (
cd_servidor,
cd_registro_funcional,
nm_pessoa,
cd_sexo_pessoa,
dt_nascimento_pessoa,
cd_cpf_pessoa,
nm_social,
cd_inep_pessoa
)
values(
26,
7909179,
'Usuário 7909179',
'F',
'1962-07-22',
'7909179',
null,
null
);
insert into v_servidor_cotic (
cd_servidor,
cd_registro_funcional,
nm_pessoa,
cd_sexo_pessoa,
dt_nascimento_pessoa,
cd_cpf_pessoa,
nm_social,
cd_inep_pessoa
)
values(
27,
7913648,
'Usuário 7913648',
'F',
'1962-07-22',
'7913648',
null,
null
);
insert into v_servidor_cotic (
cd_servidor,
cd_registro_funcional,
nm_pessoa,
cd_sexo_pessoa,
dt_nascimento_pessoa,
cd_cpf_pessoa,
nm_social,
cd_inep_pessoa
)
values(
28,
7916477,
'Usuário 7916477',
'F',
'1962-07-22',
'7916477',
null,
null
);
insert into v_servidor_cotic (
cd_servidor,
cd_registro_funcional,
nm_pessoa,
cd_sexo_pessoa,
dt_nascimento_pessoa,
cd_cpf_pessoa,
nm_social,
cd_inep_pessoa
)
values(
29,
7924488,
'Usuário 7924488',
'F',
'1962-07-22',
'7924488',
null,
null
);
insert into v_servidor_cotic (
cd_servidor,
cd_registro_funcional,
nm_pessoa,
cd_sexo_pessoa,
dt_nascimento_pessoa,
cd_cpf_pessoa,
nm_social,
cd_inep_pessoa
)
values(
30,
7941706,
'Usuário 7941706',
'F',
'1962-07-22',
'7941706',
null,
null
);
insert into v_servidor_cotic (
cd_servidor,
cd_registro_funcional,
nm_pessoa,
cd_sexo_pessoa,
dt_nascimento_pessoa,
cd_cpf_pessoa,
nm_social,
cd_inep_pessoa
)
values(
31,
7942630,
'Usuário 7942630',
'F',
'1962-07-22',
'7942630',
null,
null
);
insert into v_servidor_cotic (
cd_servidor,
cd_registro_funcional,
nm_pessoa,
cd_sexo_pessoa,
dt_nascimento_pessoa,
cd_cpf_pessoa,
nm_social,
cd_inep_pessoa
)
values(
32,
8003530,
'Usuário 8003530',
'F',
'1962-07-22',
'8003530',
null,
null
);
insert into v_servidor_cotic (
cd_servidor,
cd_registro_funcional,
nm_pessoa,
cd_sexo_pessoa,
dt_nascimento_pessoa,
cd_cpf_pessoa,
nm_social,
cd_inep_pessoa
)
values (
33,
8026637,
'Usuário 8026637',
'F',
'1962-07-22',
'8026637',
null,
null
);
insert into v_servidor_cotic (
cd_servidor,
cd_registro_funcional,
nm_pessoa,
cd_sexo_pessoa,
dt_nascimento_pessoa,
cd_cpf_pessoa,
nm_social,
cd_inep_pessoa
)
values(
34,
8129142,
'Usuário 8129142',
'F',
'1962-07-22',
'8129142',
null,
null
);
insert into v_servidor_cotic (
cd_servidor,
cd_registro_funcional,
nm_pessoa,
cd_sexo_pessoa,
dt_nascimento_pessoa,
cd_cpf_pessoa,
nm_social,
cd_inep_pessoa
)
values(
35,
8207607,
'Usuário 8207607',
'F',
'1962-07-22',
'8207607',
null,
null
);
insert into v_servidor_cotic (
cd_servidor,
cd_registro_funcional,
nm_pessoa,
cd_sexo_pessoa,
dt_nascimento_pessoa,
cd_cpf_pessoa,
nm_social,
cd_inep_pessoa
)
values(
36,
8279250,
'Usuário 8279250',
'F',
'1962-07-22',
'8279250',
null,
null
);
insert into v_servidor_cotic (
cd_servidor,
cd_registro_funcional,
nm_pessoa,
cd_sexo_pessoa,
dt_nascimento_pessoa,
cd_cpf_pessoa,
nm_social,
cd_inep_pessoa
)
values(
37,
8417211,
'Usuário 8417211',
'F',
'1962-07-22',
'8417211',
null,
null
);

INSERT [dbo].[v_cadastro_unidade_educacao] (
[cd_unidade_educacao],
[nm_unidade_educacao],
[nm_exibicao_unidade],
[cd_autorizacao],
[tp_unidade_educacao],
[cd_cie_unidade_educacao],
[cd_unidade_administrativa_referencia],
[cd_endereco_grh],
[ci_endereco],
[qt_funcionario],
[tp_situacao_unidade],
[nr_rgi_sabesp],
[cd_unidade_educacao_prodesp],
[cd_unidade_administrativa_portal],
[tp_logradouro],
[dc_ponto_referencia],
[sg_titulo_logradouro],
[nm_logradouro],
[cd_nr_endereco],
[dc_complemento_endereco],
[nm_bairro],
[cd_cep],
[cd_logradouro],
[cd_micro_regiao],
[cd_sql_endereco],
[tp_localizacao_endereco],
[dt_atualizacao_endereco],
[cd_caixa_postal],
[cd_distrito_mec],
[cd_municipio],
[cd_sub_prefeitura],
[cd_coordenada_geo_x],
[cd_coordenada_geo_y]
)
VALUES (
N'017442',
N'ANTONIO SAMPAIO, VER.',
N'ANTONIO SAMPAIO, VER',
3,
1,
35207676,
N'108800',
N'162800000490000',
4320,
57,
1,
N'000101151454',
N'00033477',
N'108800',
81,
NULL,
NULL,
N'VOLUNTÁRIOS DA PÁTRIA',
N'733',
NULL,
N'SANTANA',
2011000,
198846,
315,
NULL,
N'U',
CAST(N'2016-05-17T10:44:22.860' AS DateTime),
NULL,
70,
3550308,
45,
CAST(-46.626685 AS Numeric(9, 6)),
CAST(-23.514191 AS Numeric(9, 6))
);

INSERT [dbo].[v_cadastro_unidade_educacao] (
[cd_unidade_educacao],
[nm_unidade_educacao],
[nm_exibicao_unidade],
[cd_autorizacao],
[tp_unidade_educacao],
[cd_cie_unidade_educacao],
[cd_unidade_administrativa_referencia],
[cd_endereco_grh],
[ci_endereco],
[qt_funcionario],
[tp_situacao_unidade],
[nr_rgi_sabesp],
[cd_unidade_educacao_prodesp],
[cd_unidade_administrativa_portal],
[tp_logradouro],
[dc_ponto_referencia],
[sg_titulo_logradouro],
[nm_logradouro],
[cd_nr_endereco],
[dc_complemento_endereco],
[nm_bairro],
[cd_cep],
[cd_logradouro],
[cd_micro_regiao],
[cd_sql_endereco],
[tp_localizacao_endereco],
[dt_atualizacao_endereco],
[cd_caixa_postal],
[cd_distrito_mec],
[cd_municipio],
[cd_sub_prefeitura],
[cd_coordenada_geo_x],
[cd_coordenada_geo_y]
)
VALUES (
N'019262',
N'BUTANTA',
N'BUTANTA',
3,
1,
35056996,
N'108100',
N'162100000790200',
416,
NULL,
1,
NULL,
N'00053637',
N'108100',
8,
NULL,
NULL,
N'ENGENHEIRO HEITOR ANTONIO EIRAS GARCIA',
N'1870',
NULL,
N'JARDIM ESMERALDA',
5588001,
86037,
308,
NULL,
N'U',
CAST(N'2012-08-06T09:13:15.453' AS DateTime),
NULL,
67,
3550308,
50,
CAST(-46.750786 AS Numeric(9, 6)),
CAST(-23.582405 AS Numeric(9, 6))
);

INSERT [dbo].[v_cadastro_unidade_educacao] (
[cd_unidade_educacao],
[nm_unidade_educacao],
[nm_exibicao_unidade],
[cd_autorizacao],
[tp_unidade_educacao],
[cd_cie_unidade_educacao],
[cd_unidade_administrativa_referencia],
[cd_endereco_grh],
[ci_endereco],
[qt_funcionario],
[tp_situacao_unidade],
[nr_rgi_sabesp],
[cd_unidade_educacao_prodesp],
[cd_unidade_administrativa_portal],
[tp_logradouro],
[dc_ponto_referencia],
[sg_titulo_logradouro],
[nm_logradouro],
[cd_nr_endereco],
[dc_complemento_endereco],
[nm_bairro],
[cd_cep],
[cd_logradouro],
[cd_micro_regiao],
[cd_sql_endereco],
[tp_localizacao_endereco],
[dt_atualizacao_endereco],
[cd_caixa_postal],
[cd_distrito_mec],
[cd_municipio],
[cd_sub_prefeitura],
[cd_coordenada_geo_x],
[cd_coordenada_geo_y]
)
VALUES (
N'019375',
N'PARAISOPOLIS',
N'PARAISOPOLIS',
3,
1,
35413008,
N'108200',
N'162200001810300',
371754,
32,
1,
N'000000811492',
N'00161941',
N'108200',
81,
NULL,
NULL,
N'DOUTOR JOSÉ AUGUSTO DE SOUZA E SILVA',
N'S/N',
NULL,
N'JARDIM PARQUE MORUMBI',
5712040,
NULL,
384,
NULL,
N'U',
CAST(N'2020-08-07T14:00:55.140' AS DateTime),
NULL,
83,
3550308,
57,
CAST(-46.727379 AS Numeric(9, 6)),
CAST(-23.622254 AS Numeric(9, 6))
);

INSERT [dbo].[v_cadastro_unidade_educacao] (
[cd_unidade_educacao],
[nm_unidade_educacao],
[nm_exibicao_unidade],
[cd_autorizacao],
[tp_unidade_educacao],
[cd_cie_unidade_educacao],
[cd_unidade_administrativa_referencia],
[cd_endereco_grh],
[ci_endereco],
[qt_funcionario],
[tp_situacao_unidade],
[nr_rgi_sabesp],
[cd_unidade_educacao_prodesp],
[cd_unidade_administrativa_portal],
[tp_logradouro],
[dc_ponto_referencia],
[sg_titulo_logradouro],
[nm_logradouro],
[cd_nr_endereco],
[dc_complemento_endereco],
[nm_bairro],
[cd_cep],
[cd_logradouro],
[cd_micro_regiao],
[cd_sql_endereco],
[tp_localizacao_endereco],
[dt_atualizacao_endereco],
[cd_caixa_postal],
[cd_distrito_mec],
[cd_municipio],
[cd_sub_prefeitura],
[cd_coordenada_geo_x],
[cd_coordenada_geo_y]
)

VALUES (
N'019493',
N'CAPAO REDONDO',
N'CAPAO REDONDO',
3,
1,
35574211,
N'108200',
N'162200000020000',
27965985,
80,
1,
N'000012049623',
N'00296826',
N'108200',
8,
NULL,
NULL,
N'COMENDADOR SANTANNA',
N'745',
NULL,
N'CAPÃO REDONDO',
5866000,
NULL,
71,
NULL,
N'U',
CAST(N'2019-05-10T10:24:35.997' AS DateTime),
NULL,
19,
3550308,
57,
CAST(-46.773489 AS Numeric(9, 6)),
CAST(-23.673572 AS Numeric(9, 6))
);

INSERT [dbo].[v_cadastro_unidade_educacao] (
[cd_unidade_educacao],
[nm_unidade_educacao],
[nm_exibicao_unidade],
[cd_autorizacao],
[tp_unidade_educacao],
[cd_cie_unidade_educacao],
[cd_unidade_administrativa_referencia],
[cd_endereco_grh],
[ci_endereco],
[qt_funcionario],
[tp_situacao_unidade],
[nr_rgi_sabesp],
[cd_unidade_educacao_prodesp],
[cd_unidade_administrativa_portal],
[tp_logradouro],
[dc_ponto_referencia],
[sg_titulo_logradouro],
[nm_logradouro],
[cd_nr_endereco],
[dc_complemento_endereco],
[nm_bairro],
[cd_cep],
[cd_logradouro],
[cd_micro_regiao],
[cd_sql_endereco],
[tp_localizacao_endereco],
[dt_atualizacao_endereco],
[cd_caixa_postal],
[cd_distrito_mec],
[cd_municipio],
[cd_sub_prefeitura],
[cd_coordenada_geo_x],
[cd_coordenada_geo_y]
)

VALUES (
N'019506',
N'MILTON PEREIRA COSTA',
N'VILA JACUI',
3,
1,
35560455,
N'109300',
N'163300001280000',
28624557,
91,
1,
N'000725318007',
N'00242827',
N'109300',
81,
NULL,
NULL,
N'HENRIQUE XAVIER DE BRITO',
N'221',
NULL,
N'JARDIM PEDRO JOSÉ NUNES',
8061015,
NULL,
403,
NULL,
N'U',
CAST(N'2019-05-14T07:28:34.120' AS DateTime),
NULL,
87,
3550308,
63,
CAST(-46.466948 AS Numeric(9, 6)),
CAST(-23.500383 AS Numeric(9, 6))
);

INSERT [dbo].[v_cadastro_unidade_educacao] (
[cd_unidade_educacao],
[nm_unidade_educacao],
[nm_exibicao_unidade],
[cd_autorizacao],
[tp_unidade_educacao],
[cd_cie_unidade_educacao],
[cd_unidade_administrativa_referencia],
[cd_endereco_grh],
[ci_endereco],
[qt_funcionario],
[tp_situacao_unidade],
[nr_rgi_sabesp],
[cd_unidade_educacao_prodesp],
[cd_unidade_administrativa_portal],
[tp_logradouro],
[dc_ponto_referencia],
[sg_titulo_logradouro],
[nm_logradouro],
[cd_nr_endereco],
[dc_complemento_endereco],
[nm_bairro],
[cd_cep],
[cd_logradouro],
[cd_micro_regiao],
[cd_sql_endereco],
[tp_localizacao_endereco],
[dt_atualizacao_endereco],
[cd_caixa_postal],
[cd_distrito_mec],
[cd_municipio],
[cd_sub_prefeitura],
[cd_coordenada_geo_x],
[cd_coordenada_geo_y]
)

VALUES (
N'094668',
N'DERVILLE ALLEGRETTI, PROF.',
N'PROF. DERVILLE ALLEGRETTI',
3,
1,
35070178,
N'108800',
N'162800000530000',
4321,
175,
1,
N'000101151373',
N'00001763',
N'108800',
81,
NULL,
NULL,
N'VOLUNTARIOS DA PATRIA',
N'777',
NULL,
N'SANTANA',
2011000,
198846,
315,
NULL,
N'U',
CAST(N'2018-05-10T15:47:59.553' AS DateTime),
NULL,
70,
3550308,
45,
CAST(-46.626707 AS Numeric(9, 6)),
CAST(-23.513611 AS Numeric(9, 6))
);

INSERT [dbo].[v_cadastro_unidade_educacao] (
[cd_unidade_educacao],
[nm_unidade_educacao],
[nm_exibicao_unidade],
[cd_autorizacao],
[tp_unidade_educacao],
[cd_cie_unidade_educacao],
[cd_unidade_administrativa_referencia],
[cd_endereco_grh],
[ci_endereco],
[qt_funcionario],
[tp_situacao_unidade],
[nr_rgi_sabesp],
[cd_unidade_educacao_prodesp],
[cd_unidade_administrativa_portal],
[tp_logradouro],
[dc_ponto_referencia],
[sg_titulo_logradouro],
[nm_logradouro],
[cd_nr_endereco],
[dc_complemento_endereco],
[nm_bairro],
[cd_cep],
[cd_logradouro],
[cd_micro_regiao],
[cd_sql_endereco],
[tp_localizacao_endereco],
[dt_atualizacao_endereco],
[cd_caixa_postal],
[cd_distrito_mec],
[cd_municipio],
[cd_sub_prefeitura],
[cd_coordenada_geo_x],
[cd_coordenada_geo_y]
)
VALUES (
N'094765',
N'MAXIMO DE MOURA SANTOS, PROF.',
N'PROF. MAXIMO DE MOURA SANTOS',
3,
1,
35054525,
N'108800',
N'162800000510000',
3784,
71,
1,
N'000097851671',
N'00001462',
N'108800',
81,
NULL,
NULL,
N'JULIA LOPES DE ALMEIDA',
N'275',
NULL,
N'VILA PAULICEIA',
2301000,
6823,
320,
NULL,
N'U',
CAST(N'2017-05-25T16:54:35.633' AS DateTime),
NULL,
70,
3550308,
45,
CAST(-46.613710 AS Numeric(9, 6)),
CAST(-23.489517 AS Numeric(9, 6))
);


INSERT INTO ESCOLA (
cd_escola,tp_voltagem,tp_local_reservatorio_agua,tp_muro_fecho,tp_abastecimento_gas,cd_cie_unidade,cd_cnpj_entidade_executora,in_oferece_merenda,cd_cnpj_unidade_privada,
cd_cnas_municipal,cd_cnas_estadual,cd_cnas_federal,cd_ceff_unidade,in_localizacao_area_quilombo,in_existencia_material_didatico_quilombola,in_localizacao_area_assentamento,
in_localizacao_area_terra_indigena,in_educacao_indigena,in_utilizacao_material_didatico_indigena,in_existencia_rede_local,tp_educacao_profissional,qt_area_edificada,qt_area_ocupada,
qt_area_livre,qt_area_total,qt_pavimento,an_construcao,in_utilizacao_agua_filtrada,tp_lingua_indigena,tp_periodo_limpeza_caixa_agua,tp_proprietario,tp_forma_ocupacao_predio,tp_dispositivo_lixo,
tp_escola,cd_operador,dt_atualizacao_tabela,tp_dependencia_administrativa,in_rua_pavimentada,in_rua_iluminada,tp_grade,in_merenda_terceirizada,in_limpeza_terceirizada,in_programa_especial)
values
('017442',3,1,3,1,NULL,55566699988877,'S',NULL,NULL,NULL,NULL,NULL,'N','N','N','N','N','N','S',1,3900,2500,NULL,8000,3,1996,'S',NULL,1,3,1,1,3,'6452','2016-05-17 10:44:22.863',3,'S','S',2,'S','S',NULL);

INSERT INTO ESCOLA (
cd_escola,tp_voltagem,tp_local_reservatorio_agua,tp_muro_fecho,tp_abastecimento_gas,cd_cie_unidade,cd_cnpj_entidade_executora,in_oferece_merenda,cd_cnpj_unidade_privada,
cd_cnas_municipal,cd_cnas_estadual,cd_cnas_federal,cd_ceff_unidade,in_localizacao_area_quilombo,in_existencia_material_didatico_quilombola,in_localizacao_area_assentamento,
in_localizacao_area_terra_indigena,in_educacao_indigena,in_utilizacao_material_didatico_indigena,in_existencia_rede_local,tp_educacao_profissional,qt_area_edificada,qt_area_ocupada,
qt_area_livre,qt_area_total,qt_pavimento,an_construcao,in_utilizacao_agua_filtrada,tp_lingua_indigena,tp_periodo_limpeza_caixa_agua,tp_proprietario,tp_forma_ocupacao_predio,tp_dispositivo_lixo,
tp_escola,cd_operador,dt_atualizacao_tabela,tp_dependencia_administrativa,in_rua_pavimentada,in_rua_iluminada,tp_grade,in_merenda_terceirizada,in_limpeza_terceirizada,in_programa_especial)
values('019262',3,4,2,2,NULL,55566699988877,'S',NULL,NULL,NULL,NULL,NULL,'N','N','N','N','N','N','S',NULL,NULL,NULL,NULL,NULL,NULL,NULL,'S',NULL,1,3,1,1,16,'1544','2012-08-06 09:11:21.953',3,'S','S',2,'S','S',NULL);

INSERT INTO ESCOLA (
cd_escola,tp_voltagem,tp_local_reservatorio_agua,tp_muro_fecho,tp_abastecimento_gas,cd_cie_unidade,cd_cnpj_entidade_executora,in_oferece_merenda,cd_cnpj_unidade_privada,
cd_cnas_municipal,cd_cnas_estadual,cd_cnas_federal,cd_ceff_unidade,in_localizacao_area_quilombo,in_existencia_material_didatico_quilombola,in_localizacao_area_assentamento,
in_localizacao_area_terra_indigena,in_educacao_indigena,in_utilizacao_material_didatico_indigena,in_existencia_rede_local,tp_educacao_profissional,qt_area_edificada,qt_area_ocupada,
qt_area_livre,qt_area_total,qt_pavimento,an_construcao,in_utilizacao_agua_filtrada,tp_lingua_indigena,tp_periodo_limpeza_caixa_agua,tp_proprietario,tp_forma_ocupacao_predio,tp_dispositivo_lixo,
tp_escola,cd_operador,dt_atualizacao_tabela,tp_dependencia_administrativa,in_rua_pavimentada,in_rua_iluminada,tp_grade,in_merenda_terceirizada,in_limpeza_terceirizada,in_programa_especial)
values('019375',3,1,3,2,NULL,55566699988877,'S',NULL,NULL,NULL,NULL,NULL,'N','N','N','N','N',NULL,'S',NULL,1170,1170,NULL,9999,1,2008,'S',NULL,1,3,1,1,17,'99184','2020-08-07 14:00:55.140',3,'S','S',2,'S','S','N');

INSERT INTO ESCOLA (
cd_escola,tp_voltagem,tp_local_reservatorio_agua,tp_muro_fecho,tp_abastecimento_gas,cd_cie_unidade,cd_cnpj_entidade_executora,in_oferece_merenda,cd_cnpj_unidade_privada,
cd_cnas_municipal,cd_cnas_estadual,cd_cnas_federal,cd_ceff_unidade,in_localizacao_area_quilombo,in_existencia_material_didatico_quilombola,in_localizacao_area_assentamento,
in_localizacao_area_terra_indigena,in_educacao_indigena,in_utilizacao_material_didatico_indigena,in_existencia_rede_local,tp_educacao_profissional,qt_area_edificada,qt_area_ocupada,
qt_area_livre,qt_area_total,qt_pavimento,an_construcao,in_utilizacao_agua_filtrada,tp_lingua_indigena,tp_periodo_limpeza_caixa_agua,tp_proprietario,tp_forma_ocupacao_predio,tp_dispositivo_lixo,
tp_escola,cd_operador,dt_atualizacao_tabela,tp_dependencia_administrativa,in_rua_pavimentada,in_rua_iluminada,tp_grade,in_merenda_terceirizada,in_limpeza_terceirizada,in_programa_especial)
values('019493',3,1,6,2,NULL,55566699988877,'S',NULL,NULL,NULL,NULL,NULL,'N','N','N','N','N',NULL,'S',NULL,3738,1881,NULL,5620,2,2015,'S',NULL,1,3,1,1,28,'44290','2019-05-10 10:24:36.010',3,'S','S',2,'S','S','N');

INSERT INTO ESCOLA (
cd_escola,tp_voltagem,tp_local_reservatorio_agua,tp_muro_fecho,tp_abastecimento_gas,cd_cie_unidade,cd_cnpj_entidade_executora,in_oferece_merenda,cd_cnpj_unidade_privada,
cd_cnas_municipal,cd_cnas_estadual,cd_cnas_federal,cd_ceff_unidade,in_localizacao_area_quilombo,in_existencia_material_didatico_quilombola,in_localizacao_area_assentamento,
in_localizacao_area_terra_indigena,in_educacao_indigena,in_utilizacao_material_didatico_indigena,in_existencia_rede_local,tp_educacao_profissional,qt_area_edificada,qt_area_ocupada,
qt_area_livre,qt_area_total,qt_pavimento,an_construcao,in_utilizacao_agua_filtrada,tp_lingua_indigena,tp_periodo_limpeza_caixa_agua,tp_proprietario,tp_forma_ocupacao_predio,tp_dispositivo_lixo,
tp_escola,cd_operador,dt_atualizacao_tabela,tp_dependencia_administrativa,in_rua_pavimentada,in_rua_iluminada,tp_grade,in_merenda_terceirizada,in_limpeza_terceirizada,in_programa_especial)
values('019506',3,3,2,2,NULL,55566699988877,'N',NULL,NULL,NULL,NULL,NULL,'N','N','N','N','N',NULL,'S',NULL,3101,NULL,NULL,3666,5,2014,'S',NULL,1,3,1,1,1,'592','2019-05-14 07:28:34.120',3,'S','S',2,'S','S','N');

INSERT INTO ESCOLA (
cd_escola,tp_voltagem,tp_local_reservatorio_agua,tp_muro_fecho,tp_abastecimento_gas,cd_cie_unidade,cd_cnpj_entidade_executora,in_oferece_merenda,cd_cnpj_unidade_privada,
cd_cnas_municipal,cd_cnas_estadual,cd_cnas_federal,cd_ceff_unidade,in_localizacao_area_quilombo,in_existencia_material_didatico_quilombola,in_localizacao_area_assentamento,
in_localizacao_area_terra_indigena,in_educacao_indigena,in_utilizacao_material_didatico_indigena,in_existencia_rede_local,tp_educacao_profissional,qt_area_edificada,qt_area_ocupada,
qt_area_livre,qt_area_total,qt_pavimento,an_construcao,in_utilizacao_agua_filtrada,tp_lingua_indigena,tp_periodo_limpeza_caixa_agua,tp_proprietario,tp_forma_ocupacao_predio,tp_dispositivo_lixo,
tp_escola,cd_operador,dt_atualizacao_tabela,tp_dependencia_administrativa,in_rua_pavimentada,in_rua_iluminada,tp_grade,in_merenda_terceirizada,in_limpeza_terceirizada,in_programa_especial)
values('094668',3,1,6,2,NULL,55566699988877,'S',NULL,NULL,NULL,NULL,NULL,'N','N','N','N','N','N','S',2,4100,2060,500,6000,3,1970,'S',NULL,1,3,1,1,3,'52302','2018-05-10 15:47:59.587',3,'S','S',2,'S','S','N');

INSERT INTO ESCOLA (
cd_escola,tp_voltagem,tp_local_reservatorio_agua,tp_muro_fecho,tp_abastecimento_gas,cd_cie_unidade,cd_cnpj_entidade_executora,in_oferece_merenda,cd_cnpj_unidade_privada,
cd_cnas_municipal,cd_cnas_estadual,cd_cnas_federal,cd_ceff_unidade,in_localizacao_area_quilombo,in_existencia_material_didatico_quilombola,in_localizacao_area_assentamento,
in_localizacao_area_terra_indigena,in_educacao_indigena,in_utilizacao_material_didatico_indigena,in_existencia_rede_local,tp_educacao_profissional,qt_area_edificada,qt_area_ocupada,
qt_area_livre,qt_area_total,qt_pavimento,an_construcao,in_utilizacao_agua_filtrada,tp_lingua_indigena,tp_periodo_limpeza_caixa_agua,tp_proprietario,tp_forma_ocupacao_predio,tp_dispositivo_lixo,
tp_escola,cd_operador,dt_atualizacao_tabela,tp_dependencia_administrativa,in_rua_pavimentada,in_rua_iluminada,tp_grade,in_merenda_terceirizada,in_limpeza_terceirizada,in_programa_especial)
values('094765',3,1,3,2,NULL,55566699988877,'S',NULL,NULL,NULL,NULL,NULL,'N','N','N','N','N','N','S',NULL,2814,2018,NULL,6295,NULL,NULL,'S',NULL,1,3,1,1,1,'25507','2017-05-25 16:54:35.663',3,'S','S',2,'S','S','N');

/* ------------------------------ */

insert into unidade_administrativa (cd_unidade_administrativa,tp_unidade_administrativa,cd_operador,dt_atualizacao_tabela)
values(108100,24,'9618','2016-05-10 13:20:45.307')

insert into unidade_administrativa (cd_unidade_administrativa,tp_unidade_administrativa,cd_operador,dt_atualizacao_tabela)
values(108200,24,'6589','2016-07-15 11:50:32.550')

insert into unidade_administrativa (cd_unidade_administrativa,tp_unidade_administrativa,cd_operador,dt_atualizacao_tabela)
values(108800,24,'4984','2020-02-13 13:53:23.837')

insert into unidade_administrativa (cd_unidade_administrativa,tp_unidade_administrativa,cd_operador,dt_atualizacao_tabela)
values(109300,24,'9618','2016-05-10 16:45:37.123')

/* ------------------------------ */


insert into v_cargo_base_cotic (cd_cargo_base_servidor,cd_servidor,cd_vinculo_sigpec,cd_cargo,cd_situacao_funcional,dt_nomeacao,dt_posse,dt_inicio_exercicio,dt_fim_nomeacao,dt_cancelamento)
values(178,200,4,3352,1,'1995-11-23 00:00:00.000',NULL,'1995-11-23 00:00:00.000',NULL,NULL);

insert into v_cargo_base_cotic (cd_cargo_base_servidor,cd_servidor,cd_vinculo_sigpec,cd_cargo,cd_situacao_funcional,dt_nomeacao,dt_posse,dt_inicio_exercicio,dt_fim_nomeacao,dt_cancelamento)
values(21557,23492,NULL,3301,1,NULL,'1997-03-03 00:00:00.000','1997-03-03 00:00:00.000','2001-04-03 00:00:00.000',NULL);

insert into v_cargo_base_cotic (cd_cargo_base_servidor,cd_servidor,cd_vinculo_sigpec,cd_cargo,cd_situacao_funcional,dt_nomeacao,dt_posse,dt_inicio_exercicio,dt_fim_nomeacao,dt_cancelamento)
values(332067,23492,NULL,3379,1,'2001-04-03 00:00:00.000','2001-04-03 00:00:00.000','2001-04-03 00:00:00.000','2008-04-18 00:00:00.000',NULL);

insert into v_cargo_base_cotic (cd_cargo_base_servidor,cd_servidor,cd_vinculo_sigpec,cd_cargo,cd_situacao_funcional,dt_nomeacao,dt_posse,dt_inicio_exercicio,dt_fim_nomeacao,dt_cancelamento)
values(421189,23492,3,3352,1,'2008-04-11 00:00:00.000','2008-04-18 00:00:00.000','2008-04-18 00:00:00.000',NULL,NULL);

insert into v_cargo_base_cotic (cd_cargo_base_servidor,cd_servidor,cd_vinculo_sigpec,cd_cargo,cd_situacao_funcional,dt_nomeacao,dt_posse,dt_inicio_exercicio,dt_fim_nomeacao,dt_cancelamento)
values(23469,25583,2,3239,1,'1993-01-08 00:00:00.000','1993-01-08 00:00:00.000','1993-01-08 00:00:00.000','2019-08-19 00:00:00.000',NULL);

insert into v_cargo_base_cotic (cd_cargo_base_servidor,cd_servidor,cd_vinculo_sigpec,cd_cargo,cd_situacao_funcional,dt_nomeacao,dt_posse,dt_inicio_exercicio,dt_fim_nomeacao,dt_cancelamento)
values(23470,25583,NULL,3387,1,NULL,NULL,'1994-11-28 00:00:00.000','1999-09-30 00:00:00.000',NULL);

insert into v_cargo_base_cotic (cd_cargo_base_servidor,cd_servidor,cd_vinculo_sigpec,cd_cargo,cd_situacao_funcional,dt_nomeacao,dt_posse,dt_inicio_exercicio,dt_fim_nomeacao,dt_cancelamento)
values(318422,25583,3,3239,1,'1999-09-30 00:00:00.000','1999-09-30 00:00:00.000','1999-09-30 00:00:00.000','2009-02-02 00:00:00.000',NULL);

insert into v_cargo_base_cotic (cd_cargo_base_servidor,cd_servidor,cd_vinculo_sigpec,cd_cargo,cd_situacao_funcional,dt_nomeacao,dt_posse,dt_inicio_exercicio,dt_fim_nomeacao,dt_cancelamento)
values(519486,25583,2,3360,1,NULL,'2019-08-20 00:00:00.000','2019-08-20 00:00:00.000',NULL,NULL);

insert into v_cargo_base_cotic (cd_cargo_base_servidor,cd_servidor,cd_vinculo_sigpec,cd_cargo,cd_situacao_funcional,dt_nomeacao,dt_posse,dt_inicio_exercicio,dt_fim_nomeacao,dt_cancelamento)
values(28842,31916,2,3271,1,'1992-07-20 00:00:00.000',NULL,'1992-07-20 00:00:00.000',NULL,NULL);

insert into v_cargo_base_cotic (cd_cargo_base_servidor,cd_servidor,cd_vinculo_sigpec,cd_cargo,cd_situacao_funcional,dt_nomeacao,dt_posse,dt_inicio_exercicio,dt_fim_nomeacao,dt_cancelamento)
values(29421,32606,2,3360,1,'1995-12-18 00:00:00.000',NULL,'1995-12-18 00:00:00.000',NULL,NULL);

insert into v_cargo_base_cotic (cd_cargo_base_servidor,cd_servidor,cd_vinculo_sigpec,cd_cargo,cd_situacao_funcional,dt_nomeacao,dt_posse,dt_inicio_exercicio,dt_fim_nomeacao,dt_cancelamento)
values(31878,35169,2,3255,1,'1993-10-27 00:00:00.000',NULL,'1993-10-27 00:00:00.000','2016-05-17 00:00:00.000',NULL);

insert into v_cargo_base_cotic (cd_cargo_base_servidor,cd_servidor,cd_vinculo_sigpec,cd_cargo,cd_situacao_funcional,dt_nomeacao,dt_posse,dt_inicio_exercicio,dt_fim_nomeacao,dt_cancelamento)
values(367315,35169,3,3255,1,'2002-10-16 00:00:00.000','2002-10-09 00:00:00.000','2002-10-16 00:00:00.000',NULL,NULL);

insert into v_cargo_base_cotic (cd_cargo_base_servidor,cd_servidor,cd_vinculo_sigpec,cd_cargo,cd_situacao_funcional,dt_nomeacao,dt_posse,dt_inicio_exercicio,dt_fim_nomeacao,dt_cancelamento)
values(36474,40914,NULL,3409,1,NULL,'1997-03-20 00:00:00.000','1997-03-20 00:00:00.000','2002-07-24 00:00:00.000',NULL);

insert into v_cargo_base_cotic (cd_cargo_base_servidor,cd_servidor,cd_vinculo_sigpec,cd_cargo,cd_situacao_funcional,dt_nomeacao,dt_posse,dt_inicio_exercicio,dt_fim_nomeacao,dt_cancelamento)
values(357214,40914,1,3298,1,'2002-07-24 00:00:00.000','2002-07-24 00:00:00.000','2002-07-24 00:00:00.000',NULL,NULL);

insert into v_cargo_base_cotic (cd_cargo_base_servidor,cd_servidor,cd_vinculo_sigpec,cd_cargo,cd_situacao_funcional,dt_nomeacao,dt_posse,dt_inicio_exercicio,dt_fim_nomeacao,dt_cancelamento)
values(49458,41452,NULL,4502,2,'1997-05-23 00:00:00.000','1997-05-23 00:00:00.000','1997-05-23 00:00:00.000','2000-01-19 00:00:00.000',NULL);

insert into v_cargo_base_cotic (cd_cargo_base_servidor,cd_servidor,cd_vinculo_sigpec,cd_cargo,cd_situacao_funcional,dt_nomeacao,dt_posse,dt_inicio_exercicio,dt_fim_nomeacao,dt_cancelamento)
values(325776,41452,NULL,3182,2,'2000-01-19 00:00:00.000','2000-01-19 00:00:00.000','2000-01-19 00:00:00.000','2003-02-25 00:00:00.000',NULL);

insert into v_cargo_base_cotic (cd_cargo_base_servidor,cd_servidor,cd_vinculo_sigpec,cd_cargo,cd_situacao_funcional,dt_nomeacao,dt_posse,dt_inicio_exercicio,dt_fim_nomeacao,dt_cancelamento)
values(371454,41452,3,4906,1,'2003-02-25 00:00:00.000','2003-02-25 00:00:00.000','2003-02-25 00:00:00.000','2010-05-17 00:00:00.000',NULL);

insert into v_cargo_base_cotic (cd_cargo_base_servidor,cd_servidor,cd_vinculo_sigpec,cd_cargo,cd_situacao_funcional,dt_nomeacao,dt_posse,dt_inicio_exercicio,dt_fim_nomeacao,dt_cancelamento)
values(441234,41452,4,3263,1,NULL,'2010-05-17 00:00:00.000','2010-05-17 00:00:00.000',NULL,NULL);

insert into v_cargo_base_cotic (cd_cargo_base_servidor,cd_servidor,cd_vinculo_sigpec,cd_cargo,cd_situacao_funcional,dt_nomeacao,dt_posse,dt_inicio_exercicio,dt_fim_nomeacao,dt_cancelamento)
values(468970,41452,5,3263,1,NULL,'2014-06-11 00:00:00.000','2014-06-11 00:00:00.000',NULL,NULL);

insert into v_cargo_base_cotic (cd_cargo_base_servidor,cd_servidor,cd_vinculo_sigpec,cd_cargo,cd_situacao_funcional,dt_nomeacao,dt_posse,dt_inicio_exercicio,dt_fim_nomeacao,dt_cancelamento)
values(37930,42783,NULL,3395,1,NULL,'1900-01-01 00:00:00.000','1997-10-03 00:00:00.000','2002-08-18 00:00:00.000',NULL);

insert into v_cargo_base_cotic (cd_cargo_base_servidor,cd_servidor,cd_vinculo_sigpec,cd_cargo,cd_situacao_funcional,dt_nomeacao,dt_posse,dt_inicio_exercicio,dt_fim_nomeacao,dt_cancelamento)
values(359487,42783,1,3239,1,'2002-08-19 00:00:00.000','2002-08-19 00:00:00.000','2002-08-19 00:00:00.000',NULL,NULL);

insert into v_cargo_base_cotic (cd_cargo_base_servidor,cd_servidor,cd_vinculo_sigpec,cd_cargo,cd_situacao_funcional,dt_nomeacao,dt_posse,dt_inicio_exercicio,dt_fim_nomeacao,dt_cancelamento)
values(370171,42783,2,3239,1,'2003-01-09 00:00:00.000','2003-01-09 00:00:00.000','2003-01-09 00:00:00.000',NULL,NULL);

insert into v_cargo_base_cotic (cd_cargo_base_servidor,cd_servidor,cd_vinculo_sigpec,cd_cargo,cd_situacao_funcional,dt_nomeacao,dt_posse,dt_inicio_exercicio,dt_fim_nomeacao,dt_cancelamento)
values(320330,165405,1,3239,1,'1999-10-13 00:00:00.000','1999-10-05 00:00:00.000','1999-10-13 00:00:00.000',NULL,NULL);

insert into v_cargo_base_cotic (cd_cargo_base_servidor,cd_servidor,cd_vinculo_sigpec,cd_cargo,cd_situacao_funcional,dt_nomeacao,dt_posse,dt_inicio_exercicio,dt_fim_nomeacao,dt_cancelamento)
values(323932,166749,1,3239,1,'1999-11-22 00:00:00.000','1999-10-22 00:00:00.000','1999-11-22 00:00:00.000',NULL,NULL);

insert into v_cargo_base_cotic (cd_cargo_base_servidor,cd_servidor,cd_vinculo_sigpec,cd_cargo,cd_situacao_funcional,dt_nomeacao,dt_posse,dt_inicio_exercicio,dt_fim_nomeacao,dt_cancelamento)
values(334945,166749,NULL,3395,1,NULL,'2001-06-21 00:00:00.000','2001-06-25 00:00:00.000','2002-06-20 00:00:00.000',NULL);

insert into v_cargo_base_cotic (cd_cargo_base_servidor,cd_servidor,cd_vinculo_sigpec,cd_cargo,cd_situacao_funcional,dt_nomeacao,dt_posse,dt_inicio_exercicio,dt_fim_nomeacao,dt_cancelamento)
values(365826,166749,NULL,3387,1,'2002-09-23 00:00:00.000','2002-09-19 00:00:00.000','2002-09-23 00:00:00.000','2008-02-25 00:00:00.000',NULL);

insert into v_cargo_base_cotic (cd_cargo_base_servidor,cd_servidor,cd_vinculo_sigpec,cd_cargo,cd_situacao_funcional,dt_nomeacao,dt_posse,dt_inicio_exercicio,dt_fim_nomeacao,dt_cancelamento)
values(418853,166749,3,3239,1,'2008-02-25 00:00:00.000','2008-02-25 00:00:00.000','2008-02-25 00:00:00.000',NULL,NULL);

insert into v_cargo_base_cotic (cd_cargo_base_servidor,cd_servidor,cd_vinculo_sigpec,cd_cargo,cd_situacao_funcional,dt_nomeacao,dt_posse,dt_inicio_exercicio,dt_fim_nomeacao,dt_cancelamento)
values(329840,170427,NULL,3441,1,'2000-06-26 00:00:00.000','2000-06-13 00:00:00.000','2000-06-26 00:00:00.000','2001-04-23 00:00:00.000',NULL);

insert into v_cargo_base_cotic (cd_cargo_base_servidor,cd_servidor,cd_vinculo_sigpec,cd_cargo,cd_situacao_funcional,dt_nomeacao,dt_posse,dt_inicio_exercicio,dt_fim_nomeacao,dt_cancelamento)
values(359997,170427,2,3239,1,'2002-08-08 00:00:00.000','2002-08-08 00:00:00.000','2002-08-08 00:00:00.000','2019-03-26 00:00:00.000',NULL);

insert into v_cargo_base_cotic (cd_cargo_base_servidor,cd_servidor,cd_vinculo_sigpec,cd_cargo,cd_situacao_funcional,dt_nomeacao,dt_posse,dt_inicio_exercicio,dt_fim_nomeacao,dt_cancelamento)
values(514611,170427,2,3360,1,NULL,'2019-03-27 00:00:00.000','2019-03-27 00:00:00.000',NULL,NULL);

insert into v_cargo_base_cotic (cd_cargo_base_servidor,cd_servidor,cd_vinculo_sigpec,cd_cargo,cd_situacao_funcional,dt_nomeacao,dt_posse,dt_inicio_exercicio,dt_fim_nomeacao,dt_cancelamento)
values(370374,198550,2,3239,1,'2003-01-16 00:00:00.000','2003-01-09 00:00:00.000','2003-01-16 00:00:00.000',NULL,NULL);

insert into v_cargo_base_cotic (cd_cargo_base_servidor,cd_servidor,cd_vinculo_sigpec,cd_cargo,cd_situacao_funcional,dt_nomeacao,dt_posse,dt_inicio_exercicio,dt_fim_nomeacao,dt_cancelamento)
values(353425,189115,1,3298,1,'2002-08-02 00:00:00.000','2002-08-02 00:00:00.000','2002-08-02 00:00:00.000','2018-01-28 00:00:00.000',NULL);

insert into v_cargo_base_cotic (cd_cargo_base_servidor,cd_servidor,cd_vinculo_sigpec,cd_cargo,cd_situacao_funcional,dt_nomeacao,dt_posse,dt_inicio_exercicio,dt_fim_nomeacao,dt_cancelamento)
values(501481,189115,1,3360,1,NULL,'2018-01-29 00:00:00.000','2018-01-29 00:00:00.000',NULL,NULL);

insert into v_cargo_base_cotic (cd_cargo_base_servidor,cd_servidor,cd_vinculo_sigpec,cd_cargo,cd_situacao_funcional,dt_nomeacao,dt_posse,dt_inicio_exercicio,dt_fim_nomeacao,dt_cancelamento)
values(354220,189910,1,3271,1,'2002-08-02 00:00:00.000','2002-07-31 00:00:00.000','2002-08-02 00:00:00.000','2018-02-04 00:00:00.000',NULL);

insert into v_cargo_base_cotic (cd_cargo_base_servidor,cd_servidor,cd_vinculo_sigpec,cd_cargo,cd_situacao_funcional,dt_nomeacao,dt_posse,dt_inicio_exercicio,dt_fim_nomeacao,dt_cancelamento)
values(439596,189910,2,3271,1,NULL,'2010-04-13 00:00:00.000','2010-04-13 00:00:00.000',NULL,NULL);

insert into v_cargo_base_cotic (cd_cargo_base_servidor,cd_servidor,cd_vinculo_sigpec,cd_cargo,cd_situacao_funcional,dt_nomeacao,dt_posse,dt_inicio_exercicio,dt_fim_nomeacao,dt_cancelamento)
values(502664,189910,1,3360,1,NULL,'2018-02-05 00:00:00.000','2018-02-05 00:00:00.000',NULL,NULL);

insert into v_cargo_base_cotic (cd_cargo_base_servidor,cd_servidor,cd_vinculo_sigpec,cd_cargo,cd_situacao_funcional,dt_nomeacao,dt_posse,dt_inicio_exercicio,dt_fim_nomeacao,dt_cancelamento)
values(358446,190858,1,3239,1,'2002-09-16 00:00:00.000','2002-09-09 00:00:00.000','2002-09-16 00:00:00.000',NULL,NULL);

insert into v_cargo_base_cotic (cd_cargo_base_servidor,cd_servidor,cd_vinculo_sigpec,cd_cargo,cd_situacao_funcional,dt_nomeacao,dt_posse,dt_inicio_exercicio,dt_fim_nomeacao,dt_cancelamento)
values(361346,193158,1,3239,1,'2002-10-09 00:00:00.000','2002-09-11 00:00:00.000','2002-10-09 00:00:00.000',NULL,NULL);

insert into v_cargo_base_cotic (cd_cargo_base_servidor,cd_servidor,cd_vinculo_sigpec,cd_cargo,cd_situacao_funcional,dt_nomeacao,dt_posse,dt_inicio_exercicio,dt_fim_nomeacao,dt_cancelamento)
values(367586,196687,NULL,3468,1,'2002-10-21 00:00:00.000','2002-04-11 00:00:00.000','2002-10-21 00:00:00.000','2008-02-18 00:00:00.000',NULL);

insert into v_cargo_base_cotic (cd_cargo_base_servidor,cd_servidor,cd_vinculo_sigpec,cd_cargo,cd_situacao_funcional,dt_nomeacao,dt_posse,dt_inicio_exercicio,dt_fim_nomeacao,dt_cancelamento)
values(394549,196687,2,3263,1,'2004-08-13 00:00:00.000','2004-08-13 00:00:00.000','2004-08-13 00:00:00.000','2019-04-12 00:00:00.000',NULL);

insert into v_cargo_base_cotic (cd_cargo_base_servidor,cd_servidor,cd_vinculo_sigpec,cd_cargo,cd_situacao_funcional,dt_nomeacao,dt_posse,dt_inicio_exercicio,dt_fim_nomeacao,dt_cancelamento)
values(418950,196687,1,3263,1,'2008-02-15 00:00:00.000','2008-02-19 00:00:00.000','2008-02-19 00:00:00.000',NULL,NULL);

insert into v_cargo_base_cotic (cd_cargo_base_servidor,cd_servidor,cd_vinculo_sigpec,cd_cargo,cd_situacao_funcional,dt_nomeacao,dt_posse,dt_inicio_exercicio,dt_fim_nomeacao,dt_cancelamento)
values(367776,196820,1,3280,1,'2002-10-24 00:00:00.000','2002-10-18 00:00:00.000','2002-10-24 00:00:00.000','2017-04-09 00:00:00.000',NULL);

insert into v_cargo_base_cotic (cd_cargo_base_servidor,cd_servidor,cd_vinculo_sigpec,cd_cargo,cd_situacao_funcional,dt_nomeacao,dt_posse,dt_inicio_exercicio,dt_fim_nomeacao,dt_cancelamento)
values(503121,196820,1,3360,1,NULL,'2018-04-10 00:00:00.000','2018-04-10 00:00:00.000',NULL,NULL);

insert into v_cargo_base_cotic (cd_cargo_base_servidor,cd_servidor,cd_vinculo_sigpec,cd_cargo,cd_situacao_funcional,dt_nomeacao,dt_posse,dt_inicio_exercicio,dt_fim_nomeacao,dt_cancelamento)
values(368408,197181,1,3255,1,NULL,'2002-11-14 00:00:00.000','2002-11-26 00:00:00.000',NULL,NULL);

insert into v_cargo_base_cotic (cd_cargo_base_servidor,cd_servidor,cd_vinculo_sigpec,cd_cargo,cd_situacao_funcional,dt_nomeacao,dt_posse,dt_inicio_exercicio,dt_fim_nomeacao,dt_cancelamento)
values(369938,198292,1,3840,1,'2003-01-17 00:00:00.000','2003-01-17 00:00:00.000','2003-01-17 00:00:00.000',NULL,NULL);

insert into v_cargo_base_cotic (cd_cargo_base_servidor,cd_servidor,cd_vinculo_sigpec,cd_cargo,cd_situacao_funcional,dt_nomeacao,dt_posse,dt_inicio_exercicio,dt_fim_nomeacao,dt_cancelamento)
values(414703,214547,1,3239,1,'2007-02-13 00:00:00.000','2007-02-13 00:00:00.000','2007-02-13 00:00:00.000',NULL,NULL);

insert into v_cargo_base_cotic (cd_cargo_base_servidor,cd_servidor,cd_vinculo_sigpec,cd_cargo,cd_situacao_funcional,dt_nomeacao,dt_posse,dt_inicio_exercicio,dt_fim_nomeacao,dt_cancelamento)
values(426603,220837,1,3875,1,NULL,'2008-09-01 00:00:00.000','2008-09-02 00:00:00.000',NULL,NULL);

insert into v_cargo_base_cotic (cd_cargo_base_servidor,cd_servidor,cd_vinculo_sigpec,cd_cargo,cd_situacao_funcional,dt_nomeacao,dt_posse,dt_inicio_exercicio,dt_fim_nomeacao,dt_cancelamento)
values(431173,223749,1,3239,1,NULL,'2009-05-22 00:00:00.000','2009-05-22 00:00:00.000','2021-04-18 00:00:00.000',NULL);

insert into v_cargo_base_cotic (cd_cargo_base_servidor,cd_servidor,cd_vinculo_sigpec,cd_cargo,cd_situacao_funcional,dt_nomeacao,dt_posse,dt_inicio_exercicio,dt_fim_nomeacao,dt_cancelamento)
values(528715,223749,1,3379,1,NULL,'2021-04-19 00:00:00.000','2021-04-19 00:00:00.000',NULL,NULL);

insert into v_cargo_base_cotic (cd_cargo_base_servidor,cd_servidor,cd_vinculo_sigpec,cd_cargo,cd_situacao_funcional,dt_nomeacao,dt_posse,dt_inicio_exercicio,dt_fim_nomeacao,dt_cancelamento)
values(439221,228829,1,3336,1,NULL,'2010-04-13 00:00:00.000','2010-04-13 00:00:00.000',NULL,NULL);

insert into v_cargo_base_cotic (cd_cargo_base_servidor,cd_servidor,cd_vinculo_sigpec,cd_cargo,cd_situacao_funcional,dt_nomeacao,dt_posse,dt_inicio_exercicio,dt_fim_nomeacao,dt_cancelamento)
values(453064,228829,2,3336,1,NULL,'2012-01-17 00:00:00.000','2012-01-17 00:00:00.000',NULL,NULL);

insert into v_cargo_base_cotic (cd_cargo_base_servidor,cd_servidor,cd_vinculo_sigpec,cd_cargo,cd_situacao_funcional,dt_nomeacao,dt_posse,dt_inicio_exercicio,dt_fim_nomeacao,dt_cancelamento)
values(440126,229320,1,3280,1,NULL,'2010-04-20 00:00:00.000','2010-04-27 00:00:00.000',NULL,NULL);

insert into v_cargo_base_cotic (cd_cargo_base_servidor,cd_servidor,cd_vinculo_sigpec,cd_cargo,cd_situacao_funcional,dt_nomeacao,dt_posse,dt_inicio_exercicio,dt_fim_nomeacao,dt_cancelamento)
values(441248,230149,1,3344,1,NULL,'2010-04-29 00:00:00.000','2010-05-05 00:00:00.000','2014-01-16 00:00:00.000',NULL);

insert into v_cargo_base_cotic (cd_cargo_base_servidor,cd_servidor,cd_vinculo_sigpec,cd_cargo,cd_situacao_funcional,dt_nomeacao,dt_posse,dt_inicio_exercicio,dt_fim_nomeacao,dt_cancelamento)
values(464906,230149,1,3379,1,NULL,'2014-01-17 00:00:00.000','2014-01-17 00:00:00.000',NULL,NULL);

insert into v_cargo_base_cotic (cd_cargo_base_servidor,cd_servidor,cd_vinculo_sigpec,cd_cargo,cd_situacao_funcional,dt_nomeacao,dt_posse,dt_inicio_exercicio,dt_fim_nomeacao,dt_cancelamento)
values(441006,229960,1,3336,1,NULL,'2010-04-22 00:00:00.000','2010-05-03 00:00:00.000',NULL,NULL);

insert into v_cargo_base_cotic (cd_cargo_base_servidor,cd_servidor,cd_vinculo_sigpec,cd_cargo,cd_situacao_funcional,dt_nomeacao,dt_posse,dt_inicio_exercicio,dt_fim_nomeacao,dt_cancelamento)
values(441796,230563,1,3280,1,NULL,'2010-05-21 00:00:00.000','2010-05-31 00:00:00.000',NULL,NULL);

insert into v_cargo_base_cotic (cd_cargo_base_servidor,cd_servidor,cd_vinculo_sigpec,cd_cargo,cd_situacao_funcional,dt_nomeacao,dt_posse,dt_inicio_exercicio,dt_fim_nomeacao,dt_cancelamento)
values(443899,231779,1,3239,1,NULL,'2010-09-03 00:00:00.000','2010-09-08 00:00:00.000',NULL,NULL);

insert into v_cargo_base_cotic (cd_cargo_base_servidor,cd_servidor,cd_vinculo_sigpec,cd_cargo,cd_situacao_funcional,dt_nomeacao,dt_posse,dt_inicio_exercicio,dt_fim_nomeacao,dt_cancelamento)
values(444034,231855,1,3298,1,NULL,'2010-08-26 00:00:00.000','2010-09-08 00:00:00.000',NULL,NULL);

insert into v_cargo_base_cotic (cd_cargo_base_servidor,cd_servidor,cd_vinculo_sigpec,cd_cargo,cd_situacao_funcional,dt_nomeacao,dt_posse,dt_inicio_exercicio,dt_fim_nomeacao,dt_cancelamento)
values(451530,236279,1,3239,1,NULL,'2011-07-25 00:00:00.000','2011-08-08 00:00:00.000',NULL,NULL);

insert into v_cargo_base_cotic (cd_cargo_base_servidor,cd_servidor,cd_vinculo_sigpec,cd_cargo,cd_situacao_funcional,dt_nomeacao,dt_posse,dt_inicio_exercicio,dt_fim_nomeacao,dt_cancelamento)
values(453782,237728,1,3344,1,NULL,'2012-01-16 00:00:00.000','2012-01-17 00:00:00.000','2012-08-14 00:00:00.000',NULL);

insert into v_cargo_base_cotic (cd_cargo_base_servidor,cd_servidor,cd_vinculo_sigpec,cd_cargo,cd_situacao_funcional,dt_nomeacao,dt_posse,dt_inicio_exercicio,dt_fim_nomeacao,dt_cancelamento)
values(458384,237728,2,3298,1,NULL,'2012-08-14 00:00:00.000','2012-08-14 00:00:00.000',NULL,NULL);

insert into v_cargo_base_cotic (cd_cargo_base_servidor,cd_servidor,cd_vinculo_sigpec,cd_cargo,cd_situacao_funcional,dt_nomeacao,dt_posse,dt_inicio_exercicio,dt_fim_nomeacao,dt_cancelamento)
values(464679,244886,1,3239,1,NULL,'2014-01-07 00:00:00.000','2014-01-07 00:00:00.000',NULL,NULL);

insert into v_cargo_base_cotic (cd_cargo_base_servidor,cd_servidor,cd_vinculo_sigpec,cd_cargo,cd_situacao_funcional,dt_nomeacao,dt_posse,dt_inicio_exercicio,dt_fim_nomeacao,dt_cancelamento)
values(473343,250295,1,3239,1,NULL,'2015-02-19 00:00:00.000','2015-02-20 00:00:00.000',NULL,NULL);

insert into v_cargo_base_cotic (cd_cargo_base_servidor,cd_servidor,cd_vinculo_sigpec,cd_cargo,cd_situacao_funcional,dt_nomeacao,dt_posse,dt_inicio_exercicio,dt_fim_nomeacao,dt_cancelamento)
values(485438,258342,1,3239,1,NULL,'2016-04-01 00:00:00.000','2016-04-15 00:00:00.000',NULL,NULL);

insert into v_cargo_base_cotic (cd_cargo_base_servidor,cd_servidor,cd_vinculo_sigpec,cd_cargo,cd_situacao_funcional,dt_nomeacao,dt_posse,dt_inicio_exercicio,dt_fim_nomeacao,dt_cancelamento)
values(495702,265591,1,3255,1,NULL,'2017-07-31 00:00:00.000','2017-08-08 00:00:00.000',NULL,NULL);


INSERT INTO turma_escola (cd_turma_escola,cd_tipo_periodicidade,an_letivo,cd_escola,dc_turma_escola,cd_ambiente_escola,cd_tipo_atendimento,cd_tipo_turma,cd_tipo_programa,qt_vaga_oferecida,st_turma_escola,ho_entrada,ho_saida,dt_inicio_turma,dt_fim_turma,dt_inicio,dt_fim,dt_atualizacao_tabela,cd_operador,cd_tipo_turno,cd_duracao,cd_correspondencia_serie,dt_status_turma_escola,cd_turma_prodesp,cd_tipo_turno_texto) VALUES
	 (2248061,1,2021,'019506','1A',333619,0,1,NULL,29,'O','1330','1830','2021-02-15 00:00:00.0','2021-12-22 00:00:00.0','2020-08-28 11:07:19.393',NULL,'2021-05-17 11:36:58.707','10667',3,9,133,'2021-03-25 12:28:10.677',250292018,'03'),
	 (2248087,1,2021,'019506','2A',333614,0,1,NULL,31,'O','1330','1830','2021-02-15 00:00:00.0','2021-12-22 00:00:00.0','2020-08-28 11:10:16.553',NULL,'2021-05-05 14:58:29.29','10667',3,9,135,'2021-03-25 12:28:46.87',250294261,'03'),
	 (2248113,1,2021,'019506','3A',333610,0,1,NULL,31,'O','1330','1830','2021-02-15 00:00:00.0','2021-12-22 00:00:00.0','2020-08-28 11:12:58.757',NULL,'2021-03-25 12:29:34.233','46093',3,9,137,'2021-03-25 12:29:34.233',250296217,'03'),
	 (2257214,1,2021,'094668','3A',148908,0,1,NULL,35,'O','0700','1200','2021-02-15 00:00:00.0','2021-12-22 00:00:00.0','2020-09-01 15:22:59.74',NULL,'2021-04-14 09:49:37.56','5935',1,5,141,'2021-04-14 09:49:37.56',251022083,'01'),
	 (2257238,1,2021,'094668','3C',148894,0,1,NULL,35,'O','0700','1200','2021-02-15 00:00:00.0','2021-12-22 00:00:00.0','2020-09-01 15:26:00.91',NULL,'2021-04-14 09:51:54.657','5935',1,5,141,'2021-04-14 09:51:54.657',251024469,'01'),
	 (2257344,1,2021,'094668','GA',150324,0,1,NULL,35,'O','0700','1300','2021-02-15 00:00:00.0','2021-12-22 00:00:00.0','2020-09-01 15:41:53.313',NULL,'2021-04-14 09:57:14.253','5935',1,6,171,'2021-04-14 09:57:14.253',253804561,'01'),
	 (2257353,1,2021,'094668','GB',150318,0,1,NULL,35,'O','0700','1300','2021-02-15 00:00:00.0','2021-12-22 00:00:00.0','2020-09-01 15:43:02.823',NULL,'2021-04-14 09:58:33.397','5935',1,6,171,'2021-04-14 09:58:33.397',251035556,'01'),
	 (2257361,1,2021,'094668','GA',150313,0,1,NULL,35,'O','0700','1300','2021-02-15 00:00:00.0','2021-12-22 00:00:00.0','2020-09-01 15:44:35.42',NULL,'2021-04-14 10:03:46.767','5935',1,6,173,'2021-04-14 10:03:46.767',251036208,'01'),
	 (2257380,1,2021,'094668','GB',181465,0,1,NULL,35,'O','0700','1300','2021-02-15 00:00:00.0','2021-12-22 00:00:00.0','2020-09-01 15:46:37.687',NULL,'2021-04-14 10:04:48.31','5935',1,6,173,'2021-04-14 10:04:48.31',251037776,'01'),
	 (2257398,1,2021,'094668','GA',181482,0,1,NULL,21,'O','0700','1300','2021-02-15 00:00:00.0','2021-12-22 00:00:00.0','2020-09-01 15:49:13.263',NULL,'2021-04-14 10:07:21.137','5935',1,6,175,'2021-04-14 10:07:21.137',251039350,'01');
INSERT INTO turma_escola (cd_turma_escola,cd_tipo_periodicidade,an_letivo,cd_escola,dc_turma_escola,cd_ambiente_escola,cd_tipo_atendimento,cd_tipo_turma,cd_tipo_programa,qt_vaga_oferecida,st_turma_escola,ho_entrada,ho_saida,dt_inicio_turma,dt_fim_turma,dt_inicio,dt_fim,dt_atualizacao_tabela,cd_operador,cd_tipo_turno,cd_duracao,cd_correspondencia_serie,dt_status_turma_escola,cd_turma_prodesp,cd_tipo_turno_texto) VALUES
	 (2257421,1,2021,'094668','GB',181478,0,1,NULL,22,'O','0700','1300','2021-02-15 00:00:00.0','2021-12-22 00:00:00.0','2020-09-01 15:52:25.65',NULL,'2021-04-14 11:47:10.213','5935',1,6,175,'2021-04-14 11:47:10.213',251041422,'01'),
	 (2257460,1,2021,'094668','GA',181482,0,1,NULL,28,'O','0700','1300','2021-02-15 00:00:00.0','2021-12-22 00:00:00.0','2020-09-01 15:56:47.82',NULL,'2021-04-14 10:08:03.49','5935',1,6,177,'2021-04-14 10:08:03.49',253804553,'01'),
	 (2257614,1,2021,'017442','3B',281607,0,1,NULL,36,'O','0705','1205','2021-02-15 00:00:00.0','2021-12-22 00:00:00.0','2020-09-01 16:21:54.2',NULL,'2021-01-28 10:39:29.51','74235',1,5,141,'2021-01-28 10:39:29.51',251056925,'01'),
	 (2257647,1,2021,'017442','3A',281543,0,2,NULL,35,'A','0740','1040','2021-02-15 00:00:00.0','2021-12-22 00:00:00.0','2020-09-01 16:35:35.95',NULL,'2020-09-01 16:35:35.95','74235',1,14,394,'2020-09-01 16:35:35.95',NULL,'01'),
	 (2261300,3,2021,'094765','3A',151070,0,1,NULL,35,'O','1900','2300','2021-02-15 00:00:00.0','2021-07-09 00:00:00.0','2020-09-02 15:29:59.45',NULL,'2021-04-13 17:24:02.073','96016',5,7,758,'2021-04-13 17:24:02.073',253701965,'05'),
	 (2261329,3,2021,'094765','4A',151071,0,1,NULL,35,'O','1900','2300','2021-02-15 00:00:00.0','2021-07-09 00:00:00.0','2020-09-02 15:31:17.13',NULL,'2021-04-13 17:24:11.23','96016',5,7,760,'2021-04-13 17:24:11.23',252999719,'05'),
	 (2266234,1,2021,'019493','5A',311377,0,1,NULL,35,'O','0700','1300','2021-02-15 00:00:00.0','2021-12-22 00:00:00.0','2020-09-03 21:28:11.23',NULL,'2021-02-05 15:05:19.393','5121',1,6,61,'2021-02-05 15:05:19.393',251397188,'01'),
	 (2266236,1,2021,'019493','5B',311378,0,1,NULL,35,'O','0700','1300','2021-02-15 00:00:00.0','2021-12-22 00:00:00.0','2020-09-03 21:29:01.027',NULL,'2021-02-05 15:05:31.407','5121',1,6,61,'2021-02-05 15:05:31.407',251397238,'01'),
	 (2266245,1,2021,'019493','6A',311382,0,1,NULL,35,'O','0700','1300','2021-02-15 00:00:00.0','2021-12-22 00:00:00.0','2020-09-03 21:32:34.28',NULL,'2021-02-05 15:07:07.053','5121',1,6,69,'2021-02-05 15:07:07.053',251397386,'01'),
	 (2266247,1,2021,'019493','6B',311383,0,1,NULL,35,'O','0700','1300','2021-02-15 00:00:00.0','2021-12-22 00:00:00.0','2020-09-03 21:33:20.31',NULL,'2021-02-05 15:07:18.473','5121',1,6,69,'2021-02-05 15:07:18.473',251397410,'01');
INSERT INTO turma_escola (cd_turma_escola,cd_tipo_periodicidade,an_letivo,cd_escola,dc_turma_escola,cd_ambiente_escola,cd_tipo_atendimento,cd_tipo_turma,cd_tipo_programa,qt_vaga_oferecida,st_turma_escola,ho_entrada,ho_saida,dt_inicio_turma,dt_fim_turma,dt_inicio,dt_fim,dt_atualizacao_tabela,cd_operador,cd_tipo_turno,cd_duracao,cd_correspondencia_serie,dt_status_turma_escola,cd_turma_prodesp,cd_tipo_turno_texto) VALUES
	 (2268187,1,2021,'094668','3A',280509,0,2,NULL,35,'A','0700','1000','2021-02-15 00:00:00.0','2021-12-22 00:00:00.0','2020-09-04 12:39:09.423',NULL,'2021-05-06 15:27:29.7','11293',1,14,394,'2020-09-04 12:39:09.423',NULL,'01'),
	 (2268241,1,2021,'094668','3C',280509,0,2,NULL,33,'A','0700','1000','2021-02-15 00:00:00.0','2021-12-22 00:00:00.0','2020-09-04 12:41:30.22',NULL,'2020-09-04 12:41:30.22','5935',1,14,394,'2020-09-04 12:41:30.22',NULL,'01'),
	 (2268431,1,2021,'094668','1X',280509,0,2,NULL,35,'A','0700','0900','2021-02-15 00:00:00.0','2021-12-22 00:00:00.0','2020-09-04 12:47:04.777',NULL,'2020-09-04 12:47:04.777','5935',1,13,393,'2020-09-04 12:47:04.777',NULL,'01'),
	 (2268506,1,2021,'094668','2X',280509,0,2,NULL,35,'A','0700','0900','2021-02-15 00:00:00.0','2021-12-22 00:00:00.0','2020-09-04 12:49:43.687',NULL,'2020-09-04 12:49:43.687','5935',1,13,393,'2020-09-04 12:49:43.687',NULL,'01'),
	 (2269980,1,2021,'019262','1B',218583,0,1,NULL,30,'O','0700','1400','2021-02-15 00:00:00.0','2021-12-22 00:00:00.0','2020-09-04 15:09:40.873',NULL,'2021-04-19 14:07:19.39','163026',6,55,133,'2021-04-19 14:07:19.39',253446199,'06'),
	 (2269982,1,2021,'019262','2B',218582,0,1,NULL,30,'O','0700','1400','2021-02-15 00:00:00.0','2021-12-22 00:00:00.0','2020-09-04 15:09:41.05',NULL,'2021-04-19 14:08:29.777','163026',6,55,135,'2021-04-19 14:08:29.777',253446249,'06'),
	 (2269984,1,2021,'019262','3B',50292,0,1,NULL,32,'O','0700','1200','2021-02-15 00:00:00.0','2021-12-22 00:00:00.0','2020-09-04 15:09:41.173',NULL,'2021-04-19 14:09:07.0','163026',1,5,137,'2021-04-19 14:09:07.0',251451332,'01'),
	 (2270146,1,2021,'019375','5A',285281,0,1,NULL,35,'O','0700','1300','2021-02-15 00:00:00.0','2021-12-22 00:00:00.0','2020-09-04 15:36:45.39',NULL,'2021-02-01 10:59:00.5','51332',1,6,61,'2021-02-01 10:59:00.5',251441622,'01'),
	 (2270156,1,2021,'019375','5B',285284,0,1,NULL,35,'O','0700','1300','2021-02-15 00:00:00.0','2021-12-22 00:00:00.0','2020-09-04 15:37:46.89',NULL,'2021-02-01 10:59:14.637','51332',1,6,61,'2021-02-01 10:59:14.637',251441739,'01'),
	 (2270200,1,2021,'019375','6A',285286,0,1,NULL,35,'O','0700','1300','2021-02-15 00:00:00.0','2021-12-22 00:00:00.0','2020-09-04 15:46:13.893',NULL,'2021-02-01 11:00:27.13','51332',1,6,69,'2021-02-01 11:00:27.13',251442570,'01');
INSERT INTO turma_escola (cd_turma_escola,cd_tipo_periodicidade,an_letivo,cd_escola,dc_turma_escola,cd_ambiente_escola,cd_tipo_atendimento,cd_tipo_turma,cd_tipo_programa,qt_vaga_oferecida,st_turma_escola,ho_entrada,ho_saida,dt_inicio_turma,dt_fim_turma,dt_inicio,dt_fim,dt_atualizacao_tabela,cd_operador,cd_tipo_turno,cd_duracao,cd_correspondencia_serie,dt_status_turma_escola,cd_turma_prodesp,cd_tipo_turno_texto) VALUES
	 (2270227,1,2021,'019375','6B',285287,0,1,NULL,35,'O','0700','1300','2021-02-15 00:00:00.0','2021-12-22 00:00:00.0','2020-09-04 15:47:12.093',NULL,'2021-02-01 11:00:39.13','51332',1,6,69,'2021-02-01 11:00:39.13',251442711,'01'),
	 (2314656,3,2021,'094765','4A',151072,0,1,NULL,35,'E','1900','2300','2021-02-15 00:00:00.0','2021-07-09 00:00:00.0','2020-12-09 18:07:58.48','2020-12-10 09:42:15.723','2020-12-10 09:42:15.723','53119',5,7,759,'2020-12-10 09:42:15.723',253429831,'05'),
	 (2317816,1,2021,'094668','2A',181484,0,1,NULL,35,'O','0700','1400','2021-02-15 00:00:00.0','2021-12-22 00:00:00.0','2020-12-14 16:17:12.23',NULL,'2021-04-14 09:39:09.32','5935',6,55,140,'2021-04-14 09:39:09.32',253819015,'06'),
	 (2317830,1,2021,'094668','2G',148892,0,1,NULL,35,'O','0700','1400','2021-02-15 00:00:00.0','2021-12-22 00:00:00.0','2020-12-14 16:27:02.127',NULL,'2021-04-14 09:48:51.503','5935',6,55,140,'2021-04-14 09:48:51.503',253694665,'06'),
	 (2319094,1,2021,'017442','2A',281566,0,1,NULL,35,'O','0700','1400','2021-02-15 00:00:00.0','2021-12-22 00:00:00.0','2020-12-16 07:39:13.933',NULL,'2021-01-28 10:38:46.28','74235',6,55,140,'2021-01-28 10:38:46.28',253541650,'06'),
	 (2319331,1,2021,'017442','1A',281558,0,1,NULL,35,'O','0705','1405','2021-02-15 00:00:00.0','2021-12-22 00:00:00.0','2020-12-16 14:16:56.783',NULL,'2021-01-28 10:38:23.3','74235',6,55,139,'2021-01-28 10:38:23.3',253732788,'06'),
	 (2325755,1,2021,'094668','1A',280948,0,1,NULL,35,'O','0700','1400','2021-02-15 00:00:00.0','2021-12-22 00:00:00.0','2021-01-18 10:12:47.18',NULL,'2021-04-14 09:21:24.977','5935',6,55,139,'2021-04-14 09:21:24.977',253893614,'06'),
	 (2339895,1,2021,'017442','2 CN',281607,0,7,NULL,35,'A','1050','1450','2021-02-15 00:00:00.0','2021-12-22 00:00:00.0','2021-02-10 09:51:33.367',NULL,'2021-03-03 13:55:27.317','4984',1,4,393,'2021-02-10 09:51:33.367',NULL,'01'),
	 (2339907,1,2021,'017442','2 L',281566,0,7,NULL,35,'A','1050','1450','2021-02-15 00:00:00.0','2021-12-22 00:00:00.0','2021-02-10 10:42:11.197',NULL,'2021-03-03 13:57:30.687','4984',1,4,393,'2021-02-10 10:42:11.197',NULL,'01'),
	 (2341644,1,2021,'094668','MA',148916,0,7,NULL,35,'O','0700','1100','2021-02-15 00:00:00.0','2021-12-22 00:00:00.0','2021-02-24 14:32:46.06',NULL,'2021-04-14 10:20:15.727','5935',1,4,393,'2021-04-14 10:20:15.727',NULL,'01');
INSERT INTO turma_escola (cd_turma_escola,cd_tipo_periodicidade,an_letivo,cd_escola,dc_turma_escola,cd_ambiente_escola,cd_tipo_atendimento,cd_tipo_turma,cd_tipo_programa,qt_vaga_oferecida,st_turma_escola,ho_entrada,ho_saida,dt_inicio_turma,dt_fim_turma,dt_inicio,dt_fim,dt_atualizacao_tabela,cd_operador,cd_tipo_turno,cd_duracao,cd_correspondencia_serie,dt_status_turma_escola,cd_turma_prodesp,cd_tipo_turno_texto) VALUES
	 (2341645,1,2021,'094668','MB',148895,0,7,NULL,35,'O','0700','1100','2021-02-15 00:00:00.0','2021-12-22 00:00:00.0','2021-02-24 14:33:46.14',NULL,'2021-04-14 10:20:29.33','5935',1,4,393,'2021-04-14 10:20:29.33',NULL,'01'),
	 (2341736,1,2021,'094668','LA',148893,0,7,NULL,35,'O','0700','1100','2021-02-15 00:00:00.0','2021-12-22 00:00:00.0','2021-02-25 15:51:01.083',NULL,'2021-04-14 10:19:12.963','5935',1,4,393,'2021-04-14 10:19:12.963',NULL,'01'),
	 (2341737,1,2021,'094668','LB',148895,0,7,NULL,35,'O','0700','1100','2021-02-15 00:00:00.0','2021-12-22 00:00:00.0','2021-02-25 15:51:51.737',NULL,'2021-04-14 10:19:33.26','5935',1,4,393,'2021-04-14 10:19:33.26',NULL,'01'),
	 (2341738,1,2021,'094668','LC',148893,0,7,NULL,35,'O','0700','1100','2021-02-15 00:00:00.0','2021-12-22 00:00:00.0','2021-02-25 15:55:16.08',NULL,'2021-04-14 10:19:55.74','5935',1,4,393,'2021-04-14 10:19:55.74',NULL,'01');


INSERT INTO tipo_turno (cd_tipo_turno,dc_tipo_turno,sg_tipo_turno,ho_inicio_padrao,ho_inicio_tolerancia,qt_hora_acrescimo_tolerancia,dt_cancelamento,dt_atualizacao_tabela,cd_operador,dc_exibicao_portal,ho_maxima_termino_turno) VALUES
	 (1,'Manhã','Manhã','0600','1145','0000',NULL,'2020-01-24 08:35:30.507','3162','Manhã','1700'),
	 (2,'Intermediário','Intermediá','0905','1155','0000',NULL,'2008-02-18 16:06:06.013','carga','Intermediário','1700'),
	 (3,'Tarde','Tarde','1200','1800','0000',NULL,'2012-02-02 13:54:58.013','3162','Tarde','2000'),
	 (4,'Vespertino','Vespertino','1500','1800','0000',NULL,'2011-09-20 14:54:26.21','3162','Vespertino','2200'),
	 (5,'Noite','Noite','1805','2200','0000',NULL,'2011-05-06 13:58:00.457','3162','Noite','2350'),
	 (6,'Integral','Integral','0600','1655','0000',NULL,'2008-02-18 16:06:06.013','carga','Integral','2300');


INSERT INTO duracao_tipo_turno (cd_tipo_turno,cd_duracao,qt_hora_duracao,qt_minuto_duracao,dt_inicio,dt_fim,dt_atualizacao_tabela,cd_operador) VALUES
	 (1,4,4,0,'1998-01-01 00:00:00.0',NULL,'2011-01-21 19:10:38.21','1'),
	 (1,5,5,0,'1998-01-01 00:00:00.0',NULL,'2011-01-21 19:10:38.21','1'),
	 (1,6,6,0,'1998-01-01 00:00:00.0',NULL,'2011-01-21 19:10:38.21','1'),
	 (1,12,1,0,'1998-01-01 00:00:00.0',NULL,'2011-01-21 19:10:38.213','1'),
	 (1,13,2,0,'1998-01-01 00:00:00.0',NULL,'2011-01-21 19:10:38.213','1'),
	 (1,14,3,0,'1998-01-01 00:00:00.0',NULL,'2011-01-21 19:10:38.213','1'),
	 (1,29,2,30,'2011-02-15 11:40:11.97',NULL,'2011-02-15 11:40:11.97','3162'),
	 (1,36,0,45,'2014-02-18 11:59:09.857',NULL,'2014-02-18 11:59:09.857','3162'),
	 (1,43,1,30,'2014-05-13 17:07:09.45',NULL,'2014-05-13 17:07:09.45','23987'),
	 (1,44,2,15,'2014-05-13 17:07:17.827',NULL,'2014-05-13 17:07:17.827','23987');
INSERT INTO duracao_tipo_turno (cd_tipo_turno,cd_duracao,qt_hora_duracao,qt_minuto_duracao,dt_inicio,dt_fim,dt_atualizacao_tabela,cd_operador) VALUES
	 (1,50,3,40,'2014-12-19 14:16:33.087',NULL,'2014-12-19 14:16:33.087','3162'),
	 (1,52,4,10,'2015-01-28 10:26:08.307',NULL,'2015-01-28 10:26:08.307','3162'),
	 (1,56,3,30,'2018-03-01 09:42:21.473',NULL,'2018-03-01 09:42:21.473','3162'),
	 (1,61,1,10,'2021-01-20 18:11:17.56',NULL,'2021-01-20 18:11:17.56','3162'),
	 (2,3,4,0,'1998-01-01 00:00:00.0',NULL,'2011-01-21 19:10:38.21','1'),
	 (2,18,1,0,'1998-01-01 00:00:00.0',NULL,'2011-01-21 19:10:38.213','1'),
	 (2,19,2,0,'1998-01-01 00:00:00.0',NULL,'2011-01-21 19:10:38.213','1'),
	 (2,20,3,0,'1998-01-01 00:00:00.0',NULL,'2011-01-21 19:10:38.213','1'),
	 (2,28,2,30,'2011-02-15 11:39:53.93',NULL,'2011-02-15 11:39:53.93','3162'),
	 (2,35,0,45,'2014-02-18 11:59:02.41',NULL,'2014-02-18 11:59:02.41','3162');
INSERT INTO duracao_tipo_turno (cd_tipo_turno,cd_duracao,qt_hora_duracao,qt_minuto_duracao,dt_inicio,dt_fim,dt_atualizacao_tabela,cd_operador) VALUES
	 (2,41,1,30,'2014-05-13 17:06:12.153',NULL,'2014-05-13 17:06:12.153','23987'),
	 (2,42,2,15,'2014-05-13 17:06:47.44',NULL,'2014-05-13 17:06:47.44','23987'),
	 (2,59,5,0,'2019-12-17 09:20:23.913',NULL,'2019-12-17 09:20:23.913','3162'),
	 (3,8,4,0,'1998-01-01 00:00:00.0',NULL,'2011-01-21 19:10:38.21','1'),
	 (3,9,5,0,'1998-01-01 00:00:00.0',NULL,'2011-01-21 19:10:38.21','1'),
	 (3,10,6,0,'1998-01-01 00:00:00.0',NULL,'2011-01-21 19:10:38.21','1'),
	 (3,15,1,0,'1998-01-01 00:00:00.0',NULL,'2011-01-21 19:10:38.213','1'),
	 (3,16,2,0,'1998-01-01 00:00:00.0',NULL,'2011-01-21 19:10:38.213','1'),
	 (3,17,3,0,'1998-01-01 00:00:00.0',NULL,'2011-01-21 19:10:38.213','1'),
	 (3,31,2,15,'2011-02-15 11:40:46.133',NULL,'2014-05-13 17:09:32.063','23987');
INSERT INTO duracao_tipo_turno (cd_tipo_turno,cd_duracao,qt_hora_duracao,qt_minuto_duracao,dt_inicio,dt_fim,dt_atualizacao_tabela,cd_operador) VALUES
	 (3,38,0,45,'2014-02-18 11:59:29.09',NULL,'2014-02-18 11:59:29.09','3162'),
	 (3,45,1,30,'2014-05-13 17:09:43.55',NULL,'2014-05-13 17:09:43.55','23987'),
	 (3,48,2,30,'2014-11-24 14:35:07.517',NULL,'2014-11-24 14:35:07.517','46804'),
	 (3,51,3,40,'2014-12-19 14:21:09.393',NULL,'2014-12-19 14:21:09.393','3162'),
	 (3,53,4,10,'2015-01-28 10:26:19.18',NULL,'2015-01-28 10:26:19.18','3162'),
	 (3,57,3,30,'2018-03-01 09:50:34.493',NULL,'2018-03-01 09:50:34.493','3162'),
	 (3,62,1,10,'2021-01-20 18:11:36.813',NULL,'2021-01-20 18:11:36.813','3162'),
	 (4,11,4,0,'1998-01-01 00:00:00.0',NULL,'2011-01-21 19:10:38.21','1'),
	 (4,21,1,0,'1998-01-01 00:00:00.0',NULL,'2011-01-21 19:10:38.213','1'),
	 (4,22,2,0,'1998-01-01 00:00:00.0',NULL,'2011-01-21 19:10:38.213','1');
INSERT INTO duracao_tipo_turno (cd_tipo_turno,cd_duracao,qt_hora_duracao,qt_minuto_duracao,dt_inicio,dt_fim,dt_atualizacao_tabela,cd_operador) VALUES
	 (4,23,3,0,'1998-01-01 00:00:00.0',NULL,'2011-01-21 19:10:38.213','1'),
	 (4,32,2,15,'2011-02-15 11:41:00.067',NULL,'2014-05-13 17:10:04.243','23987'),
	 (4,39,0,45,'2014-02-18 11:59:36.823',NULL,'2014-02-18 11:59:36.823','3162'),
	 (4,46,1,30,'2014-05-13 17:10:23.2',NULL,'2014-05-13 17:10:23.2','23987'),
	 (4,49,2,30,'2014-11-24 14:35:30.047',NULL,'2014-11-24 14:35:30.047','46804'),
	 (4,60,1,10,'2021-01-19 11:02:55.56',NULL,'2021-01-19 11:02:55.56','3162'),
	 (5,7,4,0,'1998-01-01 00:00:00.0',NULL,'2011-01-21 19:10:38.21','1'),
	 (5,24,1,0,'1998-01-01 00:00:00.0',NULL,'2011-01-21 19:10:38.217','1'),
	 (5,25,2,0,'1998-01-01 00:00:00.0',NULL,'2011-01-21 19:10:38.217','1'),
	 (5,26,3,0,'1998-01-01 00:00:00.0',NULL,'2011-01-21 19:10:38.217','1');
INSERT INTO duracao_tipo_turno (cd_tipo_turno,cd_duracao,qt_hora_duracao,qt_minuto_duracao,dt_inicio,dt_fim,dt_atualizacao_tabela,cd_operador) VALUES
	 (5,30,2,15,'2011-02-15 11:40:30.6',NULL,'2014-05-13 17:09:02.327','23987'),
	 (5,33,1,30,'2012-01-26 15:21:16.283',NULL,'2012-01-26 15:21:16.283','3162'),
	 (5,34,5,0,'2013-03-07 17:00:10.807',NULL,'2013-03-07 17:00:10.807','23987'),
	 (5,37,0,45,'2014-02-18 11:59:20.2',NULL,'2014-02-18 11:59:20.2','3162'),
	 (5,47,2,30,'2014-11-07 12:18:57.327',NULL,'2014-11-07 12:18:57.327','46804'),
	 (5,54,4,10,'2015-01-28 10:26:28.147',NULL,'2015-01-28 10:26:28.147','3162'),
	 (5,63,1,10,'2021-01-20 18:11:56.58',NULL,'2021-01-20 18:11:56.58','3162'),
	 (6,1,10,0,'1998-01-01 00:00:00.0',NULL,'2011-01-21 19:10:38.207','1'),
	 (6,2,12,0,'1998-01-01 00:00:00.0','2008-12-31 00:00:00.0','2011-01-21 19:10:38.21','1'),
	 (6,27,8,0,'1998-01-01 00:00:00.0',NULL,'2011-01-21 19:10:38.217','1');
INSERT INTO duracao_tipo_turno (cd_tipo_turno,cd_duracao,qt_hora_duracao,qt_minuto_duracao,dt_inicio,dt_fim,dt_atualizacao_tabela,cd_operador) VALUES
	 (6,55,7,0,'2016-01-01 00:00:00.0',NULL,'2016-01-12 12:51:00.75','1'),
	 (6,58,9,0,'2018-04-10 16:19:49.27',NULL,'2018-04-13 13:19:12.447','3162');


INSERT INTO tipo_periodicidade (cd_tipo_periodicidade,dc_tipo_periodicidade,dt_cancelamento,dt_atualizacao_tabela,cd_operador,in_calendario,qt_dia_padrao,qt_dia_tolerancia) VALUES
	 (1,'ANUAL INICIO NO 1º SEMESTRE',NULL,'2011-01-21 19:10:38.023','1','S',NULL,NULL),
	 (2,'ANUAL INICIO NO 2º SEMESTRE',NULL,'2011-01-21 19:10:38.023','1','S',NULL,NULL),
	 (3,'SEMESTRAL INICIO NO 1º SEMESTRE',NULL,'2011-01-21 19:10:38.023','1','S',NULL,NULL),
	 (4,'SEMESTRAL INICIO NO 2º SEMESTRE',NULL,'2011-01-21 19:10:38.023','1','S',NULL,NULL),
	 (5,'SEMANAL',NULL,'2011-01-21 19:10:38.023','1','N',7,1),
	 (6,'QUINZENAL',NULL,'2011-01-21 19:10:38.027','1','N',15,4),
	 (7,'MENSAL',NULL,'2011-01-21 19:10:38.027','1','N',30,4),
	 (8,'BIMESTRAL',NULL,'2011-01-21 19:10:38.027','1','N',60,6),
	 (9,'TRIMESTRAL',NULL,'2011-01-21 19:10:38.027','1','N',90,9),
	 (10,'18 MESES',NULL,'2020-06-25 13:55:16.21','3162','S',548,5);


INSERT INTO tipo_escola (tp_escola,tp_dependencia_administrativa,dc_tipo_escola,sg_tp_escola,dt_cancelamento,dt_atualizacao_tabela,cd_operador,in_exibicao_portal,dc_exibicao_portal,in_uniforme_escolar) VALUES
	 (1,3,'ESCOLA MUNICIPAL DE ENSINO FUNDAMENTAL','EMEF',NULL,'2012-01-13 14:09:23.647','1','S','ESCOLA MUNICIPAL DE ENSINO FUNDAMENTAL','S'),
	 (2,3,'ESCOLA MUNICIPAL DE EDUCACAO INFANTIL','EMEI',NULL,'2012-01-13 14:09:44.197','1','S','ESCOLA MUNICIPAL DE EDUCACAO INFANTIL','S'),
	 (3,3,'ESCOLA MUNICIPAL DE ENSINO FUNDAMENTAL E MEDIO','EMEFM',NULL,'2012-01-13 14:09:35.997','1','S','ESCOLA MUNICIPAL DE ENSINO FUNDAMENTAL E MEDIO','S'),
	 (4,3,'ESCOLA MUNICIPAL DE EDUCACAO BILINGUE PARA SURDOS','EMEBS',NULL,'2012-01-13 14:09:17.213','1','S','ESCOLA MUNICIPAL DE EDUCACAO BILINGUE PARA SURDOS','S'),
	 (5,3,'ESC.MUN. DE ENS. SUPLETIVO DE 1.GRAU','EMES 1.G','2008-10-14 09:07:00.0','2008-10-14 09:07:04.093','3162',NULL,NULL,'N'),
	 (6,3,'ESC.MUN. DE ENS. SUPLETIVO DE 2.GRAU','EMES 2.G','2008-10-14 09:07:00.0','2008-10-14 09:07:19.5','3162',NULL,NULL,'N'),
	 (7,3,'ESC.MUN. DE ENS. SUPL. DE 1 E 2 GRAUS','EMES 1.2','2008-10-14 09:07:00.0','2008-10-14 09:06:58.39','3162',NULL,NULL,'N'),
	 (10,3,'CENTRO DE EDUCACAO INFANTIL DIRETO','CEI DIRET',NULL,'2007-05-25 14:38:12.173','1','S','CENTRO DE EDUCACAO INFANTIL DIRETO','N'),
	 (11,4,'CENTRO DE EDUCACAO INFANTIL INDIRETO','CEI INDIR',NULL,'2007-05-25 00:00:00.0','1','S','CENTRO DE EDUCACAO INFANTIL INDIRETO','N'),
	 (12,4,'CRECHE PARTICULAR CONVENIADA','CR.P.CONV',NULL,'2007-05-25 14:38:12.173','1','S','CRECHE PARTICULAR CONVENIADA','N');
INSERT INTO tipo_escola (tp_escola,tp_dependencia_administrativa,dc_tipo_escola,sg_tp_escola,dt_cancelamento,dt_atualizacao_tabela,cd_operador,in_exibicao_portal,dc_exibicao_portal,in_uniforme_escolar) VALUES
	 (13,3,'CENTRO INTEGRADO DE EDUCACAO DE JOVENS E ADULTOS','CIEJA',NULL,'2007-05-25 14:38:12.173','1','S','CENTRO INTEGRADO DE EDUCACAO DE JOVENS E ADULTOS','N'),
	 (14,3,'CENTRO DE CONVIVENCIA INFANTIL /CENTRO INFANTIL DE PROTECAO A SAUDE','CCI/CIPS',NULL,'2007-05-25 14:38:12.173','1','S','CENTRO DE CONVIVENCIA INFANTIL /CENTRO INFANTIL DE PROTECAO A SAUDE','N'),
	 (15,4,'ESCOLA PARTICULAR','ESC.PART.',NULL,'2007-05-25 14:38:12.173','1',NULL,NULL,'N'),
	 (16,3,'CENTRO EDUCACIONAL UNIFICADO - EMEF','CEU EMEF',NULL,'2012-01-13 14:08:41.78','1','S','CENTRO EDUCACIONAL UNIFICADO - EMEF','S'),
	 (17,3,'CENTRO EDUCACIONAL UNIFICADO - EMEI','CEU EMEI',NULL,'2012-01-13 14:09:02.507','1','S','CENTRO EDUCACIONAL UNIFICADO - EMEI','S'),
	 (18,3,'CENTRO EDUCACIONAL UNIFICADO - CEI','CEU CEI',NULL,'2008-11-11 16:04:11.437','1','S','CENTRO EDUCACIONAL UNIFICADO - CEI','N'),
	 (19,3,'CENTRO EDUCACIONAL UNIFICADO','CEU',NULL,'2007-05-25 14:38:12.173','1',NULL,NULL,'N'),
	 (20,4,'CENTRO DE EDUCACAO E CULTURA INDIGENA','CECI',NULL,'2007-05-25 00:00:00.0','1','S','CENTRO DE EDUCACAO E CULTURA INDIGENA','N'),
	 (22,4,'MOVIMENTO DE ALFABETIZACAO','MOVA',NULL,'2007-05-25 14:38:12.173','1','S','MOVIMENTO DE ALFABETIZACAO','N'),
	 (23,3,'CENTRO MUNICIPAL DE CAPACITACAO E TREIN.','CMCT',NULL,'2007-05-25 14:38:12.173','1','S','CENTRO MUNICIPAL DE CAPACITACAO E TREIN.','N');
INSERT INTO tipo_escola (tp_escola,tp_dependencia_administrativa,dc_tipo_escola,sg_tp_escola,dt_cancelamento,dt_atualizacao_tabela,cd_operador,in_exibicao_portal,dc_exibicao_portal,in_uniforme_escolar) VALUES
	 (24,4,'ESCOLA PARTICULAR NAO AUTORIZADA','ESC PART NR',NULL,'2007-05-31 11:33:22.503','3162',NULL,NULL,'N'),
	 (25,3,'ESCOLA TECNICA','E TEC',NULL,'2021-01-05 15:25:22.53','3162','S','ESCOLA TECNICA','N'),
	 (26,4,'ESPECIAL CONVENIADA','ESP CONV',NULL,'2008-05-06 16:22:26.233','6115',NULL,NULL,'N'),
	 (27,3,'CEU EXCLUSIVO ATIVIDADE COMPLEMENTAR','CEU AT COMPL',NULL,'2011-05-18 08:38:49.583','3162',NULL,NULL,'N'),
	 (28,3,'CENTRO MUNICIPAL DE EDUCACAO INFANTIL','CEMEI',NULL,'2016-07-01 14:11:13.503','1','S','CENTRO MUNICIPAL DE EDUCACAO INFANTIL','S'),
	 (29,4,'CENTRO PARA CRIANCAS E ADOLESCENTES','CCA',NULL,'2015-04-24 12:25:33.483','23987','N',NULL,'N'),
	 (30,3,'CENTRO DE EDUCACAO E CULTURA INDIGENA','CECI',NULL,'2018-08-13 19:27:37.173','3162','S','CENTRO DE EDUCACAO E CULTURA INDIGENA','N'),
	 (31,3,'CENTRO EDUCACIONAL UNIFICADO CEMEI','CEU CEMEI',NULL,'2019-12-03 14:06:43.66','3162','S','CENTRO EDUCACIONAL UNIDICADO - CEMEI','S');


INSERT INTO tipo_unidade_educacao (tp_unidade_educacao,dc_tipo_unidade_educacao,dt_atualizacao_tabela,cd_operador,dt_cancelamento) VALUES
	 (1,'ESCOLA','2007-05-25 14:38:07.8','1',NULL),
	 (2,'UNIDADE EXTERNA','2007-05-25 14:38:07.8','1',NULL),
	 (3,'UNIDADE ADMINISTRATIVA','2007-05-25 14:38:07.8','1',NULL),
	 (4,'INSTITUICAO','2013-12-17 09:31:40.67','1',NULL);

 INSERT INTO serie_turma_escola (cd_turma_escola,cd_escola,cd_serie_ensino,cd_tipo_habilitacao_profissional,dt_inicio,dt_fim,dt_atualizacao_tabela,cd_operador) VALUES
	 (2248061,'019506',84,NULL,'2020-08-28 11:07:19.623',NULL,'2020-08-28 11:07:19.623','24376'),
	 (2248087,'019506',86,NULL,'2020-08-28 11:10:16.613',NULL,'2020-08-28 11:10:16.613','24376'),
	 (2248113,'019506',88,NULL,'2020-08-28 11:12:58.783',NULL,'2020-08-28 11:12:58.783','24376'),
	 (2257214,'094668',92,NULL,'2020-09-01 15:22:59.78',NULL,'2020-09-01 15:22:59.78','5935'),
	 (2257238,'094668',92,NULL,'2020-09-01 15:26:00.92',NULL,'2020-09-01 15:26:00.92','5935'),
	 (2257344,'094668',101,NULL,'2020-09-01 15:41:53.347',NULL,'2020-09-01 15:41:53.347','5935'),
	 (2257353,'094668',101,NULL,'2020-09-01 15:43:02.837',NULL,'2020-09-01 15:43:02.837','5935'),
	 (2257361,'094668',103,NULL,'2020-09-01 15:44:35.433',NULL,'2020-09-01 15:44:35.433','5935'),
	 (2257380,'094668',103,NULL,'2020-09-01 15:46:37.727',NULL,'2020-09-01 15:46:37.727','5935'),
	 (2257398,'094668',105,NULL,'2020-09-01 15:49:13.29',NULL,'2020-09-01 15:49:13.29','5935');
INSERT INTO serie_turma_escola (cd_turma_escola,cd_escola,cd_serie_ensino,cd_tipo_habilitacao_profissional,dt_inicio,dt_fim,dt_atualizacao_tabela,cd_operador) VALUES
	 (2257421,'094668',105,NULL,'2020-09-01 15:52:25.67',NULL,'2020-09-01 15:52:25.67','5935'),
	 (2257460,'094668',107,NULL,'2020-09-01 15:56:47.877',NULL,'2020-09-01 15:56:47.877','5935'),
	 (2257614,'017442',92,NULL,'2020-09-01 16:21:54.213',NULL,'2020-09-01 16:21:54.213','74235'),
	 (2261300,'094765',247,NULL,'2020-09-02 15:29:59.477',NULL,'2020-09-02 15:29:59.477','309'),
	 (2261329,'094765',249,NULL,'2020-09-02 15:31:17.143',NULL,'2020-09-02 15:31:17.143','309'),
	 (2266234,'019493',23,NULL,'2020-09-03 21:28:11.24',NULL,'2020-09-03 21:28:11.24','25035'),
	 (2266236,'019493',23,NULL,'2020-09-03 21:29:01.04',NULL,'2020-09-03 21:29:01.04','25035'),
	 (2266245,'019493',25,NULL,'2020-09-03 21:32:34.297',NULL,'2020-09-03 21:32:34.297','25035'),
	 (2266247,'019493',25,NULL,'2020-09-03 21:33:20.32',NULL,'2020-09-03 21:33:20.32','25035'),
	 (2269980,'019262',84,NULL,'2020-09-04 15:09:40.92',NULL,'2020-09-04 15:09:40.92','60687');
INSERT INTO serie_turma_escola (cd_turma_escola,cd_escola,cd_serie_ensino,cd_tipo_habilitacao_profissional,dt_inicio,dt_fim,dt_atualizacao_tabela,cd_operador) VALUES
	 (2269982,'019262',86,NULL,'2020-09-04 15:09:41.05',NULL,'2020-09-04 15:09:41.05','60687'),
	 (2269984,'019262',88,NULL,'2020-09-04 15:09:41.21',NULL,'2020-09-04 15:09:41.21','60687'),
	 (2270146,'019375',23,NULL,'2020-09-04 15:36:45.433',NULL,'2020-09-04 15:36:45.433','68014'),
	 (2270156,'019375',23,NULL,'2020-09-04 15:37:46.91',NULL,'2020-09-04 15:37:46.91','68014'),
	 (2270200,'019375',25,NULL,'2020-09-04 15:46:13.92',NULL,'2020-09-04 15:46:13.92','68014'),
	 (2270227,'019375',25,NULL,'2020-09-04 15:47:12.113',NULL,'2020-09-04 15:47:12.113','68014'),
	 (2314656,'094765',248,NULL,'2020-12-09 18:07:58.51',NULL,'2020-12-09 18:07:58.51','309'),
	 (2317816,'094668',91,NULL,'2020-12-14 16:17:12.277',NULL,'2020-12-14 16:17:12.277','5935'),
	 (2317830,'094668',91,NULL,'2020-12-14 16:27:02.14',NULL,'2020-12-14 16:27:02.14','5935'),
	 (2319094,'017442',91,NULL,'2020-12-16 07:39:14.247',NULL,'2020-12-16 07:39:14.247','50738');
INSERT INTO serie_turma_escola (cd_turma_escola,cd_escola,cd_serie_ensino,cd_tipo_habilitacao_profissional,dt_inicio,dt_fim,dt_atualizacao_tabela,cd_operador) VALUES
	 (2319331,'017442',90,NULL,'2020-12-16 14:16:56.813',NULL,'2020-12-16 14:16:56.813','50738'),
	 (2325755,'094668',90,NULL,'2021-01-18 10:12:47.307',NULL,'2021-01-18 10:12:47.307','5935');


INSERT INTO serie_ensino (cd_serie_ensino,cd_modalidade_ensino,cd_etapa_ensino,cd_ciclo_ensino,dc_serie_ensino,nr_ordem_serie,cd_tipo_periodicidade,dt_inicio,dt_fim,in_quadro_vaga,tp_censo_escolar,dt_atualizacao_tabela,cd_operador,sg_serie_ensino,tp_compatibilizacao_escola,qt_idade_minima,qt_idade_maxima,sg_resumida_serie,in_permite_rematricula_proxima_serie,in_uniforme_escolar,in_demanda_relatorio,in_atribuicao_aula,in_leve_leite,in_aleitamento,qt_distancia_encaminhamento,in_escola_particular) VALUES
	 (1,1,1,1,'Bercario I',1,1,'1998-01-01 00:00:00.0',NULL,'S','S','2019-06-03 17:27:38.27','1725','BERC I','S',0,2,'1','S','N','S','S','S','S',1500,'N'),
	 (2,1,1,1,'BERCARIO I CEI',2,1,'1998-01-01 00:00:00.0','2015-11-04 18:23:44.68','S','S','2015-11-04 18:23:44.68','3162','BERCI CEI','S',0,2,'1','S','N',NULL,'S','S','N',2000,'N'),
	 (3,1,1,1,'Bercario I Esc Diferenciada',3,1,'1998-01-01 00:00:00.0',NULL,'N','S','2019-05-14 11:35:53.81','11943','BI E D','N',0,3,'1','S','N','S','N','S','S',NULL,'N'),
	 (4,1,1,1,'Bercario II',4,1,'1998-01-01 00:00:00.0',NULL,'S','S','2019-06-03 17:28:13.98','1725','BERC II','S',1,3,'2','S','N','S','S','S','S',1500,'N'),
	 (5,1,1,1,'BERCARIO II CEI',5,1,'1998-01-01 00:00:00.0','2015-11-04 18:24:00.1','S','S','2015-11-04 18:24:00.1','3162','BERCII CEI','S',1,3,'2','S','N',NULL,'S','S','N',2000,'N'),
	 (6,1,1,1,'Bercario II Esc Diferenciada',6,1,'1998-01-01 00:00:00.0',NULL,'N','S','2019-05-14 11:36:07.443','11943','BII E D','N',0,3,'2','S','N','S','N','S','S',NULL,'N'),
	 (7,1,1,1,'CRECHE',3,1,'1998-01-01 00:00:00.0','2008-06-12 00:00:00.0','S','S','2011-01-21 19:10:39.037','1','CRECHE','S',0,99,'C','S',NULL,NULL,'S','N','N',2000,'N'),
	 (8,1,1,1,'Mini Grupo',2,1,'1998-01-01 00:00:00.0','2010-12-31 00:00:00.0','S','S','2011-01-21 19:10:39.037','1','MINI GR','S',0,3,'3','S',NULL,NULL,'S','S','N',2000,'N'),
	 (9,1,1,1,'MINI GRUPO CEI',5,1,'1998-01-01 00:00:00.0','2010-12-31 00:00:00.0','S','S','2011-01-21 19:10:39.04','1','MINIGR CEI','S',0,3,'3','S',NULL,NULL,'S','S','N',2000,'N'),
	 (10,1,1,1,'Mini Grupo Esc Diferenciada',2,1,'1998-01-01 00:00:00.0','2010-12-31 00:00:00.0','S','S','2011-01-21 19:10:39.04','1','MG E D','S',0,3,'3','S',NULL,NULL,'S','S','N',2000,'N');
INSERT INTO serie_ensino (cd_serie_ensino,cd_modalidade_ensino,cd_etapa_ensino,cd_ciclo_ensino,dc_serie_ensino,nr_ordem_serie,cd_tipo_periodicidade,dt_inicio,dt_fim,in_quadro_vaga,tp_censo_escolar,dt_atualizacao_tabela,cd_operador,sg_serie_ensino,tp_compatibilizacao_escola,qt_idade_minima,qt_idade_maxima,sg_resumida_serie,in_permite_rematricula_proxima_serie,in_uniforme_escolar,in_demanda_relatorio,in_atribuicao_aula,in_leve_leite,in_aleitamento,qt_distancia_encaminhamento,in_escola_particular) VALUES
	 (11,1,1,1,'Mini Grupo I Esc Diferenciada',8,1,'2011-01-01 00:00:00.0',NULL,'N','S','2019-05-14 11:36:27.893','11943','MG I ED','N',0,3,'3','S','N','S','N','S','N',NULL,'N'),
	 (12,1,1,2,'1 Estagio Esc Diferenciada',6,1,'1998-01-01 00:00:00.0','2010-12-31 00:00:00.0','S','S','2011-01-21 19:10:39.047','1','1ºE E D','S',3,6,'H','S',NULL,NULL,'S','S','N',2000,'N'),
	 (13,1,1,2,'1+2+3 EST.',4,1,'1998-01-01 00:00:00.0','2008-06-12 00:00:00.0','S','S','2011-01-21 19:10:39.047','1','1+2+3 EST.','S',0,99,'7','S',NULL,NULL,'S','N','N',2000,'N'),
	 (14,1,1,2,'1º Estagio',4,1,'1998-01-01 00:00:00.0','2010-12-31 00:00:00.0','S','S','2011-01-21 19:10:39.05','1','1º EST','S',3,6,'1','S',NULL,NULL,'S','S','N',2000,'N'),
	 (15,1,1,2,'2 Estagio Esc Diferenciada',6,1,'1998-01-01 00:00:00.0','2010-12-31 00:00:00.0','S','S','2011-01-21 19:10:39.05','1','2ºE E D','S',4,6,'H','S',NULL,NULL,'S','S','N',2000,'N'),
	 (16,1,1,2,'2º Estagio',4,1,'1998-01-01 00:00:00.0','2010-12-31 00:00:00.0','S','S','2011-01-21 19:10:39.053','1','2º EST','S',4,6,'2','S',NULL,NULL,'S','S','N',2000,'N'),
	 (17,1,1,2,'3 Estagio Esc Diferenciada',6,1,'1998-01-01 00:00:00.0','2010-12-31 00:00:00.0','S','S','2011-01-21 19:10:39.053','1','3ºE E D','S',5,7,'H','S',NULL,NULL,'S','S','N',2000,'N'),
	 (18,1,1,2,'3º Estagio',4,1,'1998-01-01 00:00:00.0','2010-12-31 00:00:00.0','S','S','2011-01-21 19:10:39.057','1','3º EST','S',5,7,'3','S',NULL,NULL,'S','S','N',2000,'N'),
	 (19,1,1,2,'Grupo I',2,1,'1998-01-01 00:00:00.0','2008-06-12 00:00:00.0','S','S','2011-01-21 19:10:39.06','1','GRUPO I','S',0,99,'C','S',NULL,NULL,'S','N','N',2000,'N'),
	 (20,1,1,2,'Grupo II',2,1,'1998-01-01 00:00:00.0','2008-06-12 00:00:00.0','S','S','2011-01-21 19:10:39.06','1','GRUPO II','S',0,99,'C','S',NULL,NULL,'S','N','N',2000,'N');
INSERT INTO serie_ensino (cd_serie_ensino,cd_modalidade_ensino,cd_etapa_ensino,cd_ciclo_ensino,dc_serie_ensino,nr_ordem_serie,cd_tipo_periodicidade,dt_inicio,dt_fim,in_quadro_vaga,tp_censo_escolar,dt_atualizacao_tabela,cd_operador,sg_serie_ensino,tp_compatibilizacao_escola,qt_idade_minima,qt_idade_maxima,sg_resumida_serie,in_permite_rematricula_proxima_serie,in_uniforme_escolar,in_demanda_relatorio,in_atribuicao_aula,in_leve_leite,in_aleitamento,qt_distancia_encaminhamento,in_escola_particular) VALUES
	 (21,1,1,2,'Grupo III',2,1,'1998-01-01 00:00:00.0','2008-06-12 00:00:00.0','S','S','2011-01-21 19:10:39.06','1','GRUPO III','S',0,99,'C','S',NULL,NULL,'S','N','N',2000,'N'),
	 (22,1,1,2,'Grupo IV',2,1,'1998-01-01 00:00:00.0','2008-06-12 00:00:00.0','S','S','2011-01-21 19:10:39.063','1','GRUPO IV','S',0,99,'C','S',NULL,NULL,'S','N','N',2000,'N'),
	 (23,1,1,2,'INFANTIL I',5,1,'2011-01-01 00:00:00.0',NULL,'S','S','2017-12-01 19:15:01.673','3162','INFANTIL I','S',3,6,'5','S','S','S','S','S','N',2000,'N'),
	 (24,1,1,2,'Infantil I Esc Diferenciada',6,1,'2011-01-01 00:00:00.0',NULL,'N','S','2019-05-14 11:38:20.757','11943','INFANTIL I DIF','N',3,6,'5','S','N','S','N','S','N',NULL,'N'),
	 (25,1,1,2,'INFANTIL II',7,1,'2011-01-01 00:00:00.0',NULL,'S','S','2016-11-30 17:57:26.907','3162','INFANTIL II','S',4,6,'6','N','S','S','S','S','N',2000,'N'),
	 (26,1,1,2,'Infantil II Esc Diferenciada',8,1,'2011-01-01 00:00:00.0',NULL,'N','S','2019-05-14 11:38:33.147','11943','INFANTIL II DIF','N',4,7,'6','N','N','S','N','S','N',NULL,'N'),
	 (27,1,1,1,'MINI GRUPO I',7,1,'2011-01-01 00:00:00.0',NULL,'S','S','2017-12-01 15:53:19.43','3162','MG I','S',1,3,'3','S','N','S','S','S','N',2000,'N'),
	 (28,1,1,1,'MINI GRUPO II',9,1,'2011-01-01 00:00:00.0',NULL,'S','S','2019-10-30 15:35:36.067','3162','MG II','S',2,4,'4','S','S','S','S','S','N',2000,'N'),
	 (29,1,1,1,'Mini Grupo II Esc Diferenciada',10,1,'2011-01-01 00:00:00.0',NULL,'N','S','2019-05-14 11:37:51.747','11943','MG II ED','N',2,6,'4','S','N','S','N','S','N',NULL,'N'),
	 (30,1,1,2,'Plan.1Est.',5,1,'1998-01-01 00:00:00.0','2008-06-12 00:00:00.0','S','S','2011-01-21 19:10:39.08','1','PLAN.1EST.','S',0,99,'1','S',NULL,NULL,'S','N','N',2000,'N');
INSERT INTO serie_ensino (cd_serie_ensino,cd_modalidade_ensino,cd_etapa_ensino,cd_ciclo_ensino,dc_serie_ensino,nr_ordem_serie,cd_tipo_periodicidade,dt_inicio,dt_fim,in_quadro_vaga,tp_censo_escolar,dt_atualizacao_tabela,cd_operador,sg_serie_ensino,tp_compatibilizacao_escola,qt_idade_minima,qt_idade_maxima,sg_resumida_serie,in_permite_rematricula_proxima_serie,in_uniforme_escolar,in_demanda_relatorio,in_atribuicao_aula,in_leve_leite,in_aleitamento,qt_distancia_encaminhamento,in_escola_particular) VALUES
	 (31,1,1,2,'Plan.2Est.',5,1,'1998-01-01 00:00:00.0','2008-06-12 00:00:00.0','S','S','2011-01-21 19:10:39.08','1','PLAN.2EST.','S',0,99,'2','S',NULL,NULL,'S','N','N',2000,'N'),
	 (32,1,1,2,'Plan.3Est.',5,1,'1998-01-01 00:00:00.0','2008-06-12 00:00:00.0','S','S','2011-01-21 19:10:39.08','1','PLAN.3EST.','S',0,99,'3','S',NULL,NULL,'S','N','N',2000,'N'),
	 (33,1,2,3,'M I',1,3,'1998-01-01 00:00:00.0','2008-06-12 00:00:00.0','S','S','2011-01-21 19:10:39.08','1','M I','N',14,99,'1','S',NULL,NULL,'S','N','N',NULL,'N'),
	 (34,1,2,3,'M I',2,4,'1998-01-01 00:00:00.0','2008-06-12 00:00:00.0','S','N','2011-01-21 19:10:39.083','1','M I','N',14,99,'F','S',NULL,NULL,'S','N','N',NULL,'N'),
	 (35,1,2,3,'M I',5,1,'2008-01-01 00:00:00.0',NULL,'S','S','2019-01-09 10:54:07.337','3162','M I','N',15,90,'1','S','N','S','S','N','N',NULL,'N'),
	 (36,1,2,3,'M I',5,2,'2008-01-01 00:00:00.0',NULL,'S','S','2019-01-09 10:41:44.66','3162','M I','N',15,90,'F','S','N','S','S','N','N',NULL,'N'),
	 (37,1,2,3,'M II',3,3,'1998-01-01 00:00:00.0','2008-06-12 00:00:00.0','S','S','2011-01-21 19:10:39.09','1','M II','N',14,99,'2','S',NULL,NULL,'S','N','N',NULL,'N'),
	 (38,1,2,3,'M II',4,4,'1998-01-01 00:00:00.0','2008-06-12 00:00:00.0','S','N','2011-01-21 19:10:39.09','1','M II','N',14,99,'F','S',NULL,NULL,'S','N','N',NULL,'N'),
	 (39,1,2,3,'M II',6,1,'2008-01-01 00:00:00.0',NULL,'S','S','2017-12-06 10:23:50.97','3162','M II','N',15,90,'2','S','N','S','S','N','N',NULL,'N'),
	 (40,1,2,3,'M II',6,2,'2008-01-01 00:00:00.0',NULL,'S','S','2015-04-06 15:52:52.367','3162','M II','N',15,90,'F','S','N','S','S','N','N',NULL,'N');
INSERT INTO serie_ensino (cd_serie_ensino,cd_modalidade_ensino,cd_etapa_ensino,cd_ciclo_ensino,dc_serie_ensino,nr_ordem_serie,cd_tipo_periodicidade,dt_inicio,dt_fim,in_quadro_vaga,tp_censo_escolar,dt_atualizacao_tabela,cd_operador,sg_serie_ensino,tp_compatibilizacao_escola,qt_idade_minima,qt_idade_maxima,sg_resumida_serie,in_permite_rematricula_proxima_serie,in_uniforme_escolar,in_demanda_relatorio,in_atribuicao_aula,in_leve_leite,in_aleitamento,qt_distancia_encaminhamento,in_escola_particular) VALUES
	 (41,1,2,4,'M III',1,3,'1998-01-01 00:00:00.0','2008-06-12 00:00:00.0','S','S','2011-01-21 19:10:39.1','1','M III','N',14,99,'3','S',NULL,NULL,'S','N','N',NULL,'N'),
	 (42,1,2,4,'M III',2,4,'1998-01-01 00:00:00.0','2008-06-12 00:00:00.0','S','N','2011-01-21 19:10:39.1','1','M III','N',14,99,'F','S',NULL,NULL,'S','N','N',NULL,'N'),
	 (43,1,2,4,'M III',7,1,'2008-01-01 00:00:00.0',NULL,'S','S','2015-04-06 15:53:26.803','3162','M III','N',15,90,'3','S','N','S','S','N','N',NULL,'N'),
	 (44,1,2,4,'M III',6,2,'2008-01-01 00:00:00.0',NULL,'S','S','2015-04-06 15:53:20.04','3162','M III','N',15,90,'F','S','N','S','S','N','N',NULL,'N'),
	 (45,1,2,4,'M IV',3,3,'1998-01-01 00:00:00.0','2008-06-12 00:00:00.0','S','S','2011-01-21 19:10:39.107','1','M IV','N',14,99,'4','N',NULL,NULL,'S','N','N',NULL,'N'),
	 (46,1,2,4,'M IV',4,4,'1998-01-01 00:00:00.0','2008-06-12 00:00:00.0','S','N','2011-01-21 19:10:39.11','1','M IV','N',14,99,'F','N',NULL,NULL,'S','N','N',NULL,'N'),
	 (47,1,2,4,'M IV',8,1,'2008-01-01 00:00:00.0',NULL,'S','S','2015-04-06 15:53:33.863','3162','M IV','N',15,90,'4','S','N','S','S','N','N',NULL,'N'),
	 (48,1,2,4,'M IV',8,2,'2008-01-01 00:00:00.0',NULL,'S','S','2015-04-06 15:53:40.773','3162','M IV','N',15,90,'F','S','N','S','S','N','N',NULL,'N'),
	 (49,1,3,5,'1ª',11,1,'2008-01-01 00:00:00.0',NULL,'S','S','2015-04-06 15:45:39.11','3162','1ª','S',15,90,'1','S','N','S','S','N','N',NULL,'N'),
	 (50,1,3,5,'1ª',11,2,'2008-01-01 00:00:00.0',NULL,'S','S','2015-04-06 15:45:49.273','3162','1ª','S',15,90,'1','S','N','S','S','N','N',NULL,'N');
INSERT INTO serie_ensino (cd_serie_ensino,cd_modalidade_ensino,cd_etapa_ensino,cd_ciclo_ensino,dc_serie_ensino,nr_ordem_serie,cd_tipo_periodicidade,dt_inicio,dt_fim,in_quadro_vaga,tp_censo_escolar,dt_atualizacao_tabela,cd_operador,sg_serie_ensino,tp_compatibilizacao_escola,qt_idade_minima,qt_idade_maxima,sg_resumida_serie,in_permite_rematricula_proxima_serie,in_uniforme_escolar,in_demanda_relatorio,in_atribuicao_aula,in_leve_leite,in_aleitamento,qt_distancia_encaminhamento,in_escola_particular) VALUES
	 (51,1,3,5,'1º TI',1,3,'1998-01-01 00:00:00.0','2008-06-12 00:00:00.0','S','S','2011-01-21 19:10:39.12','1','1º TI','S',0,99,'1','S',NULL,NULL,'S','N','N',NULL,'N'),
	 (52,1,3,5,'1º TI',2,4,'1998-01-01 00:00:00.0','2008-06-12 00:00:00.0','S','N','2011-01-21 19:10:39.12','1','1º TI','S',0,99,'1','S',NULL,NULL,'S','N','N',NULL,'N'),
	 (53,1,3,5,'1º TII',3,3,'1998-01-01 00:00:00.0','2008-06-12 00:00:00.0','S','S','2011-01-21 19:10:39.123','1','1º TII','S',0,99,'F','S',NULL,NULL,'S','N','N',NULL,'N'),
	 (54,1,3,5,'1º TII',4,4,'1998-01-01 00:00:00.0','2008-06-12 00:00:00.0','S','N','2011-01-21 19:10:39.127','1','1º TII','S',0,99,'F','S',NULL,NULL,'S','N','N',NULL,'N'),
	 (55,1,3,5,'2ª',12,1,'2008-01-01 00:00:00.0',NULL,'S','S','2018-12-04 10:54:41.957','3162','2ª','S',15,90,'2','S','N','S','S','N','N',NULL,'N'),
	 (56,1,3,5,'2ª',12,2,'2008-01-01 00:00:00.0',NULL,'S','S','2015-04-06 15:47:25.777','3162','2ª','S',15,90,'2','S','N','S','S','N','N',NULL,'N'),
	 (57,1,3,5,'2º T',5,3,'1998-01-01 00:00:00.0','2008-06-12 00:00:00.0','S','S','2011-01-21 19:10:39.13','1','2º T','S',0,99,'2','S',NULL,NULL,'S','N','N',NULL,'N'),
	 (58,1,3,5,'2º T',6,4,'1998-01-01 00:00:00.0','2008-06-12 00:00:00.0','S','N','2011-01-21 19:10:39.133','1','2º T','S',0,99,'2','S',NULL,NULL,'S','N','N',NULL,'N'),
	 (59,1,3,5,'3º T',7,3,'1998-01-01 00:00:00.0','2008-06-12 00:00:00.0','S','S','2011-01-21 19:10:39.137','1','3º T','S',0,99,'3','S',NULL,NULL,'S','N','N',NULL,'N'),
	 (60,1,3,5,'3º T',8,4,'1998-01-01 00:00:00.0','2008-06-12 00:00:00.0','S','N','2011-01-21 19:10:39.14','1','3º T','S',0,99,'3','S',NULL,NULL,'S','N','N',NULL,'N');
INSERT INTO serie_ensino (cd_serie_ensino,cd_modalidade_ensino,cd_etapa_ensino,cd_ciclo_ensino,dc_serie_ensino,nr_ordem_serie,cd_tipo_periodicidade,dt_inicio,dt_fim,in_quadro_vaga,tp_censo_escolar,dt_atualizacao_tabela,cd_operador,sg_serie_ensino,tp_compatibilizacao_escola,qt_idade_minima,qt_idade_maxima,sg_resumida_serie,in_permite_rematricula_proxima_serie,in_uniforme_escolar,in_demanda_relatorio,in_atribuicao_aula,in_leve_leite,in_aleitamento,qt_distancia_encaminhamento,in_escola_particular) VALUES
	 (61,1,3,5,'4º T',10,4,'1998-01-01 00:00:00.0','2008-06-12 00:00:00.0','S','N','2011-01-21 19:10:39.14','1','4º T','S',0,99,'4','S',NULL,NULL,'S','N','N',NULL,'N'),
	 (62,1,3,5,'4º T',9,3,'1998-01-01 00:00:00.0','2008-06-12 00:00:00.0','S','S','2011-01-21 19:10:39.143','1','4º T','S',0,99,'4','S',NULL,NULL,'S','N','N',NULL,'N'),
	 (63,1,3,6,'1º T',1,3,'1998-01-01 00:00:00.0','2008-06-12 00:00:00.0','S','S','2011-01-21 19:10:39.143','1','1º T','S',0,99,'5','S',NULL,NULL,'S','N','N',NULL,'N'),
	 (64,1,3,6,'1º T',2,4,'1998-01-01 00:00:00.0','2008-06-12 00:00:00.0','S','N','2011-01-21 19:10:39.147','1','1º T','S',0,99,'5','S',NULL,NULL,'S','N','N',NULL,'N'),
	 (65,1,3,6,'2º T',3,3,'1998-01-01 00:00:00.0','2008-06-12 00:00:00.0','S','S','2011-01-21 19:10:39.15','1','2º T','S',0,99,'6','S',NULL,NULL,'S','N','N',NULL,'N'),
	 (66,1,3,6,'2º T',4,4,'1998-01-01 00:00:00.0','2008-06-12 00:00:00.0','S','N','2011-01-21 19:10:39.15','1','2º T','S',0,99,'6','S',NULL,NULL,'S','N','N',NULL,'N'),
	 (67,1,3,6,'3ª ETAPA',10,2,'2008-01-01 00:00:00.0',NULL,'S','S','2015-04-06 15:49:16.113','3162','3ª ETAPA','S',15,90,'3','S','N','S','S','N','N',NULL,'N'),
	 (68,1,3,6,'3ª ETAPA',13,1,'2008-01-01 00:00:00.0',NULL,'S','S','2015-04-06 15:49:24.687','3162','3ª ETAPA','S',15,99,'3','S','N','S','S','N','N',NULL,'N'),
	 (69,1,3,6,'3º T',5,3,'1998-01-01 00:00:00.0','2008-06-12 00:00:00.0','S','S','2011-01-21 19:10:39.157','1','3º T','S',0,99,'7','S',NULL,NULL,'S','N','N',NULL,'N'),
	 (70,1,3,6,'3º T',6,4,'1998-01-01 00:00:00.0','2008-06-12 00:00:00.0','S','N','2011-01-21 19:10:39.16','1','3º T','S',0,99,'7','S',NULL,NULL,'S','N','N',NULL,'N');
INSERT INTO serie_ensino (cd_serie_ensino,cd_modalidade_ensino,cd_etapa_ensino,cd_ciclo_ensino,dc_serie_ensino,nr_ordem_serie,cd_tipo_periodicidade,dt_inicio,dt_fim,in_quadro_vaga,tp_censo_escolar,dt_atualizacao_tabela,cd_operador,sg_serie_ensino,tp_compatibilizacao_escola,qt_idade_minima,qt_idade_maxima,sg_resumida_serie,in_permite_rematricula_proxima_serie,in_uniforme_escolar,in_demanda_relatorio,in_atribuicao_aula,in_leve_leite,in_aleitamento,qt_distancia_encaminhamento,in_escola_particular) VALUES
	 (71,1,3,6,'4ª ETAPA',14,1,'2008-01-01 00:00:00.0',NULL,'S','S','2017-11-17 15:14:47.83','3162','4ª ETAPA','S',15,99,'4','S','N','S','S','N','N',NULL,'N'),
	 (72,1,3,6,'4ª ETAPA',14,2,'2008-01-01 00:00:00.0',NULL,'S','S','2015-04-06 15:49:44.74','3162','4ª ETAPA','S',15,99,'4','S','N','S','S','N','N',NULL,'N'),
	 (73,1,3,6,'4º T',7,3,'1998-01-01 00:00:00.0','2008-06-12 00:00:00.0','S','S','2011-01-21 19:10:39.167','1','4º T','S',0,99,'8','S',NULL,NULL,'S','N','N',NULL,'N'),
	 (74,1,3,6,'4º T',8,4,'1998-01-01 00:00:00.0','2008-06-12 00:00:00.0','S','N','2011-01-21 19:10:39.167','1','4º T','S',0,99,'8','S',NULL,NULL,'S','N','N',NULL,'N'),
	 (75,1,4,7,'1º Ano',1,1,'1998-01-01 00:00:00.0','2009-12-31 00:00:00.0','S','S','2011-01-21 19:10:39.17','1','1º ANO','S',5,14,'1','S',NULL,NULL,'S','N','N',NULL,'N'),
	 (76,1,4,7,'2º Ano',2,1,'1998-01-01 00:00:00.0','2010-12-31 00:00:00.0','S','S','2011-01-21 19:10:39.17','1','2º ANO','S',6,15,'2','S',NULL,NULL,'S','N','N',NULL,'N'),
	 (77,1,4,7,'3º Ano',3,1,'1998-01-01 00:00:00.0','2013-09-03 13:35:15.04','S','S','2013-09-03 13:35:15.04','3162','3º ANO','S',7,16,'3','S','S',NULL,'S','S','N',NULL,'N'),
	 (78,1,4,7,'4º Ano',4,1,'1998-01-01 00:00:00.0','2013-09-03 13:36:15.85','S','S','2013-09-03 13:36:15.85','3162','4º ANO','S',8,17,'4','S','S',NULL,'S','S','N',NULL,'N'),
	 (79,1,4,8,'1º Ano',1,1,'1998-01-01 00:00:00.0','2014-08-26 15:46:57.273','S','S','2014-08-06 17:49:28.72','3162','1º ANO','S',10,18,'5','S','S','S','S','S','N',NULL,'N'),
	 (80,1,4,8,'2º Ano',2,1,'1998-01-01 00:00:00.0','2014-08-26 15:46:57.273','S','S','2014-08-06 17:49:39.49','3162','2º ANO','S',11,19,'6','S','S','S','S','S','N',NULL,'N');
INSERT INTO serie_ensino (cd_serie_ensino,cd_modalidade_ensino,cd_etapa_ensino,cd_ciclo_ensino,dc_serie_ensino,nr_ordem_serie,cd_tipo_periodicidade,dt_inicio,dt_fim,in_quadro_vaga,tp_censo_escolar,dt_atualizacao_tabela,cd_operador,sg_serie_ensino,tp_compatibilizacao_escola,qt_idade_minima,qt_idade_maxima,sg_resumida_serie,in_permite_rematricula_proxima_serie,in_uniforme_escolar,in_demanda_relatorio,in_atribuicao_aula,in_leve_leite,in_aleitamento,qt_distancia_encaminhamento,in_escola_particular) VALUES
	 (81,1,4,8,'3º Ano',3,1,'1998-01-01 00:00:00.0','2014-08-26 15:46:57.273','S','S','2014-08-06 17:49:50.147','3162','3º ANO','S',12,20,'7','S','S','S','S','S','N',NULL,'N'),
	 (82,1,4,8,'4º Ano',4,1,'1998-01-01 00:00:00.0','2014-08-26 15:46:57.273','S','S','2014-08-06 17:49:58.88','3162','4º ANO','S',13,21,'8','S','S','S','S','S','N',NULL,'N'),
	 (83,1,5,9,'1º Ano',1,1,'1998-01-01 00:00:00.0','2009-01-01 00:00:00.0','S','S','2011-01-21 19:10:39.187','1','1º ANO','S',0,99,'1','S',NULL,NULL,'S','N','N',NULL,'N'),
	 (84,1,5,9,'1º Ano',5,1,'2009-09-01 00:00:00.0',NULL,'S','S','2013-11-29 17:36:36.057','3162','1º ANO','S',4,14,'1','S','S','S','S','S','N',NULL,'N'),
	 (85,1,5,9,'2º Ano',2,1,'1998-01-01 00:00:00.0','2009-01-01 00:00:00.0','S','S','2011-01-21 19:10:39.19','1','2º ANO','S',0,99,'2','S',NULL,NULL,'S','N','N',NULL,'N'),
	 (86,1,5,9,'2º Ano',6,1,'2009-10-01 00:00:00.0',NULL,'S','S','2013-11-12 11:37:13.457','3162','2º ANO','S',5,15,'2','S','S','S','S','S','N',NULL,'N'),
	 (87,1,5,9,'3º Ano',3,1,'1998-01-01 00:00:00.0','2009-01-01 00:00:00.0','S','S','2011-01-21 19:10:39.193','1','3º ANO','S',0,99,'3','S',NULL,NULL,'S','N','N',NULL,'N'),
	 (88,1,5,9,'3º Ano',6,1,'2010-10-01 00:00:00.0',NULL,'S','S','2013-11-19 15:55:22.13','3162','3º ANO','S',6,16,'3','S','S','S','S','S','N',NULL,'N'),
	 (89,1,5,9,'4º Ano',4,1,'1998-01-01 00:00:00.0','2009-01-01 00:00:00.0','S','S','2011-01-21 19:10:39.2','1','4º ANO','S',0,99,'4','S',NULL,NULL,'S','N','N',NULL,'N'),
	 (90,1,6,10,'1ª Série',1,1,'1998-01-01 00:00:00.0',NULL,'S','S','2013-09-20 15:35:37.87','23987','1ª SERIE','N',13,60,'1','S','N','S','S','N','N',NULL,'N');
INSERT INTO serie_ensino (cd_serie_ensino,cd_modalidade_ensino,cd_etapa_ensino,cd_ciclo_ensino,dc_serie_ensino,nr_ordem_serie,cd_tipo_periodicidade,dt_inicio,dt_fim,in_quadro_vaga,tp_censo_escolar,dt_atualizacao_tabela,cd_operador,sg_serie_ensino,tp_compatibilizacao_escola,qt_idade_minima,qt_idade_maxima,sg_resumida_serie,in_permite_rematricula_proxima_serie,in_uniforme_escolar,in_demanda_relatorio,in_atribuicao_aula,in_leve_leite,in_aleitamento,qt_distancia_encaminhamento,in_escola_particular) VALUES
	 (91,1,6,10,'2ª Série',2,1,'1998-01-01 00:00:00.0',NULL,'S','S','2014-01-16 15:09:38.877','3162','2ª SERIE','N',14,60,'2','S','N','S','S','N','N',NULL,'N'),
	 (92,1,6,10,'3ª Série',3,1,'1998-01-01 00:00:00.0',NULL,'S','S','2013-09-20 15:36:14.257','23987','3ª SERIE','N',15,60,'3','N','N','S','S','N','N',NULL,'N'),
	 (93,1,6,10,'zDesativadoz1º Basico 2º Grau',4,1,'1998-01-01 00:00:00.0','2008-06-12 00:00:00.0','S','S','2011-01-21 19:10:39.207','1','1A.BAS.2G.','N',0,99,'B','S',NULL,NULL,'S','N','N',NULL,'N'),
	 (94,1,7,11,'1.TI  S2G',1,3,'1998-01-01 00:00:00.0','2008-06-12 00:00:00.0','S','S','2011-01-21 19:10:39.207','1','1.TI  S2G','N',0,99,'1','S',NULL,NULL,'S','N','N',NULL,'N'),
	 (95,1,7,11,'1.TII S2G',2,3,'1998-01-01 00:00:00.0','2008-06-12 00:00:00.0','S','S','2011-01-21 19:10:39.21','1','1.TII S2G','N',0,99,'F','S',NULL,NULL,'S','N','N',NULL,'N'),
	 (96,1,7,11,'2.T. S2G',3,3,'1998-01-01 00:00:00.0','2008-06-12 00:00:00.0','S','S','2011-01-21 19:10:39.21','1','2.T. S2G','N',0,99,'2','S',NULL,NULL,'S','N','N',NULL,'N'),
	 (97,1,7,11,'3.T. S2G',4,3,'1998-01-01 00:00:00.0','2008-06-12 00:00:00.0','S','S','2011-01-21 19:10:39.213','1','3.T. S2G','N',0,99,'3','S',NULL,NULL,'S','N','N',NULL,'N'),
	 (98,1,8,12,'1º Ano',1,1,'1998-01-01 00:00:00.0',NULL,'S','H','2011-01-21 19:10:39.217','1','1º ANO','N',13,25,'E','S',NULL,NULL,'S','N','N',NULL,'N'),
	 (99,1,8,12,'2º Ano',2,1,'1998-01-01 00:00:00.0',NULL,'S','H','2011-01-21 19:10:39.217','1','2º ANO','N',14,25,'E','S',NULL,NULL,'S','N','N',NULL,'N'),
	 (100,1,8,12,'3º Ano',3,1,'1998-01-01 00:00:00.0',NULL,'S','H','2011-01-21 19:10:39.22','1','3º ANO','N',15,25,'E','N',NULL,NULL,'S','N','N',NULL,'N');
INSERT INTO serie_ensino (cd_serie_ensino,cd_modalidade_ensino,cd_etapa_ensino,cd_ciclo_ensino,dc_serie_ensino,nr_ordem_serie,cd_tipo_periodicidade,dt_inicio,dt_fim,in_quadro_vaga,tp_censo_escolar,dt_atualizacao_tabela,cd_operador,sg_serie_ensino,tp_compatibilizacao_escola,qt_idade_minima,qt_idade_maxima,sg_resumida_serie,in_permite_rematricula_proxima_serie,in_uniforme_escolar,in_demanda_relatorio,in_atribuicao_aula,in_leve_leite,in_aleitamento,qt_distancia_encaminhamento,in_escola_particular) VALUES
	 (101,1,9,13,'1º Ano',1,1,'1998-01-01 00:00:00.0',NULL,'S','S','2021-03-08 12:12:51.327','3162','1º ANO','N',13,60,'1','S','N','S','S','N','N',NULL,'N'),
	 (102,1,9,13,'1º Normal ADI',5,1,'1998-01-01 00:00:00.0','2008-06-12 00:00:00.0','S','S','2011-01-21 19:10:39.223','1','1º NORMAL ADI','N',0,99,'G','S',NULL,NULL,'S','N','N',NULL,'N'),
	 (103,1,9,13,'2º Ano',2,1,'1998-01-01 00:00:00.0',NULL,'S','S','2021-03-08 12:13:07.003','3162','2º ANO','N',14,60,'2','S','N','S','S','N','N',NULL,'N'),
	 (104,1,9,13,'2º Normal ADI',6,1,'1998-01-01 00:00:00.0','2008-06-12 00:00:00.0','S','S','2011-01-21 19:10:39.227','1','2º NORMAL ADI','N',0,99,'G','S',NULL,NULL,'S','N','N',NULL,'N'),
	 (105,1,9,13,'3º Ano',3,1,'1998-01-01 00:00:00.0',NULL,'S','S','2021-03-08 12:13:20.483','3162','3º ANO','N',15,60,'3','S','N','S','S','N','N',NULL,'N'),
	 (106,1,9,13,'3º Normal ADI',7,1,'1998-01-01 00:00:00.0','2008-06-12 00:00:00.0','S','S','2011-01-21 19:10:39.23','1','3º NORMAL ADI','N',0,99,'G','S',NULL,NULL,'S','N','N',NULL,'N'),
	 (107,1,9,13,'4º Ano',4,1,'1998-01-01 00:00:00.0',NULL,'S','S','2021-03-08 12:13:35.303','3162','4º ANO','N',16,60,'4','N','N','S','S','N','N',NULL,'N'),
	 (108,1,9,13,'4º Normal ADI',8,1,'1998-01-01 00:00:00.0','2008-06-12 00:00:00.0','S','S','2011-01-21 19:10:39.237','1','4º NORMAL ADI','N',0,99,'G','N',NULL,NULL,'S','N','N',NULL,'N'),
	 (109,2,10,14,'1+2 ESTAG. 2',4,1,'1998-01-01 00:00:00.0','2008-06-12 00:00:00.0','S','S','2011-01-21 19:10:39.24','1','1+2 ESTAG. 2','N',0,99,'0','S',NULL,NULL,'S','N','N',NULL,'N'),
	 (110,2,10,14,'1+2+3 EST. 2',7,1,'1998-01-01 00:00:00.0','2008-06-12 00:00:00.0','S','S','2011-01-21 19:10:39.24','1','1+2+3 EST. 2','N',0,99,'0','S',NULL,NULL,'S','N','N',NULL,'N');
INSERT INTO serie_ensino (cd_serie_ensino,cd_modalidade_ensino,cd_etapa_ensino,cd_ciclo_ensino,dc_serie_ensino,nr_ordem_serie,cd_tipo_periodicidade,dt_inicio,dt_fim,in_quadro_vaga,tp_censo_escolar,dt_atualizacao_tabela,cd_operador,sg_serie_ensino,tp_compatibilizacao_escola,qt_idade_minima,qt_idade_maxima,sg_resumida_serie,in_permite_rematricula_proxima_serie,in_uniforme_escolar,in_demanda_relatorio,in_atribuicao_aula,in_leve_leite,in_aleitamento,qt_distancia_encaminhamento,in_escola_particular) VALUES
	 (111,2,10,14,'1+3 ESTAG. 3',5,1,'1998-01-01 00:00:00.0','2008-06-12 00:00:00.0','S','S','2011-01-21 19:10:39.243','1','1+3 ESTAG. 3','N',0,99,'0','S',NULL,NULL,'S','N','N',NULL,'N'),
	 (112,2,10,14,'1. ESTAGIO',1,1,'1998-01-01 00:00:00.0','2010-12-31 00:00:00.0','S','S','2011-01-21 19:10:39.243','1','1. ESTAGIO','N',3,6,'1','S',NULL,NULL,'S','S','N',NULL,'N'),
	 (113,2,10,14,'2+3 ESTAG.',6,1,'1998-01-01 00:00:00.0','2008-06-12 00:00:00.0','S','S','2011-01-21 19:10:39.247','1','2+3 ESTAG.','N',0,99,'0','S',NULL,NULL,'S','N','N',NULL,'N'),
	 (114,2,10,14,'2. ESTAGIO',2,1,'1998-01-01 00:00:00.0','2010-12-31 00:00:00.0','S','S','2011-01-21 19:10:39.247','1','2. ESTAGIO','N',4,6,'2','S',NULL,NULL,'S','S','N',NULL,'N'),
	 (115,2,10,14,'3. ESTAGIO',3,1,'1998-01-01 00:00:00.0','2010-12-31 00:00:00.0','S','S','2011-01-21 19:10:39.25','1','3. ESTAGIO','N',5,7,'3','S',NULL,NULL,'S','S','N',NULL,'N'),
	 (116,2,10,14,'INFANTIL I FI',8,1,'2011-01-01 00:00:00.0',NULL,'S','S','2012-10-19 16:15:58.797','3162','INFANTIL I','N',4,6,'5','S','S',NULL,'S','S','N',NULL,'N'),
	 (117,2,10,14,'INFANTIL I FII',9,1,'2011-01-01 00:00:00.0',NULL,'S','S','2011-01-21 19:10:39.253','1','INFANTIL I','N',4,6,'5','S','S',NULL,'S','S','N',NULL,'N'),
	 (118,2,10,14,'INFANTIL II FI',10,1,'2011-01-01 00:00:00.0',NULL,'S','S','2016-09-30 13:54:16.54','3162','INFANTIL II','N',5,7,'6','S','S','S','S','S','N',NULL,'N'),
	 (119,2,10,14,'INFANTIL II FII',11,1,'2011-01-01 00:00:00.0',NULL,'S','S','2013-11-22 11:17:13.307','4597','INFANTIL II','N',5,7,'6','S','S','S','S','S','N',NULL,'N'),
	 (120,2,11,15,'1ª FI',21,1,'2008-01-01 00:00:00.0','2015-12-15 18:36:25.72','S','S','2015-12-15 18:36:25.72','3162','1ª FI','N',14,90,'1','S','N','S','S','N','N',NULL,'N');
INSERT INTO serie_ensino (cd_serie_ensino,cd_modalidade_ensino,cd_etapa_ensino,cd_ciclo_ensino,dc_serie_ensino,nr_ordem_serie,cd_tipo_periodicidade,dt_inicio,dt_fim,in_quadro_vaga,tp_censo_escolar,dt_atualizacao_tabela,cd_operador,sg_serie_ensino,tp_compatibilizacao_escola,qt_idade_minima,qt_idade_maxima,sg_resumida_serie,in_permite_rematricula_proxima_serie,in_uniforme_escolar,in_demanda_relatorio,in_atribuicao_aula,in_leve_leite,in_aleitamento,qt_distancia_encaminhamento,in_escola_particular) VALUES
	 (121,2,11,15,'1ª FI',21,2,'2008-01-01 00:00:00.0','2015-12-15 18:36:16.8','S','S','2015-12-15 18:36:16.8','3162','1ª FI','N',14,90,'1','S','N','S','S','N','N',NULL,'N'),
	 (122,2,11,15,'1ª FII',22,1,'2008-01-01 00:00:00.0','2015-12-15 18:36:10.133','S','S','2015-12-15 18:36:10.133','3162','1ª FII','N',14,90,'1','S','N','S','S','N','N',NULL,'N'),
	 (123,2,11,15,'1ª FII',22,2,'2008-01-01 00:00:00.0','2015-12-15 18:36:00.797','S','S','2015-12-15 18:36:00.797','3162','1ª FII','N',14,90,'1','S','N','S','S','N','N',NULL,'N'),
	 (124,2,11,15,'1ºTI FI',1,3,'1998-01-01 00:00:00.0','2008-06-12 00:00:00.0','S','S','2011-01-21 19:10:39.27','1','1ºTI FI','N',0,99,'1','S',NULL,NULL,'S','N','N',NULL,'N'),
	 (125,2,11,15,'1ºTI FI',2,4,'1998-01-01 00:00:00.0','2008-06-12 00:00:00.0','S','N','2011-01-21 19:10:39.27','1','1ºTI FI','N',0,99,'1','S',NULL,NULL,'S','N','N',NULL,'N'),
	 (126,2,11,15,'1ºTI FII',3,3,'1998-01-01 00:00:00.0','2008-06-12 00:00:00.0','S','S','2011-01-21 19:10:39.273','1','1ºTI FII','N',0,99,'2','S',NULL,NULL,'S','N','N',NULL,'N'),
	 (127,2,11,15,'1ºTI FII',4,4,'1998-01-01 00:00:00.0','2008-06-12 00:00:00.0','S','N','2011-01-21 19:10:39.273','1','1ºTI FII','N',0,99,'2','S',NULL,NULL,'S','N','N',NULL,'N'),
	 (128,2,11,15,'1ºTII FI',5,3,'1998-01-01 00:00:00.0','2008-06-12 00:00:00.0','S','S','2011-01-21 19:10:39.277','1','1ºTII FI','N',0,99,'3','S',NULL,NULL,'S','N','N',NULL,'N'),
	 (129,2,11,15,'1ºTII FI',6,4,'1998-01-01 00:00:00.0','2008-06-12 00:00:00.0','S','N','2011-01-21 19:10:39.28','1','1ºTII FI','N',0,99,'3','S',NULL,NULL,'S','N','N',NULL,'N'),
	 (130,2,11,15,'1ºTII FII',7,3,'1998-01-01 00:00:00.0','2008-06-12 00:00:00.0','S','S','2011-01-21 19:10:39.28','1','1ºTII FII','N',0,99,'4','S',NULL,NULL,'S','N','N',NULL,'N');
INSERT INTO serie_ensino (cd_serie_ensino,cd_modalidade_ensino,cd_etapa_ensino,cd_ciclo_ensino,dc_serie_ensino,nr_ordem_serie,cd_tipo_periodicidade,dt_inicio,dt_fim,in_quadro_vaga,tp_censo_escolar,dt_atualizacao_tabela,cd_operador,sg_serie_ensino,tp_compatibilizacao_escola,qt_idade_minima,qt_idade_maxima,sg_resumida_serie,in_permite_rematricula_proxima_serie,in_uniforme_escolar,in_demanda_relatorio,in_atribuicao_aula,in_leve_leite,in_aleitamento,qt_distancia_encaminhamento,in_escola_particular) VALUES
	 (131,2,11,15,'1ºTII FII',8,4,'1998-01-01 00:00:00.0','2008-06-12 00:00:00.0','S','N','2011-01-21 19:10:39.283','1','1ºTII FII','N',0,99,'4','S',NULL,NULL,'S','N','N',NULL,'N'),
	 (132,2,11,15,'2ª FI',23,1,'2008-01-01 00:00:00.0','2015-12-15 18:35:52.38','S','S','2015-12-15 18:35:52.38','3162','2ª FI','N',14,90,'2','S','N','S','S','N','N',NULL,'N'),
	 (133,2,11,15,'2ª FI',23,2,'2008-01-01 00:00:00.0','2015-12-15 18:35:45.97','S','S','2015-12-15 18:35:45.97','3162','2ª FI','N',14,90,'2','S','N','S','S','N','N',NULL,'N'),
	 (134,2,11,15,'2ª FII',24,1,'2008-01-01 00:00:00.0','2015-12-15 18:35:38.82','S','S','2015-12-15 18:35:38.82','3162','2ª FII','N',14,90,'2','S','N','S','S','N','N',NULL,'N'),
	 (135,2,11,15,'2ª FII',24,2,'2008-01-01 00:00:00.0','2015-12-15 18:35:31.44','S','S','2015-12-15 18:35:31.44','3162','2ª FII','N',14,90,'2','S','N','S','S','N','N',NULL,'N'),
	 (136,2,11,15,'2ºT FI',10,4,'1998-01-01 00:00:00.0','2008-06-12 00:00:00.0','S','N','2011-01-21 19:10:39.293','1','2ºT FI','N',0,99,'1','S',NULL,NULL,'S','N','N',NULL,'N'),
	 (137,2,11,15,'2ºT FI',9,3,'1998-01-01 00:00:00.0','2008-06-12 00:00:00.0','S','S','2011-01-21 19:10:39.293','1','2ºT FI','N',0,99,'1','S',NULL,NULL,'S','N','N',NULL,'N'),
	 (138,2,11,15,'2ºT FII',11,3,'1998-01-01 00:00:00.0','2008-06-12 00:00:00.0','S','S','2011-01-21 19:10:39.297','1','2ºT FII','N',0,99,'2','S',NULL,NULL,'S','N','N',NULL,'N'),
	 (139,2,11,15,'2ºT FII',12,4,'1998-01-01 00:00:00.0','2008-06-12 00:00:00.0','S','N','2011-01-21 19:10:39.3','1','2ºT FII','N',0,99,'2','S',NULL,NULL,'S','N','N',NULL,'N'),
	 (140,2,11,15,'3ºT FI',13,3,'1998-01-01 00:00:00.0','2008-06-12 00:00:00.0','S','S','2011-01-21 19:10:39.3','1','3ºT FI','N',0,99,'1','S',NULL,NULL,'S','N','N',NULL,'N');
INSERT INTO serie_ensino (cd_serie_ensino,cd_modalidade_ensino,cd_etapa_ensino,cd_ciclo_ensino,dc_serie_ensino,nr_ordem_serie,cd_tipo_periodicidade,dt_inicio,dt_fim,in_quadro_vaga,tp_censo_escolar,dt_atualizacao_tabela,cd_operador,sg_serie_ensino,tp_compatibilizacao_escola,qt_idade_minima,qt_idade_maxima,sg_resumida_serie,in_permite_rematricula_proxima_serie,in_uniforme_escolar,in_demanda_relatorio,in_atribuicao_aula,in_leve_leite,in_aleitamento,qt_distancia_encaminhamento,in_escola_particular) VALUES
	 (141,2,11,15,'3ºT FI',14,4,'1998-01-01 00:00:00.0','2008-06-12 00:00:00.0','S','N','2011-01-21 19:10:39.303','1','3ºT FI','N',0,99,'1','S',NULL,NULL,'S','N','N',NULL,'N'),
	 (142,2,11,15,'3ºT FII',15,3,'1998-01-01 00:00:00.0','2008-06-12 00:00:00.0','S','S','2011-01-21 19:10:39.307','1','3ºT FII','N',0,99,'2','S',NULL,NULL,'S','N','N',NULL,'N'),
	 (143,2,11,15,'3ºT FII',16,4,'1998-01-01 00:00:00.0','2008-06-12 00:00:00.0','S','N','2011-01-21 19:10:39.307','1','3ºT FII','N',0,99,'2','S',NULL,NULL,'S','N','N',NULL,'N'),
	 (144,2,11,15,'4ºT FI',17,3,'1998-01-01 00:00:00.0','2008-06-12 00:00:00.0','S','S','2011-01-21 19:10:39.31','1','4ºT FI','N',0,99,'1','S',NULL,NULL,'S','N','N',NULL,'N'),
	 (145,2,11,15,'4ºT FI',18,4,'1998-01-01 00:00:00.0','2008-06-12 00:00:00.0','S','N','2011-01-21 19:10:39.313','1','4ºT FI','N',0,99,'1','S',NULL,NULL,'S','N','N',NULL,'N'),
	 (146,2,11,15,'4ºT FII',19,3,'1998-01-01 00:00:00.0','2008-06-12 00:00:00.0','S','S','2011-01-21 19:10:39.313','1','4ºT FII','N',0,99,'2','S',NULL,NULL,'S','N','N',NULL,'N'),
	 (147,2,11,15,'4ºT FII',20,4,'1998-01-01 00:00:00.0','2008-06-12 00:00:00.0','S','N','2011-01-21 19:10:39.317','1','4ºT FII','N',0,99,'2','S',NULL,NULL,'S','N','N',NULL,'N'),
	 (148,2,11,16,'1º T FI',1,3,'1998-01-01 00:00:00.0','2008-06-12 00:00:00.0','S','S','2011-01-21 19:10:39.32','1','1º T FI','N',0,99,'5','S',NULL,NULL,'S','N','N',NULL,'N'),
	 (149,2,11,16,'1º T FI',2,4,'1998-01-01 00:00:00.0','2008-06-12 00:00:00.0','S','N','2011-01-21 19:10:39.32','1','1º T FI','N',0,99,'5','S',NULL,NULL,'S','N','N',NULL,'N'),
	 (150,2,11,16,'1º T FII',3,3,'1998-01-01 00:00:00.0','2008-06-12 00:00:00.0','S','S','2011-01-21 19:10:39.323','1','1º T FII','N',0,99,'6','S',NULL,NULL,'S','N','N',NULL,'N');
INSERT INTO serie_ensino (cd_serie_ensino,cd_modalidade_ensino,cd_etapa_ensino,cd_ciclo_ensino,dc_serie_ensino,nr_ordem_serie,cd_tipo_periodicidade,dt_inicio,dt_fim,in_quadro_vaga,tp_censo_escolar,dt_atualizacao_tabela,cd_operador,sg_serie_ensino,tp_compatibilizacao_escola,qt_idade_minima,qt_idade_maxima,sg_resumida_serie,in_permite_rematricula_proxima_serie,in_uniforme_escolar,in_demanda_relatorio,in_atribuicao_aula,in_leve_leite,in_aleitamento,qt_distancia_encaminhamento,in_escola_particular) VALUES
	 (151,2,11,16,'1º T FII',4,4,'1998-01-01 00:00:00.0','2008-06-12 00:00:00.0','S','N','2011-01-21 19:10:39.327','1','1º T FII','N',0,99,'6','S',NULL,NULL,'S','N','N',NULL,'N'),
	 (152,2,11,16,'2º T FI',5,3,'1998-01-01 00:00:00.0','2008-06-12 00:00:00.0','S','S','2011-01-21 19:10:39.327','1','2º T FI','N',0,99,'5','S',NULL,NULL,'S','N','N',NULL,'N'),
	 (153,2,11,16,'2º T FI',6,4,'1998-01-01 00:00:00.0','2008-06-12 00:00:00.0','S','N','2011-01-21 19:10:39.33','1','2º T FI','N',0,99,'5','S',NULL,NULL,'S','N','N',NULL,'N'),
	 (154,2,11,16,'2º T FII',7,3,'1998-01-01 00:00:00.0','2008-06-12 00:00:00.0','S','S','2011-01-21 19:10:39.33','1','2º T FII','N',0,99,'6','S',NULL,NULL,'S','N','N',NULL,'N'),
	 (155,2,11,16,'2º T FII',8,4,'1998-01-01 00:00:00.0','2008-06-12 00:00:00.0','S','N','2011-01-21 19:10:39.333','1','2º T FII','N',0,99,'6','S',NULL,NULL,'S','N','N',NULL,'N'),
	 (156,2,11,16,'3ª FI',25,1,'2008-01-01 00:00:00.0','2015-12-15 16:45:27.01','S','S','2015-12-15 16:45:27.01','3162','3ª FI','N',14,90,'3','S','N','S','S','N','N',NULL,'N'),
	 (157,2,11,16,'3ª FI',25,2,'2008-01-01 00:00:00.0','2015-12-15 16:45:38.143','S','S','2015-12-15 16:45:38.143','3162','3ª FI','N',14,90,'3','S','N','S','S','N','N',NULL,'N'),
	 (158,2,11,16,'3ª FII',26,1,'2008-01-01 00:00:00.0','2015-12-15 16:45:50.487','S','S','2015-12-15 16:45:50.487','3162','3ª FII','N',14,90,'3','S','N','S','S','N','N',NULL,'N'),
	 (159,2,11,16,'3ª FII',26,2,'2008-01-01 00:00:00.0','2015-12-15 16:45:58.44','S','S','2015-12-15 16:45:58.44','3162','3ª FII','N',14,90,'3','S','N','S','S','N','N',NULL,'N'),
	 (160,2,11,16,'3º T FI',10,4,'1998-01-01 00:00:00.0','2008-06-12 00:00:00.0','S','N','2011-01-21 19:10:39.343','1','3º T FI','N',0,99,'5','S',NULL,NULL,'S','N','N',NULL,'N');
INSERT INTO serie_ensino (cd_serie_ensino,cd_modalidade_ensino,cd_etapa_ensino,cd_ciclo_ensino,dc_serie_ensino,nr_ordem_serie,cd_tipo_periodicidade,dt_inicio,dt_fim,in_quadro_vaga,tp_censo_escolar,dt_atualizacao_tabela,cd_operador,sg_serie_ensino,tp_compatibilizacao_escola,qt_idade_minima,qt_idade_maxima,sg_resumida_serie,in_permite_rematricula_proxima_serie,in_uniforme_escolar,in_demanda_relatorio,in_atribuicao_aula,in_leve_leite,in_aleitamento,qt_distancia_encaminhamento,in_escola_particular) VALUES
	 (161,2,11,16,'3º T FI',9,3,'1998-01-01 00:00:00.0','2008-06-12 00:00:00.0','S','S','2011-01-21 19:10:39.347','1','3º T FI','N',0,99,'5','S',NULL,NULL,'S','N','N',NULL,'N'),
	 (162,2,11,16,'3º T FII',11,3,'1998-01-01 00:00:00.0','2008-06-12 00:00:00.0','S','S','2011-01-21 19:10:39.347','1','3º T FII','N',0,99,'6','S',NULL,NULL,'S','N','N',NULL,'N'),
	 (163,2,11,16,'3º T FII',12,4,'1998-01-01 00:00:00.0','2008-06-12 00:00:00.0','S','N','2011-01-21 19:10:39.35','1','3º T FII','N',0,99,'6','S',NULL,NULL,'S','N','N',NULL,'N'),
	 (164,2,11,16,'4ª FI',27,1,'2008-01-01 00:00:00.0','2015-12-15 16:46:04.75','S','S','2015-12-15 16:46:04.75','3162','4ª FI','N',14,90,'4','N','N','S','S','N','N',NULL,'N'),
	 (165,2,11,16,'4ª FI',27,2,'2008-01-01 00:00:00.0','2015-12-15 16:46:13.267','S','S','2015-12-15 16:46:13.267','3162','4ª FI','N',14,90,'4','N','N','S','S','N','N',NULL,'N'),
	 (166,2,11,16,'4ª FII',28,1,'2008-01-01 00:00:00.0','2015-12-15 16:46:27.837','S','S','2015-12-15 16:46:27.837','3162','4ª FII','N',14,90,'4','S','N','S','S','N','N',NULL,'N'),
	 (167,2,11,16,'4ª FII',28,2,'2008-01-01 00:00:00.0','2015-12-15 16:46:37.427','S','S','2015-12-15 16:46:37.427','3162','4ª FII','N',14,90,'4','S','N','S','S','N','N',NULL,'N'),
	 (168,2,11,16,'4º T FI',13,3,'1998-01-01 00:00:00.0','2008-06-12 00:00:00.0','S','S','2011-01-21 19:10:39.36','1','4º T FI','N',0,99,'5','S',NULL,NULL,'S','N','N',NULL,'N'),
	 (169,2,11,16,'4º T FI',14,4,'1998-01-01 00:00:00.0','2008-06-12 00:00:00.0','S','N','2011-01-21 19:10:39.363','1','4º T FI','N',0,99,'5','S',NULL,NULL,'S','N','N',NULL,'N'),
	 (170,2,11,16,'4º T FII',15,3,'1998-01-01 00:00:00.0','2008-06-12 00:00:00.0','S','S','2011-01-21 19:10:39.363','1','4º T FII','N',0,99,'6','S',NULL,NULL,'S','N','N',NULL,'N');
INSERT INTO serie_ensino (cd_serie_ensino,cd_modalidade_ensino,cd_etapa_ensino,cd_ciclo_ensino,dc_serie_ensino,nr_ordem_serie,cd_tipo_periodicidade,dt_inicio,dt_fim,in_quadro_vaga,tp_censo_escolar,dt_atualizacao_tabela,cd_operador,sg_serie_ensino,tp_compatibilizacao_escola,qt_idade_minima,qt_idade_maxima,sg_resumida_serie,in_permite_rematricula_proxima_serie,in_uniforme_escolar,in_demanda_relatorio,in_atribuicao_aula,in_leve_leite,in_aleitamento,qt_distancia_encaminhamento,in_escola_particular) VALUES
	 (171,2,11,16,'4º T FII',16,4,'1998-01-01 00:00:00.0','2008-06-12 00:00:00.0','S','N','2011-01-21 19:10:39.367','1','4º T FII','N',0,99,'6','S',NULL,NULL,'S','N','N',NULL,'N'),
	 (172,2,12,17,'1º FI',1,1,'1998-01-01 00:00:00.0','2014-08-06 17:50:28.62','S','S','2014-08-06 17:50:28.62','3162','1º FI','N',6,15,'1','S','S','S','S','S','N',NULL,'N'),
	 (173,2,12,17,'1º FII',2,1,'1998-01-01 00:00:00.0','2014-08-06 17:50:35.047','S','S','2014-08-06 17:50:35.047','3162','1º FII','N',6,15,'2','S','S','S','S','S','N',NULL,'N'),
	 (174,2,12,17,'2º FI',3,1,'1998-01-01 00:00:00.0','2014-08-06 17:50:40.48','S','S','2014-08-06 17:50:40.48','3162','2º FI','N',7,16,'1','S','S','S','S','S','N',NULL,'N'),
	 (175,2,12,17,'2º FII',4,1,'1998-01-01 00:00:00.0','2014-08-06 17:50:50.22','S','S','2014-08-06 17:50:50.22','3162','2º FII','N',7,16,'2','S','S','S','S','S','N',NULL,'N'),
	 (176,2,12,17,'3º FI',5,1,'1998-01-01 00:00:00.0','2014-08-06 17:50:59.33','S','S','2014-08-06 17:50:59.33','3162','3º FI','N',8,17,'1','S','S','S','S','S','N',NULL,'N'),
	 (177,2,12,17,'3º FII',6,1,'1998-01-01 00:00:00.0','2014-08-06 17:51:07.5','S','S','2014-08-06 17:51:07.5','3162','3º FII','N',8,17,'2','S','S','S','S','S','N',NULL,'N'),
	 (178,2,12,17,'4º FI',7,1,'1998-01-01 00:00:00.0','2014-08-06 17:51:19.73','S','S','2014-08-06 17:51:19.73','3162','4º FI','N',9,18,'1','S','S','S','S','S','N',NULL,'N'),
	 (179,2,12,17,'4º FII',8,1,'1998-01-01 00:00:00.0','2014-08-06 17:51:33.903','S','S','2014-08-06 17:51:33.903','3162','4º FII','N',9,18,'2','S','S','S','S','S','N',NULL,'N'),
	 (180,2,12,18,'1º FI',1,1,'1998-01-01 00:00:00.0','2014-08-06 17:55:15.083','S','S','2014-08-06 17:55:15.083','3162','1º FI','N',10,19,'1','S','S','S','S','S','N',NULL,'N');
INSERT INTO serie_ensino (cd_serie_ensino,cd_modalidade_ensino,cd_etapa_ensino,cd_ciclo_ensino,dc_serie_ensino,nr_ordem_serie,cd_tipo_periodicidade,dt_inicio,dt_fim,in_quadro_vaga,tp_censo_escolar,dt_atualizacao_tabela,cd_operador,sg_serie_ensino,tp_compatibilizacao_escola,qt_idade_minima,qt_idade_maxima,sg_resumida_serie,in_permite_rematricula_proxima_serie,in_uniforme_escolar,in_demanda_relatorio,in_atribuicao_aula,in_leve_leite,in_aleitamento,qt_distancia_encaminhamento,in_escola_particular) VALUES
	 (181,2,12,18,'1º FII',2,1,'1998-01-01 00:00:00.0','2014-08-06 17:55:32.427','S','S','2014-08-06 17:55:32.427','3162','1º FII','N',10,19,'2','S','S','S','S','S','N',NULL,'N'),
	 (182,2,12,18,'2º FI',3,1,'1998-01-01 00:00:00.0','2014-08-06 17:55:55.163','S','S','2014-08-06 17:55:55.163','3162','2º FI','N',11,20,'1','S','S','S','S','S','N',NULL,'N'),
	 (183,2,12,18,'2º FII',4,1,'1998-01-01 00:00:00.0','2014-08-06 17:56:07.74','S','S','2014-08-06 17:56:07.74','3162','2º FII','N',11,20,'2','S','S','S','S','S','N',NULL,'N'),
	 (184,2,12,18,'3º FI',5,1,'1998-01-01 00:00:00.0','2014-08-06 17:56:18.373','S','S','2014-08-06 17:56:18.373','3162','3º FI','N',12,21,'1','S','S','S','S','S','N',NULL,'N'),
	 (185,2,12,18,'3º FII',6,1,'1998-01-01 00:00:00.0','2014-08-06 17:56:25.363','S','S','2014-08-06 17:56:25.363','3162','3º FII','N',12,21,'2','S','S','S','S','S','N',NULL,'N'),
	 (186,2,12,18,'4º FI',7,1,'1998-01-01 00:00:00.0','2014-08-06 17:56:34.027','S','S','2014-08-06 17:56:34.027','3162','4º FI','N',13,22,'1','S','S','S','S','S','N',NULL,'N'),
	 (187,2,12,18,'4º FII',8,1,'1998-01-01 00:00:00.0','2014-08-06 17:56:44.783','S','S','2014-08-06 17:56:44.783','3162','4º FII','N',13,22,'2','S','S','S','S','S','N',NULL,'N'),
	 (188,2,13,19,'1º FI',1,1,'1998-01-01 00:00:00.0','2014-08-06 18:06:07.33','S','S','2014-08-06 18:06:07.33','3162','1º FI','N',5,15,'1','S','S','S','S','S','N',NULL,'N'),
	 (189,2,13,19,'1º FII',2,1,'1998-01-01 00:00:00.0','2014-08-06 18:06:17.88','S','S','2014-08-06 18:06:17.88','3162','1º FII','N',5,15,'1','S','S','S','S','S','N',NULL,'N'),
	 (190,2,13,19,'2º FI',3,1,'2009-10-01 00:00:00.0','2014-08-06 18:06:26.3','S','S','2014-08-06 18:06:26.3','3162','2º FI','N',6,16,'2','S','S','S','S','S','N',NULL,'N');
INSERT INTO serie_ensino (cd_serie_ensino,cd_modalidade_ensino,cd_etapa_ensino,cd_ciclo_ensino,dc_serie_ensino,nr_ordem_serie,cd_tipo_periodicidade,dt_inicio,dt_fim,in_quadro_vaga,tp_censo_escolar,dt_atualizacao_tabela,cd_operador,sg_serie_ensino,tp_compatibilizacao_escola,qt_idade_minima,qt_idade_maxima,sg_resumida_serie,in_permite_rematricula_proxima_serie,in_uniforme_escolar,in_demanda_relatorio,in_atribuicao_aula,in_leve_leite,in_aleitamento,qt_distancia_encaminhamento,in_escola_particular) VALUES
	 (191,2,13,19,'2º FII',4,1,'2009-10-01 00:00:00.0','2014-08-06 18:06:35.82','S','S','2014-08-06 18:06:35.82','3162','2º FII','N',6,16,'2','S','S','S','S','S','N',NULL,'N'),
	 (192,2,13,19,'3º FI',5,1,'2010-10-01 00:00:00.0','2014-08-06 18:06:44.037','S','S','2014-08-06 18:06:44.037','3162','3º FI','N',7,17,'3','S','S','S','S','S','N',NULL,'N'),
	 (193,2,13,19,'3º FII',6,1,'2010-10-01 00:00:00.0','2014-08-06 18:06:52.163','S','S','2014-08-06 18:06:52.163','3162','3º FII','N',7,17,'3','S','S','S','S','S','N',NULL,'N'),
	 (194,3,14,20,'1º Modulo',1,3,'1998-01-01 00:00:00.0',NULL,'S','H','2018-12-14 10:15:57.667','3162','1º MODULO','N',13,60,'B','S','N','S','S','N','N',NULL,'N'),
	 (195,3,14,20,'1º Modulo',1,4,'1998-01-01 00:00:00.0',NULL,'S','H','2015-12-15 11:48:04.047','23987','1º MODULO','N',13,60,'B','S','N','S','S','N','N',NULL,'N'),
	 (196,3,14,20,'2º Modulo',2,3,'1998-01-01 00:00:00.0',NULL,'S','H','2016-12-12 16:37:38.52','23987','2º MODULO','N',14,60,'P','S','N','S','S','N','N',NULL,'N'),
	 (197,3,14,20,'2º Modulo',2,4,'1998-01-01 00:00:00.0',NULL,'S','H','2015-12-10 17:37:20.38','23987','2º MODULO','N',14,60,'P','S','N','S','S','N','N',NULL,'N'),
	 (198,3,14,20,'3º Modulo',3,3,'1998-01-01 00:00:00.0',NULL,'S','H','2018-06-29 16:59:34.693','3162','3º MODULO','N',15,60,'P','S','N','S','S','N','N',NULL,'N'),
	 (199,3,14,20,'3º Modulo',3,4,'1998-01-01 00:00:00.0',NULL,'S','H','2018-06-29 16:57:34.937','3162','3º MODULO','N',15,60,'P','S','N','S','S','N','N',NULL,'N'),
	 (200,3,14,20,'4º Modulo',4,3,'1998-01-01 00:00:00.0','2008-06-12 00:00:00.0','S','H','2011-01-21 19:10:39.427','1','4º MODULO','N',0,99,'I','S',NULL,NULL,'S','N','N',NULL,'N');
INSERT INTO serie_ensino (cd_serie_ensino,cd_modalidade_ensino,cd_etapa_ensino,cd_ciclo_ensino,dc_serie_ensino,nr_ordem_serie,cd_tipo_periodicidade,dt_inicio,dt_fim,in_quadro_vaga,tp_censo_escolar,dt_atualizacao_tabela,cd_operador,sg_serie_ensino,tp_compatibilizacao_escola,qt_idade_minima,qt_idade_maxima,sg_resumida_serie,in_permite_rematricula_proxima_serie,in_uniforme_escolar,in_demanda_relatorio,in_atribuicao_aula,in_leve_leite,in_aleitamento,qt_distancia_encaminhamento,in_escola_particular) VALUES
	 (201,3,14,20,'4º Modulo',4,3,'2008-11-01 00:00:00.0',NULL,'S','H','2015-01-12 11:43:15.3','3162','4º MODULO','N',16,60,'P','N','N','S','S','N','N',NULL,'N'),
	 (202,3,14,20,'4º Modulo',4,4,'1998-01-01 00:00:00.0','2008-06-12 00:00:00.0','S','H','2011-01-21 19:10:39.43','1','4º MODULO','N',0,99,'I','S',NULL,NULL,'S','N','N',NULL,'N'),
	 (203,3,14,20,'4º Modulo',4,4,'2008-11-01 00:00:00.0',NULL,'S','H','2015-01-12 11:43:24.893','3162','4º MODULO','N',16,60,'P','N','N','S','S','N','N',NULL,'N'),
	 (204,1,5,9,'4º Ano',6,1,'2011-09-01 09:48:37.59','2014-08-26 15:46:57.273','S','S','2014-08-06 16:44:38.5','3162','4º ANO','S',7,14,'4','S','S','S','S','S','N',NULL,'N'),
	 (205,2,13,19,'4º FI',7,1,'2011-09-01 11:33:41.717','2014-08-06 18:06:59.72','S','S','2014-08-06 18:06:59.72','3162','4º FI','N',7,20,'4','S','S','S','S','S','N',NULL,'N'),
	 (206,2,13,19,'4º FII',8,1,'2011-09-01 11:34:57.857','2014-08-06 18:07:07.417','S','S','2014-08-06 18:07:07.417','3162','4º FII','N',7,20,'4','S','S','S','S','S','N',NULL,'N'),
	 (207,1,5,9,'1º ANO INTEGRAL',5,1,'2011-09-20 14:19:05.2','2011-09-21 11:16:32.0','S','S','2011-09-21 11:16:32.93','3162','1º ANO INTEGRAL','S',4,14,'1','S',NULL,NULL,'S','N','N',NULL,'N'),
	 (208,1,5,9,'2º ANO INTEGRAL',6,1,'2011-09-20 14:20:35.8','2011-09-21 11:16:32.0','S','S','2011-09-21 11:16:21.94','3162','2º ANO INTEGRAL','S',5,15,'2','S',NULL,NULL,'S','N','N',NULL,'N'),
	 (209,1,5,9,'3º ANO INTEGRAL',7,1,'2011-09-20 14:22:15.24','2011-09-21 11:16:32.0','S','S','2011-09-21 11:16:40.47','3162','3º ANO INTEGRAL','S',6,16,'3','S',NULL,NULL,'S','N','N',NULL,'N'),
	 (210,1,3,6,'3ª EJA MODULAR',3,1,'2012-01-27 10:24:32.007',NULL,'S','S','2017-07-18 16:56:11.07','23987','3ª EJA MODULAR','N',15,99,'3','S','N','S','S','N','N',NULL,'N');
INSERT INTO serie_ensino (cd_serie_ensino,cd_modalidade_ensino,cd_etapa_ensino,cd_ciclo_ensino,dc_serie_ensino,nr_ordem_serie,cd_tipo_periodicidade,dt_inicio,dt_fim,in_quadro_vaga,tp_censo_escolar,dt_atualizacao_tabela,cd_operador,sg_serie_ensino,tp_compatibilizacao_escola,qt_idade_minima,qt_idade_maxima,sg_resumida_serie,in_permite_rematricula_proxima_serie,in_uniforme_escolar,in_demanda_relatorio,in_atribuicao_aula,in_leve_leite,in_aleitamento,qt_distancia_encaminhamento,in_escola_particular) VALUES
	 (211,1,3,6,'4ª EJA MODULAR',4,1,'2012-01-27 10:38:38.493',NULL,'S','S','2018-12-05 10:54:55.44','3162','4ª EJA MODULAR','N',15,99,'4','S','N','S','S','N','N',NULL,'N'),
	 (212,1,3,5,'1ª EJA MODULAR',1,1,'2012-01-27 10:40:09.613',NULL,'S','S','2018-01-30 10:37:29.747','11943','1ª EJA MODULAR','N',15,99,'1','S','N','S','S','N','N',NULL,'N'),
	 (213,1,3,5,'2ª EJA MODULAR',2,1,'2012-01-27 10:41:14.713',NULL,'S','S','2018-12-04 11:02:54.13','3162','2ª EJA MODULAR','N',15,99,'2','S','N','S','S','N','N',NULL,'N'),
	 (214,1,5,9,'SAAI Bilingue Multi Seriada',1,1,'2012-03-01 11:10:03.557','2014-09-30 16:37:03.137','N','S','2014-09-30 16:37:03.137','3162','SAAI - BILINGUE','S',5,14,'S','S','S',NULL,'S','S','N',NULL,'N'),
	 (215,1,1,1,'SAAI Bilingue CEI',1,1,'2012-03-01 14:35:02.253','2013-11-21 12:58:56.573','N','S','2013-11-21 12:58:56.573','3162','SAAI - BILING CEI','S',0,16,'S','S','N',NULL,'S','S','N',2000,'N'),
	 (216,1,1,2,'SAAI BILINGUE EMEI',1,1,'2012-03-01 15:00:25.393','2013-11-21 12:59:36.193','N','S','2013-11-21 12:59:36.193','3162','SAAI BILINGUE EMEI','S',4,16,'S','S','S',NULL,'S','S','N',2000,'N'),
	 (221,1,5,9,'5º ANO',6,1,'2012-09-06 18:05:48.027','2014-08-26 15:46:57.273','S','S','2014-08-06 16:44:21.803','3162','5º ANO','S',9,17,'5','S','S','S','S','S','N',NULL,'N'),
	 (222,2,13,19,'5º FI',9,1,'2012-09-10 08:56:16.693','2014-08-06 18:07:16.24','S','S','2014-08-06 18:07:16.24','3162','5º FI','N',9,18,'5','S','S','S','S','S','N',NULL,'N'),
	 (223,2,13,19,'5º FII',10,1,'2012-09-10 09:04:14.743','2014-08-06 18:07:36.39','S','S','2014-08-06 18:07:36.39','3162','5º FII','N',9,18,'5','S','S','S','S','S','N',NULL,'N'),
	 (224,2,10,23,'INFANTIL LIBRAS CEI',1,1,'2012-09-11 13:58:30.19',NULL,'N','S','2012-09-11 13:58:30.19','3162','INF LIBRAS CEI','N',0,16,'S','S','N',NULL,'S','S','N',NULL,'N');
INSERT INTO serie_ensino (cd_serie_ensino,cd_modalidade_ensino,cd_etapa_ensino,cd_ciclo_ensino,dc_serie_ensino,nr_ordem_serie,cd_tipo_periodicidade,dt_inicio,dt_fim,in_quadro_vaga,tp_censo_escolar,dt_atualizacao_tabela,cd_operador,sg_serie_ensino,tp_compatibilizacao_escola,qt_idade_minima,qt_idade_maxima,sg_resumida_serie,in_permite_rematricula_proxima_serie,in_uniforme_escolar,in_demanda_relatorio,in_atribuicao_aula,in_leve_leite,in_aleitamento,qt_distancia_encaminhamento,in_escola_particular) VALUES
	 (225,2,10,14,'INFANTIL LIBRAS EMEI',5,1,'2012-09-11 14:16:50.83',NULL,'N','S','2012-11-14 10:29:42.89','3162','INF LIBRAS EMEI','N',4,16,'S','S','S',NULL,'S','S','N',NULL,'N'),
	 (226,2,13,19,'CLASSE BILINGUE I',11,1,'2012-09-11 15:05:42.473',NULL,'N','S','2019-05-20 19:03:59.523','3162','FUND I BILINGUE I','N',5,14,'S','S','S','S','S','S','N',NULL,'N'),
	 (227,1,4,8,'FUNDAMENTAL II LIBRAS 1 ANO',5,1,'2012-09-12 09:58:26.113','2012-12-06 09:44:27.127','S','S','2012-12-06 09:44:27.127','26234','1° ANO LIBRAS','S',10,18,'5','S','S',NULL,'S','N','N',NULL,'N'),
	 (228,1,4,8,'FUNDAMENTAL II LIBRAS 2 ANO',6,1,'2012-09-12 10:07:30.687','2012-12-06 09:44:40.703','S','S','2012-12-06 09:44:40.703','26234','2º ANO LIBRAS','S',11,19,'6','S','S',NULL,'S','N','N',NULL,'N'),
	 (229,1,4,8,'FUNDAMENTAL II LIBRAS 3 ANO',7,1,'2012-09-12 10:15:53.053','2012-12-06 09:44:57.143','S','S','2012-12-06 09:44:57.143','26234','3º ANO LIBRAS','S',12,20,'7','S','S',NULL,'S','N','N',NULL,'N'),
	 (230,1,4,8,'FUNDAMENTAL II LIBRAS 4 ANO',8,1,'2012-09-12 10:19:42.97','2012-12-06 09:45:12.53','S','S','2012-12-06 09:45:12.53','26234','4º ANO LIBRAS','S',13,21,'8','S','S',NULL,'S','N','N',NULL,'N'),
	 (231,2,13,19,'1º FI',2,1,'2012-12-03 15:59:04.837','2012-12-05 13:44:36.593','S','S','2012-12-05 13:44:36.593','23987','1º FI','N',9,18,'1','S','S',NULL,'S','N','N',NULL,'N'),
	 (232,1,5,24,'6° ANO',3,1,'2013-08-20 16:05:14.997',NULL,'S','S','2020-09-25 11:15:20.447','3162','6º ANO','S',10,18,'6','S','S','S','S','S','N',NULL,'N'),
	 (233,2,13,25,'6º ANO FI',1,1,'2013-08-20 17:34:29.257','2014-08-06 18:07:49.46','S','S','2014-08-06 18:07:49.46','3162','6º ANO FI','N',10,19,'6','S','S','S','S','S','N',NULL,'N'),
	 (234,2,13,25,'6° ANO FII',2,1,'2013-08-20 17:36:31.05','2014-08-06 18:08:33.563','S','S','2014-08-06 18:08:33.563','3162','6º ANO FII','N',10,19,'6','S','S','S','S','S','N',NULL,'N');
INSERT INTO serie_ensino (cd_serie_ensino,cd_modalidade_ensino,cd_etapa_ensino,cd_ciclo_ensino,dc_serie_ensino,nr_ordem_serie,cd_tipo_periodicidade,dt_inicio,dt_fim,in_quadro_vaga,tp_censo_escolar,dt_atualizacao_tabela,cd_operador,sg_serie_ensino,tp_compatibilizacao_escola,qt_idade_minima,qt_idade_maxima,sg_resumida_serie,in_permite_rematricula_proxima_serie,in_uniforme_escolar,in_demanda_relatorio,in_atribuicao_aula,in_leve_leite,in_aleitamento,qt_distancia_encaminhamento,in_escola_particular) VALUES
	 (235,1,5,24,'4º ANO',1,1,'2013-10-11 16:55:51.483',NULL,'S','S','2020-03-11 17:23:46.883','3162','4º ANO','S',4,14,'4','S','S','S','S','S','N',NULL,'N'),
	 (236,1,5,24,'5º ANO',2,1,'2013-10-11 16:58:53.137',NULL,'S','S','2016-07-26 15:12:30.803','23987','5º ANO','S',9,17,'5','S','S','S','S','S','N',NULL,'N'),
	 (237,1,5,26,'7º ANO',1,1,'2013-10-11 17:22:21.173',NULL,'S','S','2020-09-25 11:46:01.09','3162','7º ANO','S',11,19,'7','S','S','S','S','S','N',NULL,'N'),
	 (238,1,5,26,'8º ANO',2,1,'2013-10-11 17:31:46.887',NULL,'S','S','2020-09-25 11:47:32.047','3162','8º ANO','S',12,20,'8','S','S','S','S','S','N',NULL,'N'),
	 (239,1,5,26,'9º ANO',3,1,'2013-10-11 17:43:22.977',NULL,'S','S','2020-09-22 15:12:41.963','3162','9º ANO','S',13,21,'9','S','S','S','S','S','N',NULL,'N'),
	 (240,1,3,5,'EJA ALFABETIZACAO I E II',1,1,'2013-10-24 16:49:49.013',NULL,'S','S','2015-04-06 15:42:53.55','3162','EJA ALFABETIZACAO','S',15,90,'1','S','N','S','S','N','N',NULL,'N'),
	 (241,1,3,5,'EJA BASICA I E II',2,1,'2013-10-24 17:02:48.743',NULL,'S','S','2015-04-06 15:43:23.247','3162','EJA BASICA','S',15,90,'2','S','N','S','S','N','N',NULL,'N'),
	 (242,1,3,5,'EJA COMPLEMENTAR I',1,3,'2013-10-24 17:05:08.963','2013-10-24 17:41:28.51','S','S','2013-10-24 17:41:28.51','23987','EJA COMPLEMENTAR','S',15,90,'1','S','N','S','S','N','N',NULL,'N'),
	 (243,1,3,5,'EJA COMPLEMENTAR II',1,3,'2013-10-24 17:06:59.853','2013-10-24 17:41:44.79','S','S','2013-10-24 17:41:44.79','23987','EJA COMPLEMENTAR','S',15,90,'1','S','N','N','S','N','N',NULL,'N'),
	 (244,1,3,5,'EJA FINAL I',1,3,'2013-10-24 17:14:15.53','2013-10-24 17:35:19.383','S','S','2013-10-24 17:35:19.383','23987','EJA FINAL','S',15,90,'1','S','N','S','S','N','N',NULL,'N');
INSERT INTO serie_ensino (cd_serie_ensino,cd_modalidade_ensino,cd_etapa_ensino,cd_ciclo_ensino,dc_serie_ensino,nr_ordem_serie,cd_tipo_periodicidade,dt_inicio,dt_fim,in_quadro_vaga,tp_censo_escolar,dt_atualizacao_tabela,cd_operador,sg_serie_ensino,tp_compatibilizacao_escola,qt_idade_minima,qt_idade_maxima,sg_resumida_serie,in_permite_rematricula_proxima_serie,in_uniforme_escolar,in_demanda_relatorio,in_atribuicao_aula,in_leve_leite,in_aleitamento,qt_distancia_encaminhamento,in_escola_particular) VALUES
	 (245,1,3,5,'EJA FINA II',1,3,'2013-10-24 17:19:44.603','2013-10-24 17:35:01.633','S','S','2013-10-24 17:35:01.633','23987','EJA FINAL','S',15,90,'1','S','N','S','S','N','N',NULL,'N'),
	 (246,1,3,6,'EJA COMPLEMENTAR I',1,3,'2013-10-24 17:36:32.873',NULL,'S','S','2015-04-06 15:50:22.38','3162','EJA COMPLEMENTAR I','S',15,90,'3','S','N','S','S','N','N',NULL,'N'),
	 (247,1,3,6,'EJA COMPLEMENTAR II',1,3,'2013-10-24 17:37:31.313',NULL,'S','S','2015-04-06 15:50:30.733','3162','EJACOMPLEMENTAR II','S',15,90,'3','S','N','N','S','N','N',NULL,'N'),
	 (248,1,3,6,'EJA FINAL I',1,3,'2013-10-24 17:38:48.92',NULL,'S','S','2015-12-01 15:14:32.677','11943','EJA FINAL I','S',15,90,'4','S','N','S','S','N','N',NULL,'N'),
	 (249,1,3,6,'EJA FINAL II',1,3,'2013-10-24 17:39:57.823',NULL,'S','S','2019-09-05 10:10:02.03','3162','EJA FINAL II','S',15,90,'4','S','N','S','S','N','N',NULL,'N'),
	 (250,2,13,19,'1º ANO',12,1,'2013-11-13 15:54:02.597',NULL,'S','S','2015-01-08 10:26:59.78','3162','1º ANO','N',4,14,'1','S','S','S','S','S','N',NULL,'N'),
	 (251,2,13,19,'2º ANO',13,1,'2013-11-13 17:12:06.097',NULL,'S','S','2015-01-08 10:27:56.83','3162','2º ANO','N',5,15,'2','S','S','S','S','S','N',NULL,'N'),
	 (252,2,13,19,'3º ANO',14,1,'2013-11-13 17:19:43.53',NULL,'S','S','2015-01-08 10:28:55.437','3162','3º ANO','N',6,16,'3','S','S','S','S','S','N',NULL,'N'),
	 (253,2,13,25,'4º ANO',3,1,'2013-11-13 17:28:46.367',NULL,'S','S','2015-01-08 10:30:08.047','3162','4º ANO','N',7,17,'4','S','S','S','S','S','N',NULL,'N'),
	 (254,2,13,25,'5º ANO',4,1,'2013-11-13 17:32:49.9',NULL,'S','S','2014-09-10 13:51:53.327','3162','5º ANO','N',8,18,'5','S','S','S','S','S','N',NULL,'N');
INSERT INTO serie_ensino (cd_serie_ensino,cd_modalidade_ensino,cd_etapa_ensino,cd_ciclo_ensino,dc_serie_ensino,nr_ordem_serie,cd_tipo_periodicidade,dt_inicio,dt_fim,in_quadro_vaga,tp_censo_escolar,dt_atualizacao_tabela,cd_operador,sg_serie_ensino,tp_compatibilizacao_escola,qt_idade_minima,qt_idade_maxima,sg_resumida_serie,in_permite_rematricula_proxima_serie,in_uniforme_escolar,in_demanda_relatorio,in_atribuicao_aula,in_leve_leite,in_aleitamento,qt_distancia_encaminhamento,in_escola_particular) VALUES
	 (255,2,13,25,'6° ANO',5,1,'2013-11-13 17:37:47.993',NULL,'S','S','2017-03-06 17:40:40.417','3162','6º ANO','N',9,19,'6','S','S','S','S','S','N',NULL,'N'),
	 (256,2,13,27,'7º ANO',1,1,'2013-11-13 17:42:32.343',NULL,'S','S','2017-03-06 17:40:52.6','3162','7º ANO','N',10,20,'7','S','S','S','S','S','N',NULL,'N'),
	 (257,2,13,27,'8º ANO',2,1,'2013-11-13 17:45:11.493',NULL,'S','S','2017-03-06 17:41:00.79','3162','8º ANO','N',11,21,'8','S','S','S','S','S','N',NULL,'N'),
	 (258,2,13,27,'9º ANO',3,1,'2013-11-13 17:47:58.317',NULL,'S','S','2017-03-06 17:41:08.857','3162','9º ANO','N',12,22,'9','S','S','S','S','S','N',NULL,'N'),
	 (259,2,11,15,'EJA ALFABETIZACAO I E II EE',9,1,'2013-11-18 09:40:57.997','2015-12-15 18:37:27.727','S','S','2015-12-15 18:37:27.727','3162','EJA ALFAB EE','N',15,20,'1','S','N','S','S','N','N',NULL,'N'),
	 (260,2,11,15,'EJA BASICA I E II EE',10,1,'2013-11-18 09:56:18.597','2015-12-15 18:37:21.017','S','S','2015-12-15 18:37:21.017','3162','EJA BASICA EE','N',15,25,'2','S','N','S','S','N','N',NULL,'N'),
	 (261,2,11,16,'EJA COMPLEMENTAR I EE',9,3,'2013-11-18 09:59:27.923',NULL,'S','S','2016-07-22 13:45:08.217','3162','EJA COMPL I EE','N',15,25,'3','S','N','S','S','N','N',NULL,'N'),
	 (262,2,11,16,'EJA COMPLEMENTAR II EE',10,3,'2013-11-18 10:27:52.813',NULL,'S','S','2016-07-22 13:45:51.513','3162','EJA COMPL II EE','N',15,25,'3','S','N','S','S','N','N',NULL,'N'),
	 (263,2,11,16,'EJA FINAL I EE',11,3,'2013-11-18 10:33:43.59',NULL,'S','S','2016-07-22 13:46:33.963','3162','EJA FINAL I EE','N',15,25,'4','S','N','S','S','N','N',NULL,'N'),
	 (264,2,11,16,'EJA FINAL II EE',12,3,'2013-11-18 10:35:31.517',NULL,'S','S','2016-07-22 13:47:04.88','3162','EJA FINAL II EE','N',15,25,'4','S','N','S','S','N','N',NULL,'N');
INSERT INTO serie_ensino (cd_serie_ensino,cd_modalidade_ensino,cd_etapa_ensino,cd_ciclo_ensino,dc_serie_ensino,nr_ordem_serie,cd_tipo_periodicidade,dt_inicio,dt_fim,in_quadro_vaga,tp_censo_escolar,dt_atualizacao_tabela,cd_operador,sg_serie_ensino,tp_compatibilizacao_escola,qt_idade_minima,qt_idade_maxima,sg_resumida_serie,in_permite_rematricula_proxima_serie,in_uniforme_escolar,in_demanda_relatorio,in_atribuicao_aula,in_leve_leite,in_aleitamento,qt_distancia_encaminhamento,in_escola_particular) VALUES
	 (265,1,3,6,'EJA COMPLEMENTAR I',2,4,'2014-05-19 17:53:13.097',NULL,'S','S','2015-04-06 15:51:00.987','3162','EJA COMPLEMENTAR I','S',15,90,'3','S','N','S','S','N','N',NULL,'N'),
	 (266,1,3,6,'EJA COMPLEMENTAR II',2,4,'2014-05-19 17:58:24.183',NULL,'S','S','2015-04-06 15:51:12.637','3162','EJACOMPLEMENTAR II','S',15,90,'3','S','N','S','S','N','N',NULL,'N'),
	 (267,1,3,6,'EJA FINAL I',2,4,'2014-05-19 18:01:47.303',NULL,'S','S','2015-04-06 15:51:21.577','3162','EJA FINAL I','S',15,90,'4','S','N','S','S','N','N',NULL,'N'),
	 (268,1,3,6,'EJA FINAL II',2,4,'2014-05-19 18:11:29.827',NULL,'S','S','2015-04-06 15:51:29.25','3162','EJA FINAL II','S',15,90,'4','S','N','S','S','N','N',NULL,'N'),
	 (269,2,11,16,'EJA COMPLEMENTAR I EE',2,4,'2014-05-20 09:38:13.54',NULL,'S','S','2017-07-25 17:16:42.507','3162','EJA COMPL I EE','N',15,90,'3','S','N','S','S','N','N',NULL,'N'),
	 (270,2,11,16,'EJA COMPLEMENTAR II EE',2,4,'2014-05-20 09:41:27.667',NULL,'S','S','2016-07-29 17:20:01.433','23987','EJA COMPL II EE','N',15,90,'3','S','N','S','S','N','N',NULL,'N'),
	 (271,2,11,16,'EJA FINAL I EE',4,4,'2014-05-20 09:45:03.493',NULL,'S','S','2017-03-01 14:14:15.15','3162','EJA FINAL I EE','N',15,90,'4','S','N','S','S','N','N',NULL,'N'),
	 (272,2,11,16,'EJA FINAL II EE',2,4,'2014-05-20 09:46:18.887',NULL,'S','S','2016-07-29 17:20:12.207','23987','EJA FINAL II EE','N',15,90,'4','S','N','S','S','N','N',NULL,'N'),
	 (273,1,3,5,'EJA BASICA I E II',3,2,'2014-08-18 19:14:32.13','2014-09-08 11:35:35.423','S','S','2014-09-08 11:35:35.423','3162','EJA BASICA','S',15,90,'2','S','N','S','S','N','N',NULL,'N'),
	 (274,1,3,5,'EJA ALFABETIZACAO I',1,3,'2014-09-29 13:34:21.8',NULL,'S','S','2015-06-26 11:09:43.107','3162','EJA ALFAB I','S',15,90,'1','S','N','S','S','N','N',NULL,'N');
INSERT INTO serie_ensino (cd_serie_ensino,cd_modalidade_ensino,cd_etapa_ensino,cd_ciclo_ensino,dc_serie_ensino,nr_ordem_serie,cd_tipo_periodicidade,dt_inicio,dt_fim,in_quadro_vaga,tp_censo_escolar,dt_atualizacao_tabela,cd_operador,sg_serie_ensino,tp_compatibilizacao_escola,qt_idade_minima,qt_idade_maxima,sg_resumida_serie,in_permite_rematricula_proxima_serie,in_uniforme_escolar,in_demanda_relatorio,in_atribuicao_aula,in_leve_leite,in_aleitamento,qt_distancia_encaminhamento,in_escola_particular) VALUES
	 (275,1,3,5,'EJA ALFABETIZACAO II',3,3,'2014-09-29 13:37:06.563',NULL,'S','S','2016-06-22 15:54:24.803','3162','EJA ALFAB II','S',15,90,'1','S','N','S','S','N','N',NULL,'N'),
	 (276,1,3,5,'EJA ALFABETIZACAO I',2,4,'2014-09-29 13:39:05.483',NULL,'S','S','2015-06-26 11:12:29.003','3162','EJA ALFAB I','S',15,90,'1','S','N','S','S','N','N',NULL,'N'),
	 (277,1,3,5,'EJA ALFABETIZACAO II',4,4,'2014-09-29 13:40:55.08',NULL,'S','S','2015-11-30 19:11:52.017','23987','EJA ALFAB II','S',15,90,'1','S','N','S','S','N','N',NULL,'N'),
	 (278,1,3,5,'EJA BASICA I',5,3,'2014-09-29 13:45:38.36',NULL,'S','S','2016-06-23 18:01:41.657','3162','EJA BASICA I','S',15,90,'2','S','N','S','S','N','N',NULL,'N'),
	 (279,1,3,5,'EJA BASICA I',6,4,'2014-09-29 13:50:26.173',NULL,'S','S','2016-06-29 15:04:42.88','3162','EJA BASICA I','S',15,90,'2','S','N','S','S','N','N',NULL,'N'),
	 (280,1,3,5,'EJA BASICA II',7,3,'2014-09-29 13:55:23.813',NULL,'S','S','2016-09-28 14:00:01.847','46804','EJA BASICA II','S',15,90,'2','S','N','S','S','N','N',NULL,'N'),
	 (281,1,3,5,'EJA BASICA II',8,4,'2014-09-29 13:57:34.573',NULL,'S','S','2016-09-28 14:00:48.877','46804','EJA BASICA II','S',15,90,'2','S','N','S','S','N','N',NULL,'N'),
	 (282,3,14,20,'1º MODULO NAO SME',9,3,'2014-12-19 11:30:48.077',NULL,'N','H','2015-12-16 12:08:10.75','3162','1º MOD NAO SME','N',13,60,'T','S','N','S','S','N','N',NULL,'N'),
	 (283,3,14,20,'1º MODULO NAO SME',10,4,'2014-12-19 11:41:43.92',NULL,'N','H','2015-12-15 15:48:01.993','3162','1º MOD NAO SME','N',13,60,'T','S','N','S','S','N','N',NULL,'N'),
	 (284,3,14,20,'2º MODULO NAO SME',11,3,'2014-12-19 11:43:11.55',NULL,'N','H','2015-08-07 10:16:33.163','23987','2º MOD NAO SME','N',13,60,'T','S','N','S','S','N','N',NULL,'N');
INSERT INTO serie_ensino (cd_serie_ensino,cd_modalidade_ensino,cd_etapa_ensino,cd_ciclo_ensino,dc_serie_ensino,nr_ordem_serie,cd_tipo_periodicidade,dt_inicio,dt_fim,in_quadro_vaga,tp_censo_escolar,dt_atualizacao_tabela,cd_operador,sg_serie_ensino,tp_compatibilizacao_escola,qt_idade_minima,qt_idade_maxima,sg_resumida_serie,in_permite_rematricula_proxima_serie,in_uniforme_escolar,in_demanda_relatorio,in_atribuicao_aula,in_leve_leite,in_aleitamento,qt_distancia_encaminhamento,in_escola_particular) VALUES
	 (285,3,14,20,'2º MODULO NAO SME',12,4,'2014-12-19 11:44:29.963',NULL,'N','H','2015-12-16 12:10:27.02','3162','2º MOD NAO SME','N',13,60,'T','S','N','S','S','N','N',NULL,'N'),
	 (286,3,14,20,'3º MODULO NAO SME',13,3,'2014-12-19 11:45:11.917',NULL,'N','H','2015-08-03 08:41:46.547','23987','3º MOD NAO SME','N',13,60,'T','S','N','S','S','N','N',NULL,'N'),
	 (287,3,14,20,'3º MODULO NAO SME',14,4,'2014-12-19 11:45:51.2',NULL,'N','H','2015-12-16 12:11:15.4','3162','3º MOD NAO SME','N',13,60,'T','S','N','S','S','N','N',NULL,'N'),
	 (288,2,11,15,'EJA ALFABETIZACAO I EE',1,3,'2015-12-15 18:41:11.22',NULL,'S','S','2015-12-17 11:11:44.69','3162','EJA ALFAB I EE','S',15,90,'1','S','N','S','S','N','N',NULL,'N'),
	 (289,2,11,15,'EJA ALFABETIZACAO I EE',2,4,'2015-12-15 18:42:30.9',NULL,'S','S','2015-12-17 11:14:32.757','3162','EJA ALFAB I EE','S',15,90,'1','S','N','S','S','N','N',NULL,'N'),
	 (290,2,11,15,'EJA ALFABETIZACAO II EE',3,3,'2015-12-15 18:43:32.687',NULL,'S','S','2015-12-17 11:17:00.703','3162','EJA ALFAB II EE','S',15,90,'1','S','N','S','S','N','N',NULL,'N'),
	 (291,2,11,15,'EJA ALFABETIZACAO II EE',4,4,'2015-12-15 18:44:12.983',NULL,'S','S','2016-08-01 07:43:02.983','23987','EJA ALFAB II EE','N',15,90,'1','S','N','S','S','N','N',NULL,'N'),
	 (292,2,11,15,'EJA BASICA I EE',5,3,'2015-12-15 18:46:15.853',NULL,'S','S','2016-07-29 16:31:36.61','23987','EJA BASICA I EE','N',15,90,'2','S','N','S','S','N','N',NULL,'N'),
	 (293,2,11,15,'EJA BASICA I EE',6,4,'2015-12-15 18:47:49.13',NULL,'S','S','2015-12-17 11:32:58.573','3162','EJA BASICA I EE','S',15,90,'2','S','N','S','S','N','N',NULL,'N'),
	 (294,2,11,15,'EJA BASICA II EE',7,3,'2015-12-15 18:48:41.36',NULL,'S','S','2017-04-19 17:26:18.377','23987','EJA BASICA II EE','N',15,90,'2','S','N','S','S','N','N',NULL,'N');
INSERT INTO serie_ensino (cd_serie_ensino,cd_modalidade_ensino,cd_etapa_ensino,cd_ciclo_ensino,dc_serie_ensino,nr_ordem_serie,cd_tipo_periodicidade,dt_inicio,dt_fim,in_quadro_vaga,tp_censo_escolar,dt_atualizacao_tabela,cd_operador,sg_serie_ensino,tp_compatibilizacao_escola,qt_idade_minima,qt_idade_maxima,sg_resumida_serie,in_permite_rematricula_proxima_serie,in_uniforme_escolar,in_demanda_relatorio,in_atribuicao_aula,in_leve_leite,in_aleitamento,qt_distancia_encaminhamento,in_escola_particular) VALUES
	 (295,2,11,15,'EJA BASICA II EE',8,4,'2015-12-15 18:49:23.74',NULL,'S','S','2016-08-01 07:42:47.873','23987','EJA BASICA II EE','N',15,90,'2','S','N','S','S','N','N',NULL,'N'),
	 (296,1,16,31,'PROJOVEM',1,10,'2016-04-05 14:18:31.487','2017-10-31 15:59:25.33','N','S','2017-10-31 15:59:25.33','3162','PROJOVEM','N',17,30,'P','N','N','S','N','N','N',NULL,'N'),
	 (297,1,1,2,'INFANTIL I  E II',7,1,'2016-04-11 08:44:46.627',NULL,'S','S','2017-11-16 11:40:23.74','3162','INFANTIL I E II','S',3,6,'7','S','S','S','S','S','N',2000,'N'),
	 (298,3,14,20,'TECNICO EM COMERCIO MOD i',1,1,'2016-12-16 11:09:15.953','2017-01-02 15:28:33.08','S','S','2017-01-02 15:28:33.08','3162','TEC EM COMERCIO','N',16,60,'C','S','N','S','S','N','N',NULL,'N'),
	 (299,3,14,20,'TECNICO EM COMERCIO MOD II',2,1,'2016-12-16 11:25:39.113','2017-01-02 15:28:44.197','S','S','2017-01-02 15:28:44.197','3162','TEC EM COMERCIO','N',18,60,'C','S','N','S','S','N','N',NULL,'N'),
	 (302,3,14,20,'TECNICO EM COMERCIO MOD III',3,1,'2016-12-16 11:28:46.367','2017-01-02 15:28:54.897','S','S','2017-01-02 15:28:54.897','3162','TEC EM COMERCIO','N',19,60,'C','S','N','S','S','N','N',NULL,'N'),
	 (303,2,17,32,'1ª SERIE',1,1,'2019-01-14 10:02:51.033',NULL,'S','S','2020-09-21 07:24:02.353','3162','1ª SERIE','N',15,65,'1','S','N','S','S','N','N',NULL,'N'),
	 (304,2,17,32,'2ª SERIE',2,1,'2019-01-14 10:11:32.283',NULL,'S','S','2020-09-21 16:49:27.143','3162','2ª SERIE','N',15,65,'2','S','N','S','S','N','N',NULL,'N'),
	 (305,2,17,32,'3ª SERIE',3,1,'2019-01-14 10:17:38.943',NULL,'S','S','2020-09-21 16:40:35.37','3162','3ª SERIE','N',15,68,'3','S','N','S','S','N','N',NULL,'N'),
	 (306,1,1,1,'FASE 1 ESC PARTICULAR',9,1,'2019-09-05 13:17:58.0','2019-09-05 13:19:21.657','N','S','2019-09-05 13:19:21.657','3162','FASE 1','N',0,5,'P','S','N','S','N','N','N',NULL,'N');
INSERT INTO serie_ensino (cd_serie_ensino,cd_modalidade_ensino,cd_etapa_ensino,cd_ciclo_ensino,dc_serie_ensino,nr_ordem_serie,cd_tipo_periodicidade,dt_inicio,dt_fim,in_quadro_vaga,tp_censo_escolar,dt_atualizacao_tabela,cd_operador,sg_serie_ensino,tp_compatibilizacao_escola,qt_idade_minima,qt_idade_maxima,sg_resumida_serie,in_permite_rematricula_proxima_serie,in_uniforme_escolar,in_demanda_relatorio,in_atribuicao_aula,in_leve_leite,in_aleitamento,qt_distancia_encaminhamento,in_escola_particular) VALUES
	 (307,1,1,1,'1ªESTAGIO ESC PARTICULAR  BI',11,1,'2019-09-11 09:43:28.973',NULL,'N','S','2020-04-15 18:22:02.93','3162','1º ESC PARTIC BI','N',0,5,'1','S','N','S','N','N','N',NULL,'N'),
	 (308,1,1,1,'2ªESTAGIO ESC PARTICULAR BII',12,1,'2019-09-11 09:44:53.98',NULL,'N','S','2020-01-30 11:20:57.337','3162','2ºESC PARTIC BII','N',0,5,'2','S','N','S','N','N','N',NULL,'N'),
	 (309,1,1,1,'3ªESTAGIO ESC PARTICULAR MGI',13,1,'2019-09-11 10:10:35.607',NULL,'N','S','2020-01-22 08:17:16.713','3162','3ºESC PARTIC MGI','N',0,5,'3','S','N','S','N','N','N',NULL,'N'),
	 (311,1,1,1,'4ªESTAGIO ESC PARTICULAR MGII',13,1,'2019-09-11 10:13:28.77',NULL,'N','S','2020-05-15 12:29:18.593','3162','4ºESC PARTIC MGII','N',0,5,'4','S','N','S','N','N','N',NULL,'N'),
	 (313,1,1,2,'5ªESTAGIO ESC PARTICULAR PRE I',10,1,'2019-09-11 10:16:12.263',NULL,'N','S','2020-05-15 12:33:23.943','3162','5ºESC PARTIC PRE I','N',0,5,'5','S','N','S','N','N','N',NULL,'N'),
	 (314,1,1,2,'6ªESTAGIO ESC PARTICULAR PRE II',11,1,'2019-09-11 10:18:05.4',NULL,'N','S','2021-02-03 15:19:37.127','3162','6ºESC PARTIC PREII','N',0,6,'6','S','N','S','N','N','N',NULL,'N'),
	 (315,1,1,1,'1º ESTAGIO-ESCOLA PARTICULAR BI',12,1,'2019-10-07 10:11:48.357','2019-10-07 10:28:33.92','N','S','2019-10-07 10:28:33.92','11943','1ºEST ESC PART BI','N',0,4,'6','S','N','N','S','N','N',NULL,'N'),
	 (316,1,1,1,'2º ESTAGIO-ESCOLA PARTICULAR BII',13,1,'2019-10-07 10:14:56.56','2019-10-07 10:28:56.46','N','S','2019-10-07 10:28:56.46','11943','2ºEST ESC PART BII','N',0,4,'6','S','N','N','S','N','N',NULL,'N'),
	 (317,1,1,1,'3ºESTAGIO - ESCOLA PARTICULAR MGI',14,1,'2019-10-07 10:23:08.5','2019-10-07 10:29:54.643','N','S','2019-10-07 10:29:54.643','11943','3ºEST ESC PART MGI','N',0,4,'6','S','N','N','S','N','N',NULL,'N'),
	 (318,2,17,32,'3º ANO ENS MEDIO EMEBS',3,1,'2020-09-19 20:31:51.833','2020-09-19 20:32:45.25','S','S','2020-09-19 20:32:45.25','3162','ENS ESPEC','N',14,60,'C','S','N','S','S','N','N',NULL,NULL);