

INSERT INTO CoreSSO.dbo.SYS_TipoEntidade
(ten_id, ten_nome, ten_situacao, ten_dataCriacao, ten_dataAlteracao, ten_integridade)

     VALUES
		  ('6BF424DC-8EC3-E011-9B36-00155D033206',	'Instituição 1', 1, Cast('2011-08-10' as DATETIME) , Cast('2011-08-10' as DATETIME), 0);
  
                                                                     
INSERT INTO CoreSSO.dbo.SYS_Entidade 
           ([ent_id]
           ,[ten_id]
           ,[ent_codigo]
           ,[ent_nomeFantasia]
           ,[ent_razaoSocial]
           ,[ent_sigla]
           ,[ent_cnpj]
           ,[ent_inscricaoMunicipal]
           ,[ent_inscricaoEstadual]
           ,[ent_idSuperior]
           ,[ent_situacao]
           ,[ent_dataCriacao]
           ,[ent_dataAlteracao]
           ,[ent_integridade]
           ,[ent_urlAcesso]
           ,[ent_exibeLogoCliente]
           ,[ent_logoCliente]
           ,[tep_id]
           ,[tpl_id])
     VALUES
          ('6CF424DC-8EC3-E011-9B36-00155D033206', '6BF424DC-8EC3-E011-9B36-00155D033206',NULL, 'Secretaria Municipal de Educação de São Paulo', 'Secretaria Municipal de Educação de São Paulo', 'smesp', 
		  '46392114000125', NULL ,  NULL ,  NULL , 1 , Cast('2011-10-08' as DATETIME), getDate() , 134421, NULL, 0, NULL, NULL, NULL);
--[SYS_Sistema]

 INSERT INTO  CoreSSO.dbo.SYS_Sistema
           ([sis_id]
           ,[sis_nome]
           ,[sis_descricao]
           ,[sis_caminho]
           ,[sis_urlImagem]
           ,[sis_urlLogoCabecalho]
           ,[sis_tipoAutenticacao]
           ,[sis_urlIntegracao]
           ,[sis_situacao]
           ,[sis_caminhoLogout]
           ,[sis_ocultarLogo])
     VALUES
           ( 1000,	 'Novo SGP',	'Novo Sistema de Gestão Pedagógica',	'https://novosgp.sme.prefeitura.sp.gov.br/'	,'1000_logoImagemMenu.png',	NULL	,1	,NULL,	1	,'http://localhost/logout',	0);
          
--[SYS_TipoDocumentacao]

INSERT INTO CoreSSO.dbo.SYS_TipoDocumentacao
           ([tdo_id]
           ,[tdo_nome]
           ,[tdo_sigla]
           ,[tdo_validacao]
           ,[tdo_situacao]
           ,[tdo_dataCriacao]
           ,[tdo_dataAlteracao]
           ,[tdo_integridade]
           ,[tdo_classificacao]
           ,[tdo_atributos])
     VALUES
         ('2CEEED03-63EB-E011-9B36-00155D033206', 'Cadastro de Pessoa Física', 'CPF',	1,	1,	getdate(), 	getdate(),	4216,	99	, '0001000111100000000');
		
INSERT INTO  CoreSSO.dbo.SYS_TipoDocumentacao
           ([tdo_id]
           ,[tdo_nome]
           ,[tdo_sigla]
           ,[tdo_validacao]
           ,[tdo_situacao]
           ,[tdo_dataCriacao]
           ,[tdo_dataAlteracao]
           ,[tdo_integridade]
           ,[tdo_classificacao]
           ,[tdo_atributos])
     VALUES ('B10B963E-7052-E111-B753-00155D033206',	'Registro Geral',	'RG', NULL	,1, 	getdate(), 	getdate(),	4327,	99,	'0001000111100000000');	
		
INSERT INTO  CoreSSO.dbo.SYS_TipoDocumentacao
           ([tdo_id]
           ,[tdo_nome]
           ,[tdo_sigla]
           ,[tdo_validacao]
           ,[tdo_situacao]
           ,[tdo_dataCriacao]
           ,[tdo_dataAlteracao]
           ,[tdo_integridade]
           ,[tdo_classificacao]
           ,[tdo_atributos])
     VALUES ('322E686C-A29C-E211-B1FE-782BCB3D2D76',	'Cadastro Nacional de Pessoa Jurídica'	,'CNPJ',	1,	1,	getdate(), 	getdate(),	1,	99,	'0001000111100000000');

--PES_Pessoa
INSERT INTO CoreSSO.dbo.PES_Pessoa VALUES ('6166EA81-0D78-E211-B1FD-782BCB3D2D76','1111137nomeUsuario','88753439007',NULL,NULL,NULL,Cast('1946-10-05' as DATETIME),NULL,NULL,2   ,NULL,NULL,NULL,NULL,1,GETDATE(),GETDATE(),1,NULL,NULL	);
INSERT INTO CoreSSO.dbo.PES_Pessoa VALUES ('4963C687-0D78-E211-B1FD-782BCB3D2D76','1111119nomeUsuario','10716591030',NULL,NULL,NULL,Cast('1965-02-04' as DATETIME),NULL,NULL,1   ,NULL,NULL,NULL,NULL,1,GETDATE(),GETDATE(),1,NULL,NULL	);
INSERT INTO CoreSSO.dbo.PES_Pessoa VALUES ('F2E45111-35C4-E211-B1FE-782BCB3D2D76','1111125nomeUsuario','60058507094',NULL,NULL,NULL,Cast('1969-07-05' as DATETIME),NULL,NULL,2   ,NULL,NULL,NULL,NULL,1,GETDATE(),GETDATE(),1,NULL,NULL	);
INSERT INTO CoreSSO.dbo.PES_Pessoa VALUES ('3760C687-0D78-E211-B1FD-782BCB3D2D76','1111156nomeUsuario','44320595084',NULL,NULL,NULL,Cast('1964-07-12' as DATETIME),NULL,NULL,2   ,NULL,NULL,NULL,NULL,1,GETDATE(),GETDATE(),1,NULL,NULL	);
INSERT INTO CoreSSO.dbo.PES_Pessoa VALUES ('66E45111-35C4-E211-B1FE-782BCB3D2D76','1111133nomeUsuario','34907440049',NULL,NULL,NULL,Cast('1966-10-01' as DATETIME),NULL,NULL,2   ,NULL,NULL,NULL,NULL,1,GETDATE(),GETDATE(),1,NULL,NULL	);
INSERT INTO CoreSSO.dbo.PES_Pessoa VALUES ('89A8D3F1-171E-E211-A58D-00155D02E716','1111129nomeUsuario','18391814009',NULL,NULL,NULL,Cast('1963-06-01' as DATETIME),NULL,NULL,NULL,NULL,NULL,NULL,NULL,1,GETDATE(),GETDATE(),1,NULL,NULL	);
INSERT INTO CoreSSO.dbo.PES_Pessoa VALUES ('E72F064A-12F2-E111-A89D-00155D02E702','1111136nomeUsuario','18774622099',NULL,0   ,NULL,Cast('1959-02-01' as DATETIME),NULL,NULL,NULL,NULL,NULL,NULL,NULL,1,GETDATE(),GETDATE(),1,NULL,NULL	);
INSERT INTO CoreSSO.dbo.PES_Pessoa VALUES ('C163C687-0D78-E211-B1FD-782BCB3D2D76','1111112nomeUsuario','21586309064',NULL,0   ,NULL,Cast('1970-11-01' as DATETIME),NULL,NULL,2   ,NULL,NULL,NULL,NULL,1,GETDATE(),GETDATE(),1,NULL,NULL	);
INSERT INTO CoreSSO.dbo.PES_Pessoa VALUES ('CE43064A-12F2-E111-A89D-00155D02E702','1111126nomeUsuario','37764644021',NULL,NULL,NULL,Cast('1968-05-01' as DATETIME),NULL,NULL,NULL,NULL,NULL,NULL,NULL,1,GETDATE(),GETDATE(),1,NULL,NULL	);
INSERT INTO CoreSSO.dbo.PES_Pessoa VALUES ('1B8EF549-12F2-E111-A89D-00155D02E702','1111148nomeUsuario','27253381076',NULL,NULL,NULL,Cast('1978-01-01' as DATETIME),NULL,NULL,NULL,NULL,NULL,NULL,NULL,1,GETDATE(),GETDATE(),1,NULL,NULL	);
INSERT INTO CoreSSO.dbo.PES_Pessoa VALUES ('F9A666C2-0378-E211-B1FD-782BCB3D2D76','1111124nomeUsuario','79345008071',NULL,NULL,NULL,Cast('1977-05-01' as DATETIME),NULL,NULL,2   ,NULL,NULL,NULL,NULL,1,GETDATE(),GETDATE(),1,NULL,NULL	);
INSERT INTO CoreSSO.dbo.PES_Pessoa VALUES ('EB6BC6E8-F977-E211-B1FD-782BCB3D2D76','1111115nomeUsuario','72422333052',NULL,NULL,NULL,Cast('1975-08-01' as DATETIME),NULL,NULL,2   ,NULL,NULL,NULL,NULL,1,GETDATE(),GETDATE(),1,NULL,NULL	);
INSERT INTO CoreSSO.dbo.PES_Pessoa VALUES ('D84664C2-0378-E211-B1FD-782BCB3D2D76','1111114nomeUsuario','78446119013',NULL,NULL,NULL,Cast('1982-02-07' as DATETIME),NULL,NULL,2   ,NULL,NULL,NULL,NULL,1,GETDATE(),GETDATE(),1,NULL,NULL	);
INSERT INTO CoreSSO.dbo.PES_Pessoa VALUES ('7C2B064A-12F2-E111-A89D-00155D02E702','1111142nomeUsuario','13739686057',NULL,NULL,NULL,Cast('1978-01-07' as DATETIME),NULL,NULL,NULL,NULL,NULL,NULL,NULL,1,GETDATE(),GETDATE(),1,NULL,NULL	);
INSERT INTO CoreSSO.dbo.PES_Pessoa VALUES ('BB85E949-12F2-E111-A89D-00155D02E702','1111149nomeUsuario','36076736089',NULL,0   ,NULL,Cast('1979-01-07' as DATETIME),NULL,NULL,NULL,NULL,NULL,NULL,NULL,1,GETDATE(),GETDATE(),1,NULL,NULL	);
INSERT INTO CoreSSO.dbo.PES_Pessoa VALUES ('838BE949-12F2-E111-A89D-00155D02E702','1111122nomeUsuario','73035162042',NULL,NULL,NULL,Cast('1974-10-07' as DATETIME),NULL,NULL,NULL,NULL,NULL,NULL,NULL,1,GETDATE(),GETDATE(),1,NULL,NULL	);
INSERT INTO CoreSSO.dbo.PES_Pessoa VALUES ('7637064A-12F2-E111-A89D-00155D02E702','1111162nomeUsuario','15265698094',NULL,NULL,NULL,Cast('1970-03-07' as DATETIME),NULL,NULL,NULL,NULL,NULL,NULL,NULL,1,GETDATE(),GETDATE(),1,NULL,NULL	);
INSERT INTO CoreSSO.dbo.PES_Pessoa VALUES ('CF91F549-12F2-E111-A89D-00155D02E702','1111141nomeUsuario','26836259012',NULL,0   ,NULL,Cast('1974-06-07' as DATETIME),NULL,NULL,2   ,NULL,NULL,NULL,NULL,1,GETDATE(),GETDATE(),1,NULL,NULL	);
INSERT INTO CoreSSO.dbo.PES_Pessoa VALUES ('E35964C2-0378-E211-B1FD-782BCB3D2D76','1111157nomeUsuario','07817766002',NULL,NULL,NULL,Cast('1979-11-07' as DATETIME),NULL,NULL,1   ,NULL,NULL,NULL,NULL,1,GETDATE(),GETDATE(),1,NULL,NULL	);
INSERT INTO CoreSSO.dbo.PES_Pessoa VALUES ('0D60EA81-0D78-E211-B1FD-782BCB3D2D76','1111132nomeUsuario','05350580043',NULL,NULL,NULL,Cast('1962-04-07' as DATETIME),NULL,NULL,2   ,NULL,NULL,NULL,NULL,1,GETDATE(),GETDATE(),1,NULL,NULL	);
INSERT INTO CoreSSO.dbo.PES_Pessoa VALUES ('0E7A144A-12F2-E111-A89D-00155D02E702','1111151nomeUsuario','83940528005',NULL,NULL,NULL,Cast('1956-07-07' as DATETIME),NULL,NULL,NULL,NULL,NULL,NULL,NULL,1,GETDATE(),GETDATE(),1,NULL,NULL	);
INSERT INTO CoreSSO.dbo.PES_Pessoa VALUES ('2578144A-12F2-E111-A89D-00155D02E702','1111134nomeUsuario','87959449074',NULL,NULL,NULL,Cast('1958-09-07' as DATETIME),NULL,NULL,NULL,NULL,NULL,NULL,NULL,1,GETDATE(),GETDATE(),1,NULL,NULL	);
INSERT INTO CoreSSO.dbo.PES_Pessoa VALUES ('4B8FF549-12F2-E111-A89D-00155D02E702','1111123nomeUsuario','49699404019',NULL,NULL,NULL,Cast('1975-08-07' as DATETIME),NULL,NULL,NULL,NULL,NULL,NULL,NULL,1,GETDATE(),GETDATE(),1,NULL,NULL	);
INSERT INTO CoreSSO.dbo.PES_Pessoa VALUES ('70A1E949-12F2-E111-A89D-00155D02E702','1111113nomeUsuario','91100173056',NULL,NULL,NULL,Cast('1983-08-07' as DATETIME),NULL,NULL,NULL,NULL,NULL,NULL,NULL,1,GETDATE(),GETDATE(),1,NULL,NULL	);
INSERT INTO CoreSSO.dbo.PES_Pessoa VALUES ('3F91F549-12F2-E111-A89D-00155D02E702','1111146nomeUsuario','53912467099',NULL,NULL,NULL,Cast('1973-10-07' as DATETIME),NULL,NULL,NULL,NULL,NULL,NULL,NULL,1,GETDATE(),GETDATE(),1,NULL,NULL	);
INSERT INTO CoreSSO.dbo.PES_Pessoa VALUES ('B78CE949-12F2-E111-A89D-00155D02E702','1111160nomeUsuario','41819681033',NULL,0   ,NULL,Cast('1980-10-07' as DATETIME),NULL,NULL,NULL,NULL,NULL,NULL,NULL,1,GETDATE(),GETDATE(),1,NULL,NULL	);
INSERT INTO CoreSSO.dbo.PES_Pessoa VALUES ('255CC687-0D78-E211-B1FD-782BCB3D2D76','1111131nomeUsuario','57845247049',NULL,NULL,NULL,Cast('1977-09-07' as DATETIME),NULL,NULL,1   ,NULL,NULL,NULL,NULL,1,GETDATE(),GETDATE(),1,NULL,NULL	);
INSERT INTO CoreSSO.dbo.PES_Pessoa VALUES ('627CF549-12F2-E111-A89D-00155D02E702','1111159nomeUsuario','62588290078',NULL,0   ,NULL,Cast('1984-11-07' as DATETIME),NULL,NULL,1   ,NULL,NULL,NULL,NULL,1,GETDATE(),GETDATE(),1,NULL,NULL	);
INSERT INTO CoreSSO.dbo.PES_Pessoa VALUES ('F53F064A-12F2-E111-A89D-00155D02E702','1111161nomeUsuario','85197721022',NULL,0   ,NULL,Cast('1981-07-07' as DATETIME),NULL,NULL,2   ,NULL,NULL,NULL,NULL,1,GETDATE(),GETDATE(),1,NULL,NULL	);
INSERT INTO CoreSSO.dbo.PES_Pessoa VALUES ('6099E949-12F2-E111-A89D-00155D02E702','1111118nomeUsuario','20203999037',NULL,0   ,NULL,Cast('1985-07-07' as DATETIME),NULL,NULL,NULL,NULL,NULL,NULL,NULL,1,GETDATE(),GETDATE(),1,NULL,NULL	);
INSERT INTO CoreSSO.dbo.PES_Pessoa VALUES ('C1C3224A-12F2-E111-A89D-00155D02E702','1111154nomeUsuario','13999022027',NULL,0   ,NULL,Cast('1987-09-07' as DATETIME),NULL,NULL,NULL,NULL,NULL,NULL,NULL,1,GETDATE(),GETDATE(),1,NULL,NULL	);
INSERT INTO CoreSSO.dbo.PES_Pessoa VALUES ('A07AF549-12F2-E111-A89D-00155D02E702','1111139nomeUsuario','66895593004',NULL,0   ,NULL,Cast('1974-04-07' as DATETIME),NULL,NULL,2   ,NULL,NULL,NULL,NULL,1,GETDATE(),GETDATE(),1,NULL,NULL	);
INSERT INTO CoreSSO.dbo.PES_Pessoa VALUES ('3A2F064A-12F2-E111-A89D-00155D02E702','1111135nomeUsuario','46413002085',NULL,0   ,NULL,Cast('1983-05-07' as DATETIME),NULL,NULL,1   ,NULL,NULL,NULL,NULL,1,GETDATE(),GETDATE(),1,NULL,NULL	);
INSERT INTO CoreSSO.dbo.PES_Pessoa VALUES ('9D39B8B0-65C4-E311-B1FE-782BCB3D2D76','8129142nomeUsuario','03034585004',NULL,NULL,NULL,Cast('1976-04-07' as DATETIME),NULL,NULL,2   ,NULL,NULL,NULL,NULL,1,GETDATE(),GETDATE(),1,NULL,NULL	);
INSERT INTO CoreSSO.dbo.PES_Pessoa VALUES ('6F68DFA9-A9BC-E411-922D-782BCB3D218E','1111147nomeUsuario','45302111004',NULL,NULL,NULL,Cast('1984-04-07' as DATETIME),NULL,NULL,2   ,NULL,NULL,NULL,NULL,1,GETDATE(),GETDATE(),1,NULL,NULL	);
INSERT INTO CoreSSO.dbo.PES_Pessoa VALUES ('2DE82ED3-1014-E611-8135-782BCB3D218E','1111121nomeUsuario','91954548028',NULL,NULL,NULL,Cast('1989-01-07' as DATETIME),NULL,NULL,2   ,NULL,NULL,NULL,NULL,1,GETDATE(),GETDATE(),1,NULL,NULL	);
INSERT INTO CoreSSO.dbo.PES_Pessoa VALUES ('351E375E-5F38-4121-9FC3-19CBEAEED393','1111143nomeUsuario',NULL         ,NULL,NULL,NULL,Cast('1993-02-07' as DATETIME),NULL,NULL,1   ,NULL,NULL,NULL,NULL,1,GETDATE(),GETDATE(),1,NULL,NULL	)


--SYS_USUARIO
INSERT INTO CoreSSO.dbo.SYS_USUARIO  VALUES ('F805A688-8A9D-E611-9541-782BCB3D218E',1111137,NULL,'1111137@emailteste.com','KS2vVWfbgXNA+hz1vbuGyQ==',1,1,getdate(),getdate(),'6166EA81-0D78-E211-B1FD-782BCB3D2D76',0,'6CF424DC-8EC3-E011-9B36-00155D033206',2,NULL,getdate());
INSERT INTO CoreSSO.dbo.SYS_USUARIO  VALUES ('B707A688-8A9D-E611-9541-782BCB3D218E',1111119,NULL,'1111119@emailteste.com','KS2vVWfbgXNA+hz1vbuGyQ==',1,1,getdate(),getdate(),'4963C687-0D78-E211-B1FD-782BCB3D2D76',0,'6CF424DC-8EC3-E011-9B36-00155D033206',2,NULL,getdate());
INSERT INTO CoreSSO.dbo.SYS_USUARIO  VALUES ('3E285C23-7940-E111-B752-00155D033206',1111156,NULL,'1111156@emailteste.com','KS2vVWfbgXNA+hz1vbuGyQ==',1,1,getdate(),getdate(),'3760C687-0D78-E211-B1FD-782BCB3D2D76',1,'6CF424DC-8EC3-E011-9B36-00155D033206',2,NULL,getdate());
INSERT INTO CoreSSO.dbo.SYS_USUARIO  VALUES ('7504AD54-1C1E-E211-A58D-00155D02E716',1111129,NULL,'1111129@emailteste.com','KS2vVWfbgXNA+hz1vbuGyQ==',1,1,getdate(),getdate(),'89A8D3F1-171E-E211-A58D-00155D02E716',1,'6CF424DC-8EC3-E011-9B36-00155D033206',2,NULL,getdate());
INSERT INTO CoreSSO.dbo.SYS_USUARIO  VALUES ('B28F6B4E-12F2-E111-A89D-00155D02E702',1111136,NULL,'1111136@emailteste.com','KS2vVWfbgXNA+hz1vbuGyQ==',1,1,getdate(),getdate(),'E72F064A-12F2-E111-A89D-00155D02E702',1,'6CF424DC-8EC3-E011-9B36-00155D033206',2,NULL,getdate());
INSERT INTO CoreSSO.dbo.SYS_USUARIO  VALUES ('A8D76D4E-12F2-E111-A89D-00155D02E702',1111126,NULL,'1111126@emailteste.com','KS2vVWfbgXNA+hz1vbuGyQ==',1,1,getdate(),getdate(),'CE43064A-12F2-E111-A89D-00155D02E702',1,'6CF424DC-8EC3-E011-9B36-00155D033206',2,NULL,getdate());
INSERT INTO CoreSSO.dbo.SYS_USUARIO  VALUES ('0C464748-34E3-E111-A791-00155D02E702',1111114,NULL,'1111114@emailteste.com','KS2vVWfbgXNA+hz1vbuGyQ==',1,1,getdate(),getdate(),'D84664C2-0378-E211-B1FD-782BCB3D2D76',1,'6CF424DC-8EC3-E011-9B36-00155D033206',2,NULL,getdate());
INSERT INTO CoreSSO.dbo.SYS_USUARIO  VALUES ('FBBF664E-12F2-E111-A89D-00155D02E702',1111122,NULL,'1111122@emailteste.com','KS2vVWfbgXNA+hz1vbuGyQ==',1,1,getdate(),getdate(),'838BE949-12F2-E111-A89D-00155D02E702',1,'6CF424DC-8EC3-E011-9B36-00155D033206',2,NULL,getdate());
INSERT INTO CoreSSO.dbo.SYS_USUARIO  VALUES ('EBE76D4E-12F2-E111-A89D-00155D02E702',1111141,NULL,'1111141@emailteste.com','KS2vVWfbgXNA+hz1vbuGyQ==',1,1,getdate(),getdate(),'CF91F549-12F2-E111-A89D-00155D02E702',1,'6CF424DC-8EC3-E011-9B36-00155D033206',2,NULL,getdate());
INSERT INTO CoreSSO.dbo.SYS_USUARIO  VALUES ('3C0DA688-8A9D-E611-9541-782BCB3D218E',1111134,NULL,'1111134@emailteste.com','KS2vVWfbgXNA+hz1vbuGyQ==',1,1,getdate(),getdate(),'2578144A-12F2-E111-A89D-00155D02E702',0,'6CF424DC-8EC3-E011-9B36-00155D033206',2,NULL,getdate());
INSERT INTO CoreSSO.dbo.SYS_USUARIO  VALUES ('8C31694E-12F2-E111-A89D-00155D02E702',1111113,NULL,'1111113@emailteste.com','KS2vVWfbgXNA+hz1vbuGyQ==',1,1,getdate(),getdate(),'70A1E949-12F2-E111-A89D-00155D02E702',1,'6CF424DC-8EC3-E011-9B36-00155D033206',2,NULL,getdate());
INSERT INTO CoreSSO.dbo.SYS_USUARIO  VALUES ('43966B4E-12F2-E111-A89D-00155D02E702',1111146,NULL,'1111146@emailteste.com','KS2vVWfbgXNA+hz1vbuGyQ==',1,1,getdate(),getdate(),'3F91F549-12F2-E111-A89D-00155D02E702',1,'6CF424DC-8EC3-E011-9B36-00155D033206',2,NULL,getdate());
INSERT INTO CoreSSO.dbo.SYS_USUARIO  VALUES ('3327694E-12F2-E111-A89D-00155D02E702',1111160,NULL,'1111160@emailteste.com','KS2vVWfbgXNA+hz1vbuGyQ==',1,1,getdate(),getdate(),'B78CE949-12F2-E111-A89D-00155D02E702',1,'6CF424DC-8EC3-E011-9B36-00155D033206',2,NULL,getdate());
INSERT INTO CoreSSO.dbo.SYS_USUARIO  VALUES ('5A2C5C23-7940-E111-B752-00155D033206',1111131,NULL,'1111131@emailteste.com','KS2vVWfbgXNA+hz1vbuGyQ==',1,1,getdate(),getdate(),'255CC687-0D78-E211-B1FD-782BCB3D2D76',1,'6CF424DC-8EC3-E011-9B36-00155D033206',2,NULL,getdate());
INSERT INTO CoreSSO.dbo.SYS_USUARIO  VALUES ('D0956B4E-12F2-E111-A89D-00155D02E702',1111154,NULL,'1111154@emailteste.com','KS2vVWfbgXNA+hz1vbuGyQ==',1,1,getdate(),getdate(),'C1C3224A-12F2-E111-A89D-00155D02E702',1,'6CF424DC-8EC3-E011-9B36-00155D033206',2,NULL,getdate());
INSERT INTO CoreSSO.dbo.SYS_USUARIO  VALUES ('CBEC614E-12F2-E111-A89D-00155D02E702',1111139,NULL,'1111139@emailteste.com','KS2vVWfbgXNA+hz1vbuGyQ==',1,1,getdate(),getdate(),'A07AF549-12F2-E111-A89D-00155D02E702',1,'6CF424DC-8EC3-E011-9B36-00155D033206',2,NULL,getdate());
INSERT INTO CoreSSO.dbo.SYS_USUARIO  VALUES ('BFEA6D4E-12F2-E111-A89D-00155D02E702',1111135,NULL,'1111135@emailteste.com','KS2vVWfbgXNA+hz1vbuGyQ==',1,1,getdate(),getdate(),'3A2F064A-12F2-E111-A89D-00155D02E702',1,'6CF424DC-8EC3-E011-9B36-00155D033206',2,NULL,getdate());
INSERT INTO CoreSSO.dbo.SYS_USUARIO  VALUES ('3A512639-A493-E311-B1FE-782BCB3D2D76',8129142,NULL,'8129142@emailteste.com','KS2vVWfbgXNA+hz1vbuGyQ==',1,1,getdate(),getdate(),'9D39B8B0-65C4-E311-B1FE-782BCB3D2D76',0,'6CF424DC-8EC3-E011-9B36-00155D033206',2,NULL,getdate());
INSERT INTO CoreSSO.dbo.SYS_USUARIO  VALUES ('3EF26D4E-12F2-E111-A89D-00155D02E702',1111118,NULL,'1111118@emailteste.com','KS2vVWfbgXNA+hz1vbuGyQ==',1,1,getdate(),getdate(),'6099E949-12F2-E111-A89D-00155D02E702',1,'6CF424DC-8EC3-E011-9B36-00155D033206',2,NULL,getdate());
INSERT INTO CoreSSO.dbo.SYS_USUARIO  VALUES ('43F06D4E-12F2-E111-A89D-00155D02E702',1111161,NULL,'1111161@emailteste.com','KS2vVWfbgXNA+hz1vbuGyQ==',1,1,getdate(),getdate(),'F53F064A-12F2-E111-A89D-00155D02E702',1,'6CF424DC-8EC3-E011-9B36-00155D033206',2,NULL,getdate());
INSERT INTO CoreSSO.dbo.SYS_USUARIO  VALUES ('70E46D4E-12F2-E111-A89D-00155D02E702',1111159,NULL,'1111159@emailteste.com','KS2vVWfbgXNA+hz1vbuGyQ==',1,1,getdate(),getdate(),'627CF549-12F2-E111-A89D-00155D02E702',1,'6CF424DC-8EC3-E011-9B36-00155D033206',2,NULL,getdate());
INSERT INTO CoreSSO.dbo.SYS_USUARIO  VALUES ('915FCB39-ED3C-E611-8135-782BCB3D218E',1111151,NULL,'1111151@emailteste.com','KS2vVWfbgXNA+hz1vbuGyQ==',1,1,getdate(),getdate(),'0E7A144A-12F2-E111-A89D-00155D02E702',0,'6CF424DC-8EC3-E011-9B36-00155D033206',2,NULL,getdate());
INSERT INTO CoreSSO.dbo.SYS_USUARIO  VALUES ('ADDC0EE8-35E3-E111-A791-00155D02E702',1111132,NULL,'1111132@emailteste.com','KS2vVWfbgXNA+hz1vbuGyQ==',1,1,getdate(),getdate(),'0D60EA81-0D78-E211-B1FD-782BCB3D2D76',1,'6CF424DC-8EC3-E011-9B36-00155D033206',2,NULL,getdate());
INSERT INTO CoreSSO.dbo.SYS_USUARIO  VALUES ('3C906B4E-12F2-E111-A89D-00155D02E702',1111162,NULL,'1111162@emailteste.com','KS2vVWfbgXNA+hz1vbuGyQ==',1,1,getdate(),getdate(),'7637064A-12F2-E111-A89D-00155D02E702',1,'6CF424DC-8EC3-E011-9B36-00155D033206',2,NULL,getdate());
INSERT INTO CoreSSO.dbo.SYS_USUARIO  VALUES ('E5FC614E-12F2-E111-A89D-00155D02E702',1111149,NULL,'1111149@emailteste.com','KS2vVWfbgXNA+hz1vbuGyQ==',1,1,getdate(),getdate(),'BB85E949-12F2-E111-A89D-00155D02E702',1,'6CF424DC-8EC3-E011-9B36-00155D033206',2,NULL,getdate());
INSERT INTO CoreSSO.dbo.SYS_USUARIO  VALUES ('44DB6D4E-12F2-E111-A89D-00155D02E702',1111142,NULL,'1111142@emailteste.com','KS2vVWfbgXNA+hz1vbuGyQ==',1,1,getdate(),getdate(),'7C2B064A-12F2-E111-A89D-00155D02E702',1,'6CF424DC-8EC3-E011-9B36-00155D033206',2,NULL,getdate());
INSERT INTO CoreSSO.dbo.SYS_USUARIO  VALUES ('84B6C8B7-33E3-E111-A791-00155D02E702',1111115,NULL,'1111115@emailteste.com','KS2vVWfbgXNA+hz1vbuGyQ==',1,1,getdate(),getdate(),'EB6BC6E8-F977-E211-B1FD-782BCB3D2D76',1,'6CF424DC-8EC3-E011-9B36-00155D033206',2,NULL,getdate());
INSERT INTO CoreSSO.dbo.SYS_USUARIO  VALUES ('A0E16D4E-12F2-E111-A89D-00155D02E702',1111148,NULL,'1111148@emailteste.com','KS2vVWfbgXNA+hz1vbuGyQ==',1,1,getdate(),getdate(),'1B8EF549-12F2-E111-A89D-00155D02E702',1,'6CF424DC-8EC3-E011-9B36-00155D033206',2,NULL,getdate());
INSERT INTO CoreSSO.dbo.SYS_USUARIO  VALUES ('DFCD02F5-3FE3-E111-A791-00155D02E702',1111112,NULL,'1111112@emailteste.com','KS2vVWfbgXNA+hz1vbuGyQ==',1,1,getdate(),getdate(),'C163C687-0D78-E211-B1FD-782BCB3D2D76',1,'6CF424DC-8EC3-E011-9B36-00155D033206',2,NULL,getdate());
INSERT INTO CoreSSO.dbo.SYS_USUARIO  VALUES ('BCB513F3-27B6-E111-B597-00155D02E702',1111133,NULL,'1111133@emailteste.com','KS2vVWfbgXNA+hz1vbuGyQ==',1,1,getdate(),getdate(),'66E45111-35C4-E211-B1FE-782BCB3D2D76',1,'6CF424DC-8EC3-E011-9B36-00155D033206',2,NULL,getdate());
INSERT INTO CoreSSO.dbo.SYS_USUARIO  VALUES ('B3A6E636-7681-E711-9604-782BCB3D218E',1111143,NULL,'1111143@emailteste.com','KS2vVWfbgXNA+hz1vbuGyQ==',1,1,getdate(),getdate(),'351E375E-5F38-4121-9FC3-19CBEAEED393',0,'6CF424DC-8EC3-E011-9B36-00155D033206',2,NULL,getdate());
INSERT INTO CoreSSO.dbo.SYS_USUARIO  VALUES ('7AED445F-41E3-E111-A791-00155D02E702',1111157,NULL,'1111157@emailteste.com','KS2vVWfbgXNA+hz1vbuGyQ==',1,1,getdate(),getdate(),'E35964C2-0378-E211-B1FD-782BCB3D2D76',1,'6CF424DC-8EC3-E011-9B36-00155D033206',2,NULL,getdate());
INSERT INTO CoreSSO.dbo.SYS_USUARIO  VALUES ('0EBEDD56-4EE5-E111-A791-00155D02E702',1111124,NULL,'1111124@emailteste.com','KS2vVWfbgXNA+hz1vbuGyQ==',1,1,getdate(),getdate(),'F9A666C2-0378-E211-B1FD-782BCB3D2D76',1,'6CF424DC-8EC3-E011-9B36-00155D033206',2,NULL,getdate());
INSERT INTO CoreSSO.dbo.SYS_USUARIO  VALUES ('33B413F3-27B6-E111-B597-00155D02E702',1111125,NULL,'1111125@emailteste.com','KS2vVWfbgXNA+hz1vbuGyQ==',1,1,getdate(),getdate(),'F2E45111-35C4-E211-B1FE-782BCB3D2D76',1,'6CF424DC-8EC3-E011-9B36-00155D033206',2,NULL,getdate());
INSERT INTO CoreSSO.dbo.SYS_USUARIO  VALUES ('51B3664E-12F2-E111-A89D-00155D02E702',1111123,NULL,'1111123@emailteste.com','KS2vVWfbgXNA+hz1vbuGyQ==',1,1,getdate(),getdate(),'4B8FF549-12F2-E111-A89D-00155D02E702',1,'6CF424DC-8EC3-E011-9B36-00155D033206',2,NULL,getdate());
INSERT INTO CoreSSO.dbo.SYS_USUARIO  VALUES ('1A2E09DC-1014-E611-8135-782BCB3D218E',1111121,NULL,'1111121@emailteste.com','KS2vVWfbgXNA+hz1vbuGyQ==',1,1,getdate(),getdate(),'2DE82ED3-1014-E611-8135-782BCB3D218E',0,'6CF424DC-8EC3-E011-9B36-00155D033206',2,NULL,getdate());
INSERT INTO CoreSSO.dbo.SYS_USUARIO  VALUES ('A668DFA9-A9BC-E411-922D-782BCB3D218E',1111147,NULL,'1111147@emailteste.com','KS2vVWfbgXNA+hz1vbuGyQ==',1,1,getdate(),getdate(),'6F68DFA9-A9BC-E411-922D-782BCB3D218E',0,'6CF424DC-8EC3-E011-9B36-00155D033206',2,NULL,getdate()); 

--[END_Pais]
INSERT CoreSSO.dbo.END_Pais ([pai_id], [pai_nome], [pai_sigla], [pai_ddi], [pai_naturalMasc], [pai_naturalFem], [pai_situacao], [pai_integridade]) VALUES (N'7aa774aa-8ec3-e011-9b36-00155d033206', N'Brasil', N'BRA', NULL, NULL, NULL, 1, 539)



--[[END_UnidadeFederativa]]
INSERT CoreSSO.dbo.END_UnidadeFederativa ([unf_id], [pai_id], [unf_nome], [unf_sigla], [unf_situacao], [unf_integridade]) VALUES (N'7ca774aa-8ec3-e011-9b36-00155d033206', N'7aa774aa-8ec3-e011-9b36-00155d033206', N'ACRE', N'AC', 1, 0)
INSERT CoreSSO.dbo.END_UnidadeFederativa ([unf_id], [pai_id], [unf_nome], [unf_sigla], [unf_situacao], [unf_integridade]) VALUES (N'93a774aa-8ec3-e011-9b36-00155d033206', N'7aa774aa-8ec3-e011-9b36-00155d033206', N'ALAGOAS', N'AL', 1, 0)
INSERT CoreSSO.dbo.END_UnidadeFederativa ([unf_id], [pai_id], [unf_nome], [unf_sigla], [unf_situacao], [unf_integridade]) VALUES (N'f9a774aa-8ec3-e011-9b36-00155d033206', N'7aa774aa-8ec3-e011-9b36-00155d033206', N'AMAZONAS', N'AM', 1, 1)
INSERT CoreSSO.dbo.END_UnidadeFederativa ([unf_id], [pai_id], [unf_nome], [unf_sigla], [unf_situacao], [unf_integridade]) VALUES (N'38a874aa-8ec3-e011-9b36-00155d033206', N'7aa774aa-8ec3-e011-9b36-00155d033206', N'AMAPA', N'AP', 1, 0)
INSERT CoreSSO.dbo.END_UnidadeFederativa ([unf_id], [pai_id], [unf_nome], [unf_sigla], [unf_situacao], [unf_integridade]) VALUES (N'49a874aa-8ec3-e011-9b36-00155d033206', N'7aa774aa-8ec3-e011-9b36-00155d033206', N'BAHIA', N'BA', 1, 2)
INSERT CoreSSO.dbo.END_UnidadeFederativa ([unf_id], [pai_id], [unf_nome], [unf_sigla], [unf_situacao], [unf_integridade]) VALUES (N'e9a974aa-8ec3-e011-9b36-00155d033206', N'7aa774aa-8ec3-e011-9b36-00155d033206', N'CEARA', N'CE', 1, 0)
INSERT CoreSSO.dbo.END_UnidadeFederativa ([unf_id], [pai_id], [unf_nome], [unf_sigla], [unf_situacao], [unf_integridade]) VALUES (N'a2aa74aa-8ec3-e011-9b36-00155d033206', N'7aa774aa-8ec3-e011-9b36-00155d033206', N'DISTRITO FEDERAL', N'DF', 1, 22)
INSERT CoreSSO.dbo.END_UnidadeFederativa ([unf_id], [pai_id], [unf_nome], [unf_sigla], [unf_situacao], [unf_integridade]) VALUES (N'a4aa74aa-8ec3-e011-9b36-00155d033206', N'7aa774aa-8ec3-e011-9b36-00155d033206', N'ESPIRITO SANTO', N'ES', 1, 1)
INSERT CoreSSO.dbo.END_UnidadeFederativa ([unf_id], [pai_id], [unf_nome], [unf_sigla], [unf_situacao], [unf_integridade]) VALUES (N'f2aa74aa-8ec3-e011-9b36-00155d033206', N'7aa774aa-8ec3-e011-9b36-00155d033206', N'GOIAS', N'GO', 1, 1)
INSERT CoreSSO.dbo.END_UnidadeFederativa ([unf_id], [pai_id], [unf_nome], [unf_sigla], [unf_situacao], [unf_integridade]) VALUES (N'e5ab74aa-8ec3-e011-9b36-00155d033206', N'7aa774aa-8ec3-e011-9b36-00155d033206', N'MARANHAO', N'MA', 1, 0)
INSERT CoreSSO.dbo.END_UnidadeFederativa ([unf_id], [pai_id], [unf_nome], [unf_sigla], [unf_situacao], [unf_integridade]) VALUES (N'bfac74aa-8ec3-e011-9b36-00155d033206', N'7aa774aa-8ec3-e011-9b36-00155d033206', N'MINAS GERAIS', N'MG', 1, 1)
INSERT CoreSSO.dbo.END_UnidadeFederativa ([unf_id], [pai_id], [unf_nome], [unf_sigla], [unf_situacao], [unf_integridade]) VALUES (N'15b074aa-8ec3-e011-9b36-00155d033206', N'7aa774aa-8ec3-e011-9b36-00155d033206', N'MATO GROSSO DO SUL', N'MS', 1, 0)
INSERT CoreSSO.dbo.END_UnidadeFederativa ([unf_id], [pai_id], [unf_nome], [unf_sigla], [unf_situacao], [unf_integridade]) VALUES (N'63b074aa-8ec3-e011-9b36-00155d033206', N'7aa774aa-8ec3-e011-9b36-00155d033206', N'MATO GROSSO', N'MT', 1, 0)
INSERT CoreSSO.dbo.END_UnidadeFederativa ([unf_id], [pai_id], [unf_nome], [unf_sigla], [unf_situacao], [unf_integridade]) VALUES (N'e2b074aa-8ec3-e011-9b36-00155d033206', N'7aa774aa-8ec3-e011-9b36-00155d033206', N'PARA', N'PA', 1, 1)
INSERT CoreSSO.dbo.END_UnidadeFederativa ([unf_id], [pai_id], [unf_nome], [unf_sigla], [unf_situacao], [unf_integridade]) VALUES (N'72b174aa-8ec3-e011-9b36-00155d033206', N'7aa774aa-8ec3-e011-9b36-00155d033206', N'PARAIBA', N'PB', 1, 1)
INSERT CoreSSO.dbo.END_UnidadeFederativa ([unf_id], [pai_id], [unf_nome], [unf_sigla], [unf_situacao], [unf_integridade]) VALUES (N'1e57d9b3-8ec3-e011-9b36-00155d033206', N'7aa774aa-8ec3-e011-9b36-00155d033206', N'PERNAMBUCO', N'PE', 1, 0)
INSERT CoreSSO.dbo.END_UnidadeFederativa ([unf_id], [pai_id], [unf_nome], [unf_sigla], [unf_situacao], [unf_integridade]) VALUES (N'd857d9b3-8ec3-e011-9b36-00155d033206', N'7aa774aa-8ec3-e011-9b36-00155d033206', N'PIAUI', N'PI', 1, 0)
INSERT CoreSSO.dbo.END_UnidadeFederativa ([unf_id], [pai_id], [unf_nome], [unf_sigla], [unf_situacao], [unf_integridade]) VALUES (N'b658d9b3-8ec3-e011-9b36-00155d033206', N'7aa774aa-8ec3-e011-9b36-00155d033206', N'PARANA', N'PR', 1, 2)
INSERT CoreSSO.dbo.END_UnidadeFederativa ([unf_id], [pai_id], [unf_nome], [unf_sigla], [unf_situacao], [unf_integridade]) VALUES (N'465ad9b3-8ec3-e011-9b36-00155d033206', N'7aa774aa-8ec3-e011-9b36-00155d033206', N'RIO DE JANEIRO', N'RJ', 1, 0)
INSERT CoreSSO.dbo.END_UnidadeFederativa ([unf_id], [pai_id], [unf_nome], [unf_sigla], [unf_situacao], [unf_integridade]) VALUES (N'a25ad9b3-8ec3-e011-9b36-00155d033206', N'7aa774aa-8ec3-e011-9b36-00155d033206', N'RIO GRANDE DO NORTE', N'RN', 1, 0)
INSERT CoreSSO.dbo.END_UnidadeFederativa ([unf_id], [pai_id], [unf_nome], [unf_sigla], [unf_situacao], [unf_integridade]) VALUES (N'495bd9b3-8ec3-e011-9b36-00155d033206', N'7aa774aa-8ec3-e011-9b36-00155d033206', N'RONDONIA', N'RO', 1, 0)
INSERT CoreSSO.dbo.END_UnidadeFederativa ([unf_id], [pai_id], [unf_nome], [unf_sigla], [unf_situacao], [unf_integridade]) VALUES (N'7d5bd9b3-8ec3-e011-9b36-00155d033206', N'7aa774aa-8ec3-e011-9b36-00155d033206', N'RORAIMA', N'RR', 1, 0)
INSERT CoreSSO.dbo.END_UnidadeFederativa ([unf_id], [pai_id], [unf_nome], [unf_sigla], [unf_situacao], [unf_integridade]) VALUES (N'8d5bd9b3-8ec3-e011-9b36-00155d033206', N'7aa774aa-8ec3-e011-9b36-00155d033206', N'RIO GRANDE DO SUL', N'RS', 1, 0)
INSERT CoreSSO.dbo.END_UnidadeFederativa ([unf_id], [pai_id], [unf_nome], [unf_sigla], [unf_situacao], [unf_integridade]) VALUES (N'615dd9b3-8ec3-e011-9b36-00155d033206', N'7aa774aa-8ec3-e011-9b36-00155d033206', N'SANTA CATARINA', N'SC', 1, 0)
INSERT CoreSSO.dbo.END_UnidadeFederativa ([unf_id], [pai_id], [unf_nome], [unf_sigla], [unf_situacao], [unf_integridade]) VALUES (N'875ed9b3-8ec3-e011-9b36-00155d033206', N'7aa774aa-8ec3-e011-9b36-00155d033206', N'SERGIPE', N'SE', 1, 0)
INSERT CoreSSO.dbo.END_UnidadeFederativa ([unf_id], [pai_id], [unf_nome], [unf_sigla], [unf_situacao], [unf_integridade]) VALUES (N'd35ed9b3-8ec3-e011-9b36-00155d033206', N'7aa774aa-8ec3-e011-9b36-00155d033206', N'SAO PAULO', N'SP', 1, 55)
INSERT CoreSSO.dbo.END_UnidadeFederativa ([unf_id], [pai_id], [unf_nome], [unf_sigla], [unf_situacao], [unf_integridade]) VALUES (N'5961d9b3-8ec3-e011-9b36-00155d033206', N'7aa774aa-8ec3-e011-9b36-00155d033206', N'TOCANTINS', N'TO', 1, 0)


-- PES_PessoaDocumento
INSERT INTO CoreSSO.dbo.PES_PessoaDocumento
           ([pes_id]
           ,[tdo_id]
           ,[psd_numero]
           ,[psd_dataEmissao]
           ,[psd_orgaoEmissao]
           ,[unf_idEmissao]
           ,[psd_infoComplementares]
           ,[psd_situacao]
           ,[psd_dataCriacao]
           ,[psd_dataAlteracao]
           ,[psd_categoria]
           ,[psd_classificacao]
           ,[psd_csm]
           ,[psd_dataEntrada]
           ,[psd_dataValidade]
           ,[pai_idOrigem]
           ,[psd_serie]
           ,[psd_tipoGuarda]
           ,[psd_via]
           ,[psd_secao]
           ,[psd_zona]
           ,[psd_regiaoMilitar]
           ,[psd_numeroRA]
           ,[psd_dataExpedicao])
     VALUES

('BB85E949-12F2-E111-A89D-00155D02E702',	'2CEEED03-63EB-E011-9B36-00155D033206',	'26217574802',	NULL, NULL	,NULL	,NULL,	1,	getdate(),	getdate(),	NULL,	NULL,	NULL,	NULL,	NULL,	NULL,	NULL,	NULL,	NULL,	NULL,	NULL,	NULL,	NULL,	NULL),
('838BE949-12F2-E111-A89D-00155D02E702',	'2CEEED03-63EB-E011-9B36-00155D033206',	'15328723805',	NULL, NULL	,NULL	,NULL,	1,	getdate(),	getdate(),	NULL,	NULL,	NULL,	NULL,	NULL,	NULL,	NULL,	NULL,	NULL,	NULL,	NULL,	NULL,	NULL,	NULL),
('B78CE949-12F2-E111-A89D-00155D02E702',	'2CEEED03-63EB-E011-9B36-00155D033206',	'29105113830',	NULL, NULL	,NULL	,NULL,	1,	getdate(),	getdate(),	NULL,	NULL,	NULL,	NULL,	NULL,	NULL,	NULL,	NULL,	NULL,	NULL,	NULL,	NULL,	NULL,   NULL),
('B78CE949-12F2-E111-A89D-00155D02E702',	'B10B963E-7052-E111-B753-00155D033206',	'184333921'  ,  NULL, NULL	,'D35ED9B3-8EC3-E011-9B36-00155D033206',    NULL,	1,    getdate(),  getdate(), 	NULL,	NULL,	NULL,	NULL,	NULL,	NULL,	NULL,	NULL,	NULL,	NULL,	NULL,	NULL,	NULL,	NULL),
('6099E949-12F2-E111-A89D-00155D02E702',	'2CEEED03-63EB-E011-9B36-00155D033206',	'00660785048',	NULL, NULL	,NULL	,NULL,	1,	getdate(),	getdate(),	NULL,	NULL,	NULL,	NULL,	NULL,	NULL,	NULL,	NULL,	NULL,	NULL,	NULL,	NULL,	NULL,	NULL),
('70A1E949-12F2-E111-A89D-00155D02E702',	'2CEEED03-63EB-E011-9B36-00155D033206',	'33367452840',	NULL, NULL	,NULL	,NULL,	1,	getdate(),	getdate(),	NULL,	NULL,	NULL,	NULL,	NULL,	NULL,	NULL,	NULL,	NULL,	NULL,	NULL,	NULL,	NULL,	NULL),
('A07AF549-12F2-E111-A89D-00155D02E702',	'2CEEED03-63EB-E011-9B36-00155D033206',	'26405193870',	NULL, NULL	,NULL	,NULL,	1,	getdate(),	getdate(),	NULL,	NULL,	NULL,	NULL,	NULL,	NULL,	NULL,	NULL,	NULL,	NULL,	NULL,	NULL,	NULL,	NULL),
('A07AF549-12F2-E111-A89D-00155D02E702',	'B10B963E-7052-E111-B753-00155D033206',	'33527433x'  ,  NULL, NULL	,'D35ED9B3-8EC3-E011-9B36-00155D033206',	NULL,	1	,	getdate(),	getdate(),	NULL,	NULL,	NULL,	NULL,	NULL,	NULL,	NULL,	NULL,	NULL,	NULL,	NULL,	NULL,	NULL,	NULL),
('627CF549-12F2-E111-A89D-00155D02E702',	'2CEEED03-63EB-E011-9B36-00155D033206',	'31289840857',	NULL, NULL	,NULL	,NULL,	1,	getdate(),	getdate(),	NULL,	NULL,    NULL,	NULL,	NULL,	NULL,	NULL,	NULL,	NULL,	NULL,	NULL,	NULL,	NULL,	NULL),                                        
('627CF549-12F2-E111-A89D-00155D02E702',	'B10B963E-7052-E111-B753-00155D033206',	'40063546X'  ,  NULL, NULL	,'D35ED9B3-8EC3-E011-9B36-00155D033206',	NULL,	1	,	getdate(),	getdate(),	NULL,	NULL,	NULL,	NULL,	NULL,	NULL,	NULL,	NULL,	NULL,	NULL,	NULL,	NULL,	NULL,	NULL),
('1B8EF549-12F2-E111-A89D-00155D02E702',	'2CEEED03-63EB-E011-9B36-00155D033206',	'26847389800',	NULL, NULL	,NULL	,NULL,	1,	getdate(),	getdate(),	NULL,	NULL,	NULL,	NULL,	NULL,	NULL,	NULL,	NULL,	NULL,	NULL,	NULL,	NULL,	NULL,	NULL),
('4B8FF549-12F2-E111-A89D-00155D02E702',	'2CEEED03-63EB-E011-9B36-00155D033206',	'14742680804',	NULL, NULL	,NULL	,NULL,	1,	getdate(),	getdate(),	NULL,	NULL,	NULL,	NULL,	NULL,	NULL,	NULL,	NULL,	NULL,	NULL,	NULL,	NULL,	NULL,	NULL),
('3F91F549-12F2-E111-A89D-00155D02E702',	'2CEEED03-63EB-E011-9B36-00155D033206',	'15261117801',	NULL, NULL	,NULL	,NULL,	1,	getdate(),	getdate(),	NULL,	NULL,	NULL,	NULL,	NULL,	NULL,	NULL,	NULL,	NULL,	NULL,	NULL,	NULL,	NULL,	NULL),
('CF91F549-12F2-E111-A89D-00155D02E702',	'2CEEED03-63EB-E011-9B36-00155D033206',	'24918532802',	NULL, NULL	,NULL	,NULL,	1,	getdate(),	getdate(),	NULL,	NULL,	NULL,	NULL,	NULL,	NULL,	NULL,	NULL,	NULL,	NULL,	NULL,	NULL,	NULL,	NULL),
('CF91F549-12F2-E111-A89D-00155D02E702',	'B10B963E-7052-E111-B753-00155D033206',	'226663553'  ,  NULL, NULL	,'D35ED9B3-8EC3-E011-9B36-00155D033206',	NULL,	1,	getdate(),	getdate(),	    NULL,	NULL,	NULL,	NULL,	NULL,	NULL,	NULL,	NULL,	NULL,	NULL,	NULL,	NULL,	NULL,	NULL),
('7C2B064A-12F2-E111-A89D-00155D02E702',	'2CEEED03-63EB-E011-9B36-00155D033206',	'26996208823',	NULL, NULL	,NULL	,NULL,	1,	getdate(),	getdate(),	NULL,	NULL,	NULL,	NULL,	NULL,	NULL,	NULL,	NULL,	NULL,	NULL,	NULL,	NULL,	NULL,	NULL),
('3A2F064A-12F2-E111-A89D-00155D02E702',	'2CEEED03-63EB-E011-9B36-00155D033206',	'29548766892',	NULL, NULL	,NULL	,NULL,	1,	getdate(),	getdate(),	NULL,	NULL,	NULL,	NULL,	NULL,	NULL,	NULL,	NULL,	NULL,	NULL,	NULL,	NULL,	NULL,	NULL),
('3A2F064A-12F2-E111-A89D-00155D02E702',	'B10B963E-7052-E111-B753-00155D033206',	'335623049'  ,  NULL, NULL	,'D35ED9B3-8EC3-E011-9B36-00155D033206',	NULL,	1,	getdate(),	getdate(),	    NULL,	NULL,	NULL,	NULL,	NULL,	NULL,	NULL,	NULL,	NULL,	NULL,	NULL,	NULL,	NULL,	NULL),
('E72F064A-12F2-E111-A89D-00155D02E702',	'2CEEED03-63EB-E011-9B36-00155D033206',	'63303744815',	NULL, NULL	,NULL	,NULL,	1,	getdate(),	getdate(),	NULL,	NULL,	NULL,	NULL,	NULL,	NULL,	NULL,	NULL,	NULL,	NULL,	NULL,	NULL,	NULL,	NULL),
('7637064A-12F2-E111-A89D-00155D02E702',	'2CEEED03-63EB-E011-9B36-00155D033206',	'14003081862',	NULL, NULL	,NULL	,NULL,	1,	getdate(),	getdate(),	NULL,	NULL,	NULL,	NULL,	NULL,	NULL,	NULL,	NULL,	NULL,	NULL,	NULL,	NULL,	NULL,	NULL),
('F53F064A-12F2-E111-A89D-00155D02E702',	'2CEEED03-63EB-E011-9B36-00155D033206',	'31388275864',	NULL, NULL	,NULL	,NULL,	1,	getdate(),	getdate(),	NULL,	NULL,	NULL,	NULL,	NULL,	NULL,	NULL,	NULL,	NULL,	NULL,	NULL,	NULL,	NULL,	NULL),
('F53F064A-12F2-E111-A89D-00155D02E702',	'B10B963E-7052-E111-B753-00155D033206',	'319731907'  ,  NULL, NULL	,'D35ED9B3-8EC3-E011-9B36-00155D033206',	NULL,	1,	getdate(),	getdate(),	    NULL,	NULL,	NULL,	NULL,	NULL,	NULL,	NULL,	NULL,	NULL,	NULL,	NULL,	NULL,	NULL,   NULL),
('CE43064A-12F2-E111-A89D-00155D02E702',	'2CEEED03-63EB-E011-9B36-00155D033206',	'13618948816',	NULL, NULL	,NULL	,NULL,	1,	getdate(),	getdate(),	NULL,	NULL,	NULL,	NULL,	NULL,	NULL,	NULL,	NULL,	NULL,	NULL,	NULL,	NULL,	NULL,	NULL),
('2578144A-12F2-E111-A89D-00155D02E702',	'2CEEED03-63EB-E011-9B36-00155D033206',	'10033838828',	NULL, NULL	,NULL	,NULL,	1,	getdate(),	getdate(),	NULL,	NULL,	NULL,	NULL,	NULL,	NULL,	NULL,	NULL,	NULL,	NULL,	NULL,	NULL,	NULL,	NULL),
('0E7A144A-12F2-E111-A89D-00155D02E702',	'2CEEED03-63EB-E011-9B36-00155D033206',	'01101902892',	NULL, NULL	,NULL	,NULL,	1,	getdate(),	getdate(),	NULL,	NULL,	NULL,	NULL,	NULL,	NULL,	NULL,	NULL,	NULL,	NULL,	NULL,	NULL,	NULL,	NULL),
('C1C3224A-12F2-E111-A89D-00155D02E702',	'2CEEED03-63EB-E011-9B36-00155D033206',	'35481662884',	NULL, NULL	,NULL	,NULL,	1,	getdate(),	getdate(),	NULL,	NULL,	NULL,	NULL,	NULL,	NULL,	NULL,	NULL,	NULL,	NULL,	NULL,	NULL,	NULL,	NULL),
('C1C3224A-12F2-E111-A89D-00155D02E702',	'B10B963E-7052-E111-B753-00155D033206',	'445323681'  ,  NULL, NULL	,'D35ED9B3-8EC3-E011-9B36-00155D033206',	NULL,	1,	getdate(),	getdate(),      NULL,	NULL,	NULL,	NULL,	NULL,	NULL,	NULL,	NULL,	NULL,	NULL,	NULL,	NULL,	NULL,	NULL),
('89A8D3F1-171E-E211-A58D-00155D02E716',	'2CEEED03-63EB-E011-9B36-00155D033206',	'06659089896',	NULL, NULL	,NULL	,NULL,	1,	getdate(),	getdate(),	NULL,	NULL,	NULL,	NULL,	NULL,	NULL,	NULL,	NULL,	NULL,	NULL,	NULL,	NULL,	NULL,	NULL),
('351E375E-5F38-4121-9FC3-19CBEAEED393',	'2CEEED03-63EB-E011-9B36-00155D033206',	'40164817832',	NULL, NULL	,NULL	,NULL,	1,	getdate(),	getdate(),	NULL,	NULL,	NULL,	NULL,	NULL,	NULL,	NULL,	NULL,	NULL,	NULL,	NULL,	NULL,	NULL,	NULL),
('2DE82ED3-1014-E611-8135-782BCB3D218E',	'2CEEED03-63EB-E011-9B36-00155D033206',	'12967906735',	NULL, NULL	,NULL	,NULL,	1,	getdate(),	getdate(),	NULL,	NULL,	NULL,	NULL,	NULL,	NULL,	NULL,	NULL,	NULL,	NULL,	NULL,	NULL,	NULL,	NULL),
('6F68DFA9-A9BC-E411-922D-782BCB3D218E',	'2CEEED03-63EB-E011-9B36-00155D033206',	'32357633840',	NULL, NULL	,NULL	,NULL,	1,	getdate(),	getdate(),	NULL,	NULL,	NULL,	NULL,	NULL,	NULL,	NULL,	NULL,	NULL,	NULL,	NULL,	NULL,	NULL,	NULL),
('EB6BC6E8-F977-E211-B1FD-782BCB3D2D76',	'2CEEED03-63EB-E011-9B36-00155D033206',	'17644875832',	NULL, NULL	,NULL	,NULL,	1,	getdate(),	getdate(),	NULL,	NULL,	NULL,	NULL,	NULL,	NULL,	NULL,	NULL,	NULL,	NULL,	NULL,	NULL,	NULL,	NULL),
('D84664C2-0378-E211-B1FD-782BCB3D2D76',	'2CEEED03-63EB-E011-9B36-00155D033206',	'22164188896',	NULL, NULL	,NULL	,NULL,	1,	getdate(),	getdate(),	NULL,	NULL,	NULL,	NULL,	NULL,	NULL,	NULL,	NULL,	NULL,	NULL,	NULL,	NULL,	NULL,	NULL),
('E35964C2-0378-E211-B1FD-782BCB3D2D76',	'2CEEED03-63EB-E011-9B36-00155D033206',	'28532585809',	NULL, NULL	,NULL	,NULL,	1,	getdate(),	getdate(),	NULL,	NULL,	NULL,	NULL,	NULL,	NULL,	NULL,	NULL,	NULL,	NULL,	NULL,	NULL,	NULL,	NULL),
('F9A666C2-0378-E211-B1FD-782BCB3D2D76',	'2CEEED03-63EB-E011-9B36-00155D033206',	'15418128833',	NULL, NULL	,NULL	,NULL,	1,	getdate(),	getdate(),	NULL,	NULL,	NULL,	NULL,	NULL,	NULL,	NULL,	NULL,	NULL,	NULL,	NULL,	NULL,	NULL,	NULL),
('0D60EA81-0D78-E211-B1FD-782BCB3D2D76',	'2CEEED03-63EB-E011-9B36-00155D033206',	'03582832805',	NULL, NULL	,NULL	,NULL,	1,	getdate(),	getdate(),	NULL,	NULL,	NULL,	NULL,	NULL,	NULL,	NULL,	NULL,	NULL,	NULL,	NULL,	NULL,	NULL,	NULL),
('6166EA81-0D78-E211-B1FD-782BCB3D2D76',	'2CEEED03-63EB-E011-9B36-00155D033206',	'33118612800',	NULL, NULL	,NULL	,NULL,	1,	getdate(),	getdate(),	NULL,	NULL,	NULL,	NULL,	NULL,	NULL,	NULL,	NULL,	NULL,	NULL,	NULL,	NULL,	NULL,	NULL),
('255CC687-0D78-E211-B1FD-782BCB3D2D76',	'2CEEED03-63EB-E011-9B36-00155D033206',	'24934168800',	NULL, NULL	,NULL	,NULL,	1,	getdate(),	getdate(),	NULL,	NULL,	NULL,	NULL,	NULL,	NULL,	NULL,	NULL,	NULL,	NULL,	NULL,	NULL,	NULL,	NULL),
('3760C687-0D78-E211-B1FD-782BCB3D2D76',	'2CEEED03-63EB-E011-9B36-00155D033206',	'09234457811',	NULL, NULL	,NULL	,NULL,	1,	getdate(),	getdate(),	NULL,	NULL,	NULL,	NULL,	NULL,	NULL,	NULL,	NULL,	NULL,	NULL,	NULL,	NULL,	NULL,	NULL),
('4963C687-0D78-E211-B1FD-782BCB3D2D76',	'2CEEED03-63EB-E011-9B36-00155D033206',	'05578516882',	NULL, NULL	,NULL	,NULL,	1,	getdate(),	getdate(),	NULL,	NULL,	NULL,	NULL,	NULL,	NULL,	NULL,	NULL,	NULL,	NULL,	NULL,	NULL,	NULL,	NULL),
('C163C687-0D78-E211-B1FD-782BCB3D2D76',	'2CEEED03-63EB-E011-9B36-00155D033206',	'14384028806',	NULL, NULL	,NULL	,NULL,	1,	getdate(),	getdate(),	NULL,	NULL,	NULL,	NULL,	NULL,	NULL,	NULL,	NULL,	NULL,	NULL,	NULL,	NULL,	NULL,	NULL),
('C163C687-0D78-E211-B1FD-782BCB3D2D76',	'B10B963E-7052-E111-B753-00155D033206',	'194276636'  ,  NULL, NULL	,'D35ED9B3-8EC3-E011-9B36-00155D033206',	NULL,	1,  	getdate(),	getdate(),	NULL,	NULL,	NULL,	NULL,	NULL,	NULL,	NULL,	NULL,	NULL,	NULL,	NULL,	NULL,	NULL,	NULL),
('66E45111-35C4-E211-B1FE-782BCB3D2D76',	'2CEEED03-63EB-E011-9B36-00155D033206',	'06694536844',	NULL, NULL	,NULL	,NULL,	1,	getdate(),	getdate(),  NULL,	NULL,	NULL,	NULL,	NULL,	NULL,	NULL,	NULL,	NULL,	NULL,	NULL,	NULL,	NULL,	NULL),
('F2E45111-35C4-E211-B1FE-782BCB3D2D76',	'2CEEED03-63EB-E011-9B36-00155D033206',	'13562491832',	NULL, NULL	,NULL	,NULL,	1,	getdate(),	getdate(),  NULL,	NULL,	NULL,	NULL,	NULL,	NULL,	NULL,	NULL,	NULL,	NULL,	NULL,	NULL,	NULL,	NULL),
('9D39B8B0-65C4-E311-B1FE-782BCB3D2D76',	'2CEEED03-63EB-E011-9B36-00155D033206',	'27445391800',	NULL, NULL	,NULL	,NULL,	1,	getdate(),	getdate(),  NULL,	NULL,	NULL,	NULL,	NULL,	NULL,	NULL,	NULL,	NULL,	NULL,	NULL,	NULL,	NULL,	NULL);

-- [SYS_Visao]

INSERT CoreSSO.dbo.SYS_Visao ([vis_id], [vis_nome]) VALUES (1, N'Administração');
INSERT CoreSSO.dbo.SYS_Visao ([vis_id], [vis_nome]) VALUES (2, N'Gestão');
INSERT CoreSSO.dbo.SYS_Visao ([vis_id], [vis_nome]) VALUES (3, N'Unidade Administrativa');
INSERT CoreSSO.dbo.SYS_Visao ([vis_id], [vis_nome]) VALUES (4, N'Individual');
INSERT CoreSSO.dbo.SYS_Visao ([vis_id], [vis_nome]) VALUES (10, N'Novo SGP');
INSERT CoreSSO.dbo.SYS_Visao ([vis_id], [vis_nome]) VALUES (11, N'Escola Aqui');

--[SYS_Grupo]
																																																																																		  ;
INSERT CoreSSO.dbo.SYS_Grupo ([gru_id], [gru_nome], [gru_situacao], [gru_dataCriacao], [gru_dataAlteracao], [vis_id], [sis_id], [gru_integridade]) VALUES (N'3be1e074-37d6-e911-abd6-f81654fe895d', N'ATE', 1, CAST(N'2019-12-20T10:38:17.330' AS DateTime), CAST(N'2019-12-20T10:38:17.330' AS DateTime), 3, 1000, 0)						  ;
INSERT CoreSSO.dbo.SYS_Grupo ([gru_id], [gru_nome], [gru_situacao], [gru_dataCriacao], [gru_dataAlteracao], [vis_id], [sis_id], [gru_integridade]) VALUES (N'3ce1e074-37d6-e911-abd6-f81654fe895d', N'Professor Readaptado', 1, CAST(N'2019-12-20T10:38:17.330' AS DateTime), CAST(N'2019-12-20T10:38:17.330' AS DateTime), 3, 1000, 0)		  ;
INSERT CoreSSO.dbo.SYS_Grupo ([gru_id], [gru_nome], [gru_situacao], [gru_dataCriacao], [gru_dataAlteracao], [vis_id], [sis_id], [gru_integridade]) VALUES (N'3de1e074-37d6-e911-abd6-f81654fe895d', N'PAEE', 1, CAST(N'2019-12-20T10:38:17.330' AS DateTime), CAST(N'2019-12-20T10:38:17.330' AS DateTime), 3, 1000, 0)						  ;
INSERT CoreSSO.dbo.SYS_Grupo ([gru_id], [gru_nome], [gru_situacao], [gru_dataCriacao], [gru_dataAlteracao], [vis_id], [sis_id], [gru_integridade]) VALUES (N'3ee1e074-37d6-e911-abd6-f81654fe895d', N'PAP', 1, CAST(N'2019-12-20T10:38:17.330' AS DateTime), CAST(N'2019-12-20T10:38:17.330' AS DateTime), 3, 1000, 0)						  ;
INSERT CoreSSO.dbo.SYS_Grupo ([gru_id], [gru_nome], [gru_situacao], [gru_dataCriacao], [gru_dataAlteracao], [vis_id], [sis_id], [gru_integridade]) VALUES (N'3fe1e074-37d6-e911-abd6-f81654fe895d', N'POA', 1, CAST(N'2019-12-20T10:38:17.330' AS DateTime), CAST(N'2019-12-20T10:38:17.330' AS DateTime), 3, 1000, 0)						  ;
INSERT CoreSSO.dbo.SYS_Grupo ([gru_id], [gru_nome], [gru_situacao], [gru_dataCriacao], [gru_dataAlteracao], [vis_id], [sis_id], [gru_integridade]) VALUES (N'40e1e074-37d6-e911-abd6-f81654fe895d', N'Professor ', 1, CAST(N'2019-12-20T10:38:17.330' AS DateTime), CAST(N'2019-12-20T10:38:17.330' AS DateTime), 3, 1000, 0)				  ;
INSERT CoreSSO.dbo.SYS_Grupo ([gru_id], [gru_nome], [gru_situacao], [gru_dataCriacao], [gru_dataAlteracao], [vis_id], [sis_id], [gru_integridade]) VALUES (N'41e1e074-37d6-e911-abd6-f81654fe895d', N'Professor CJ', 1, CAST(N'2019-12-20T10:38:17.330' AS DateTime), CAST(N'2019-12-20T10:38:17.330' AS DateTime), 3, 1000, 0)				  ;
INSERT CoreSSO.dbo.SYS_Grupo ([gru_id], [gru_nome], [gru_situacao], [gru_dataCriacao], [gru_dataAlteracao], [vis_id], [sis_id], [gru_integridade]) VALUES (N'42e1e074-37d6-e911-abd6-f81654fe895d', N'ADM UE', 1, CAST(N'2019-12-20T10:38:17.333' AS DateTime), CAST(N'2019-12-20T10:38:17.333' AS DateTime), 3, 1000, 0)					  ;
INSERT CoreSSO.dbo.SYS_Grupo ([gru_id], [gru_nome], [gru_situacao], [gru_dataCriacao], [gru_dataAlteracao], [vis_id], [sis_id], [gru_integridade]) VALUES (N'43e1e074-37d6-e911-abd6-f81654fe895d', N'Secretário', 1, CAST(N'2019-12-20T10:38:17.333' AS DateTime), CAST(N'2019-12-20T10:38:17.333' AS DateTime), 3, 1000, 0)				  ;
INSERT CoreSSO.dbo.SYS_Grupo ([gru_id], [gru_nome], [gru_situacao], [gru_dataCriacao], [gru_dataAlteracao], [vis_id], [sis_id], [gru_integridade]) VALUES (N'44e1e074-37d6-e911-abd6-f81654fe895d', N'CP', 1, CAST(N'2019-12-20T10:38:17.333' AS DateTime), CAST(N'2019-12-20T10:38:17.333' AS DateTime), 3, 1000, 0)						  ;
INSERT CoreSSO.dbo.SYS_Grupo ([gru_id], [gru_nome], [gru_situacao], [gru_dataCriacao], [gru_dataAlteracao], [vis_id], [sis_id], [gru_integridade]) VALUES (N'45e1e074-37d6-e911-abd6-f81654fe895d', N'AD', 1, CAST(N'2019-12-20T10:38:17.333' AS DateTime), CAST(N'2019-12-20T10:38:17.333' AS DateTime), 3, 1000, 0)						  ;
INSERT CoreSSO.dbo.SYS_Grupo ([gru_id], [gru_nome], [gru_situacao], [gru_dataCriacao], [gru_dataAlteracao], [vis_id], [sis_id], [gru_integridade]) VALUES (N'46e1e074-37d6-e911-abd6-f81654fe895d', N'Diretor', 1, CAST(N'2019-12-20T10:38:17.333' AS DateTime), CAST(N'2019-12-20T10:38:17.333' AS DateTime), 3, 1000, 0)					  ;
INSERT CoreSSO.dbo.SYS_Grupo ([gru_id], [gru_nome], [gru_situacao], [gru_dataCriacao], [gru_dataAlteracao], [vis_id], [sis_id], [gru_integridade]) VALUES (N'47e1e074-37d6-e911-abd6-f81654fe895d', N'DRE Básico', 1, CAST(N'2019-12-20T10:38:17.333' AS DateTime), CAST(N'2019-12-20T10:38:17.333' AS DateTime), 2, 1000, 0)				  ;
INSERT CoreSSO.dbo.SYS_Grupo ([gru_id], [gru_nome], [gru_situacao], [gru_dataCriacao], [gru_dataAlteracao], [vis_id], [sis_id], [gru_integridade]) VALUES (N'48e1e074-37d6-e911-abd6-f81654fe895d', N'ADM DRE', 1, CAST(N'2019-12-20T10:38:17.333' AS DateTime), CAST(N'2019-12-20T10:38:17.333' AS DateTime), 2, 1000, 0)					  ;
INSERT CoreSSO.dbo.SYS_Grupo ([gru_id], [gru_nome], [gru_situacao], [gru_dataCriacao], [gru_dataAlteracao], [vis_id], [sis_id], [gru_integridade]) VALUES (N'49e1e074-37d6-e911-abd6-f81654fe895d', N'DIPED', 1, CAST(N'2019-12-20T10:38:17.333' AS DateTime), CAST(N'2019-12-20T10:38:17.333' AS DateTime), 2, 1000, 0)					  ;
INSERT CoreSSO.dbo.SYS_Grupo ([gru_id], [gru_nome], [gru_situacao], [gru_dataCriacao], [gru_dataAlteracao], [vis_id], [sis_id], [gru_integridade]) VALUES (N'4ae1e074-37d6-e911-abd6-f81654fe895d', N'PAAI', 1, CAST(N'2019-12-20T10:38:17.333' AS DateTime), CAST(N'2019-12-20T10:38:17.333' AS DateTime), 2, 1000, 0)						  ;
INSERT CoreSSO.dbo.SYS_Grupo ([gru_id], [gru_nome], [gru_situacao], [gru_dataCriacao], [gru_dataAlteracao], [vis_id], [sis_id], [gru_integridade]) VALUES (N'4be1e074-37d6-e911-abd6-f81654fe895d', N'CEFAI', 1, CAST(N'2019-12-20T10:38:17.333' AS DateTime), CAST(N'2019-12-20T10:38:17.333' AS DateTime), 2, 1000, 0)					  ;
INSERT CoreSSO.dbo.SYS_Grupo ([gru_id], [gru_nome], [gru_situacao], [gru_dataCriacao], [gru_dataAlteracao], [vis_id], [sis_id], [gru_integridade]) VALUES (N'4ce1e074-37d6-e911-abd6-f81654fe895d', N'NAAPA', 1, CAST(N'2019-12-20T10:38:17.333' AS DateTime), CAST(N'2019-12-20T10:38:17.333' AS DateTime), 2, 1000, 0)					  ;
INSERT CoreSSO.dbo.SYS_Grupo ([gru_id], [gru_nome], [gru_situacao], [gru_dataCriacao], [gru_dataAlteracao], [vis_id], [sis_id], [gru_integridade]) VALUES (N'4de1e074-37d6-e911-abd6-f81654fe895d', N'Diretor DIPED', 1, CAST(N'2019-12-20T10:38:17.333' AS DateTime), CAST(N'2019-12-20T10:38:17.333' AS DateTime), 2, 1000, 0)			  ;
INSERT CoreSSO.dbo.SYS_Grupo ([gru_id], [gru_nome], [gru_situacao], [gru_dataCriacao], [gru_dataAlteracao], [vis_id], [sis_id], [gru_integridade]) VALUES (N'4ee1e074-37d6-e911-abd6-f81654fe895d', N'Supervisor', 1, CAST(N'2019-12-20T10:38:17.333' AS DateTime), CAST(N'2019-12-20T10:38:17.333' AS DateTime), 2, 1000, 0)				  ;
INSERT CoreSSO.dbo.SYS_Grupo ([gru_id], [gru_nome], [gru_situacao], [gru_dataCriacao], [gru_dataAlteracao], [vis_id], [sis_id], [gru_integridade]) VALUES (N'4fe1e074-37d6-e911-abd6-f81654fe895d', N'Supervisor Técnico', 1, CAST(N'2019-12-20T10:38:17.333' AS DateTime), CAST(N'2019-12-20T10:38:17.333' AS DateTime), 2, 1000, 0)		  ;
INSERT CoreSSO.dbo.SYS_Grupo ([gru_id], [gru_nome], [gru_situacao], [gru_dataCriacao], [gru_dataAlteracao], [vis_id], [sis_id], [gru_integridade]) VALUES (N'50e1e074-37d6-e911-abd6-f81654fe895d', N'Diretor Regional', 1, CAST(N'2019-12-20T10:38:17.333' AS DateTime), CAST(N'2019-12-20T10:38:17.333' AS DateTime), 2, 1000, 0)			  ;
INSERT CoreSSO.dbo.SYS_Grupo ([gru_id], [gru_nome], [gru_situacao], [gru_dataCriacao], [gru_dataAlteracao], [vis_id], [sis_id], [gru_integridade]) VALUES (N'51e1e074-37d6-e911-abd6-f81654fe895d', N'COPED Básico', 1, CAST(N'2019-12-20T10:38:17.337' AS DateTime), CAST(N'2019-12-20T10:38:17.337' AS DateTime), 1, 1000, 0)				  ;
INSERT CoreSSO.dbo.SYS_Grupo ([gru_id], [gru_nome], [gru_situacao], [gru_dataCriacao], [gru_dataAlteracao], [vis_id], [sis_id], [gru_integridade]) VALUES (N'52e1e074-37d6-e911-abd6-f81654fe895d', N'NTC - NAAPA', 1, CAST(N'2019-12-20T10:38:17.337' AS DateTime), CAST(N'2019-12-20T10:38:17.337' AS DateTime), 1, 1000, 0)				  ;
INSERT CoreSSO.dbo.SYS_Grupo ([gru_id], [gru_nome], [gru_situacao], [gru_dataCriacao], [gru_dataAlteracao], [vis_id], [sis_id], [gru_integridade]) VALUES (N'53e1e074-37d6-e911-abd6-f81654fe895d', N'NTC', 1, CAST(N'2019-12-20T10:38:17.337' AS DateTime), CAST(N'2019-12-20T10:38:17.337' AS DateTime), 1, 1000, 0)						  ;
INSERT CoreSSO.dbo.SYS_Grupo ([gru_id], [gru_nome], [gru_situacao], [gru_dataCriacao], [gru_dataAlteracao], [vis_id], [sis_id], [gru_integridade]) VALUES (N'54e1e074-37d6-e911-abd6-f81654fe895d', N'NTA', 1, CAST(N'2019-12-20T10:38:17.337' AS DateTime), CAST(N'2019-12-20T10:38:17.337' AS DateTime), 1, 1000, 0)						  ;
INSERT CoreSSO.dbo.SYS_Grupo ([gru_id], [gru_nome], [gru_situacao], [gru_dataCriacao], [gru_dataAlteracao], [vis_id], [sis_id], [gru_integridade]) VALUES (N'55e1e074-37d6-e911-abd6-f81654fe895d', N'DIEE', 1, CAST(N'2019-12-20T10:38:17.337' AS DateTime), CAST(N'2019-12-20T10:38:17.337' AS DateTime), 1, 1000, 0)						  ;
INSERT CoreSSO.dbo.SYS_Grupo ([gru_id], [gru_nome], [gru_situacao], [gru_dataCriacao], [gru_dataAlteracao], [vis_id], [sis_id], [gru_integridade]) VALUES (N'56e1e074-37d6-e911-abd6-f81654fe895d', N'DIEJA', 1, CAST(N'2019-12-20T10:38:17.337' AS DateTime), CAST(N'2019-12-20T10:38:17.337' AS DateTime), 1, 1000, 0)					  ;
INSERT CoreSSO.dbo.SYS_Grupo ([gru_id], [gru_nome], [gru_situacao], [gru_dataCriacao], [gru_dataAlteracao], [vis_id], [sis_id], [gru_integridade]) VALUES (N'57e1e074-37d6-e911-abd6-f81654fe895d', N'DIEI', 1, CAST(N'2019-12-20T10:38:17.337' AS DateTime), CAST(N'2019-12-20T10:38:17.337' AS DateTime), 1, 1000, 0)						  ;
INSERT CoreSSO.dbo.SYS_Grupo ([gru_id], [gru_nome], [gru_situacao], [gru_dataCriacao], [gru_dataAlteracao], [vis_id], [sis_id], [gru_integridade]) VALUES (N'58e1e074-37d6-e911-abd6-f81654fe895d', N'DIEFM', 1, CAST(N'2019-12-20T10:38:17.337' AS DateTime), CAST(N'2019-12-20T10:38:17.337' AS DateTime), 1, 1000, 0)					  ;
INSERT CoreSSO.dbo.SYS_Grupo ([gru_id], [gru_nome], [gru_situacao], [gru_dataCriacao], [gru_dataAlteracao], [vis_id], [sis_id], [gru_integridade]) VALUES (N'59e1e074-37d6-e911-abd6-f81654fe895d', N'COPED', 1, CAST(N'2019-12-20T10:38:17.337' AS DateTime), CAST(N'2019-12-20T10:38:17.337' AS DateTime), 1, 1000, 0)					  ;
INSERT CoreSSO.dbo.SYS_Grupo ([gru_id], [gru_nome], [gru_situacao], [gru_dataCriacao], [gru_dataAlteracao], [vis_id], [sis_id], [gru_integridade]) VALUES (N'5ae1e074-37d6-e911-abd6-f81654fe895d', N'ADM SME', 1, CAST(N'2019-12-20T10:38:17.337' AS DateTime), CAST(N'2019-12-20T10:38:17.337' AS DateTime), 1, 1000, 0)					  ;
INSERT CoreSSO.dbo.SYS_Grupo ([gru_id], [gru_nome], [gru_situacao], [gru_dataCriacao], [gru_dataAlteracao], [vis_id], [sis_id], [gru_integridade]) VALUES (N'5be1e074-37d6-e911-abd6-f81654fe895d', N'ADM COTIC', 1, CAST(N'2019-12-20T10:38:17.337' AS DateTime), CAST(N'2019-12-20T10:38:17.337' AS DateTime), 1, 1000, 0)				  ;
INSERT CoreSSO.dbo.SYS_Grupo ([gru_id], [gru_nome], [gru_situacao], [gru_dataCriacao], [gru_dataAlteracao], [vis_id], [sis_id], [gru_integridade]) VALUES (N'5ce1e074-37d6-e911-abd6-f81654fe895d', N'POEI', 1, CAST(N'2020-02-19T16:00:24.447' AS DateTime), CAST(N'2020-02-19T16:00:24.447' AS DateTime), 3, 1000, 0)						  ;
INSERT CoreSSO.dbo.SYS_Grupo ([gru_id], [gru_nome], [gru_situacao], [gru_dataCriacao], [gru_dataAlteracao], [vis_id], [sis_id], [gru_integridade]) VALUES (N'5de1e074-37d6-e911-abd6-f81654fe895d', N'POED', 1, CAST(N'2020-06-02T14:26:36.297' AS DateTime), CAST(N'2020-06-02T14:26:36.297' AS DateTime), 3, 1000, 0)                       ;
INSERT CoreSSO.dbo.SYS_Grupo ([gru_id], [gru_nome], [gru_situacao], [gru_dataCriacao], [gru_dataAlteracao], [vis_id], [sis_id], [gru_integridade]) VALUES (N'5ee1e074-37d6-e911-abd6-f81654fe895d', N'POSL', 1, CAST(N'2020-06-02T14:26:36.303' AS DateTime), CAST(N'2020-06-02T14:26:36.303' AS DateTime), 3, 1000, 0)
INSERT CoreSSO.dbo.SYS_Grupo ([gru_id], [gru_nome], [gru_situacao], [gru_dataCriacao], [gru_dataAlteracao], [vis_id], [sis_id], [gru_integridade]) VALUES (N'5fe1e074-37d6-e911-abd6-f81654fe895d', N'Supervisor Consulta', 1, CAST(N'2020-05-27T19:42:46.227' AS DateTime), CAST(N'2020-05-27T19:42:46.227' AS DateTime), 2, 1000, 0);
INSERT CoreSSO.dbo.SYS_Grupo ([gru_id], [gru_nome], [gru_situacao], [gru_dataCriacao], [gru_dataAlteracao], [vis_id], [sis_id], [gru_integridade]) VALUES (N'60e1e074-37d6-e911-abd6-f81654fe895d', N'Professor Ed. Infantil', 1, CAST(N'2020-08-26T11:06:47.243' AS DateTime), CAST(N'2020-08-26T11:06:47.243' AS DateTime), 3, 1000, 0);
INSERT CoreSSO.dbo.SYS_Grupo ([gru_id], [gru_nome], [gru_situacao], [gru_dataCriacao], [gru_dataAlteracao], [vis_id], [sis_id], [gru_integridade]) VALUES (N'61e1e074-37d6-e911-abd6-f81654fe895d', N'Professor CJ Ed. Infantil', 1, CAST(N'2020-08-26T11:06:34.780' AS DateTime), CAST(N'2020-08-26T11:06:34.780' AS DateTime), 3, 1000, 0);
INSERT CoreSSO.dbo.SYS_Grupo ([gru_id], [gru_nome], [gru_situacao], [gru_dataCriacao], [gru_dataAlteracao], [vis_id], [sis_id], [gru_integridade]) VALUES (N'62e1e074-37d6-e911-abd6-f81654fe895d', N'ATE Secretaria', 1, CAST(N'2020-08-26T11:06:15.537' AS DateTime), CAST(N'2020-08-26T11:06:15.537' AS DateTime), 3, 1000, 0);
INSERT CoreSSO.dbo.SYS_Grupo ([gru_id], [gru_nome], [gru_situacao], [gru_dataCriacao], [gru_dataAlteracao], [vis_id], [sis_id], [gru_integridade]) VALUES (N'5af1e074-37d6-e911-abd6-f81654fe895d', N'Comunicados SME', 1, CAST(N'2021-01-22T19:36:48.840' AS DateTime), CAST(N'2021-01-22T19:36:48.840' AS DateTime), 1, 1000, 0);

-- [SYS_UsuarioGrupo]

INSERT INTO CoreSSO.dbo.SYS_UsuarioGrupo
           ([usu_id]
           ,[gru_id]
           ,[usg_situacao])
     VALUES
('CBEC614E-12F2-E111-A89D-00155D02E702',	'3CE1E074-37D6-E911-ABD6-F81654FE895D',	3),
('E5FC614E-12F2-E111-A89D-00155D02E702',	'3CE1E074-37D6-E911-ABD6-F81654FE895D',	3),
('3327694E-12F2-E111-A89D-00155D02E702',	'3CE1E074-37D6-E911-ABD6-F81654FE895D',	3),
('8C31694E-12F2-E111-A89D-00155D02E702',	'3CE1E074-37D6-E911-ABD6-F81654FE895D',	3),
('B28F6B4E-12F2-E111-A89D-00155D02E702',	'3CE1E074-37D6-E911-ABD6-F81654FE895D',	3),
('D0956B4E-12F2-E111-A89D-00155D02E702',	'3CE1E074-37D6-E911-ABD6-F81654FE895D',	3),
('44DB6D4E-12F2-E111-A89D-00155D02E702',	'3CE1E074-37D6-E911-ABD6-F81654FE895D',	3),
('A0E16D4E-12F2-E111-A89D-00155D02E702',	'3CE1E074-37D6-E911-ABD6-F81654FE895D',	3),
('70E46D4E-12F2-E111-A89D-00155D02E702',	'3CE1E074-37D6-E911-ABD6-F81654FE895D',	3),
('EBE76D4E-12F2-E111-A89D-00155D02E702',	'3CE1E074-37D6-E911-ABD6-F81654FE895D',	3),
('43F06D4E-12F2-E111-A89D-00155D02E702',	'3CE1E074-37D6-E911-ABD6-F81654FE895D',	3),
('33B413F3-27B6-E111-B597-00155D02E702',	'3CE1E074-37D6-E911-ABD6-F81654FE895D',	3),
('5A2C5C23-7940-E111-B752-00155D033206',	'3CE1E074-37D6-E911-ABD6-F81654FE895D',	3),
('915FCB39-ED3C-E611-8135-782BCB3D218E',	'3CE1E074-37D6-E911-ABD6-F81654FE895D',	3),
('A668DFA9-A9BC-E411-922D-782BCB3D218E',	'3CE1E074-37D6-E911-ABD6-F81654FE895D',	3),
('CBEC614E-12F2-E111-A89D-00155D02E702',	'3DE1E074-37D6-E911-ABD6-F81654FE895D',	3),
('3C906B4E-12F2-E111-A89D-00155D02E702',	'3DE1E074-37D6-E911-ABD6-F81654FE895D',	3),
('84B6C8B7-33E3-E111-A791-00155D02E702',	'40E1E074-37D6-E911-ABD6-F81654FE895D',	3),
('ADDC0EE8-35E3-E111-A791-00155D02E702',	'40E1E074-37D6-E911-ABD6-F81654FE895D',	1),
('DFCD02F5-3FE3-E111-A791-00155D02E702',	'40E1E074-37D6-E911-ABD6-F81654FE895D',	1),
('E5FC614E-12F2-E111-A89D-00155D02E702',	'40E1E074-37D6-E911-ABD6-F81654FE895D',	1),
('51B3664E-12F2-E111-A89D-00155D02E702',	'40E1E074-37D6-E911-ABD6-F81654FE895D',	3),
('3327694E-12F2-E111-A89D-00155D02E702',	'40E1E074-37D6-E911-ABD6-F81654FE895D',	1),
('B28F6B4E-12F2-E111-A89D-00155D02E702',	'40E1E074-37D6-E911-ABD6-F81654FE895D',	1),
('44DB6D4E-12F2-E111-A89D-00155D02E702',	'40E1E074-37D6-E911-ABD6-F81654FE895D',	1),
('A0E16D4E-12F2-E111-A89D-00155D02E702',	'40E1E074-37D6-E911-ABD6-F81654FE895D',	3),
('70E46D4E-12F2-E111-A89D-00155D02E702',	'40E1E074-37D6-E911-ABD6-F81654FE895D',	1),
('EBE76D4E-12F2-E111-A89D-00155D02E702',	'40E1E074-37D6-E911-ABD6-F81654FE895D',	1),
('BFEA6D4E-12F2-E111-A89D-00155D02E702',	'40E1E074-37D6-E911-ABD6-F81654FE895D',	1),
('43F06D4E-12F2-E111-A89D-00155D02E702',	'40E1E074-37D6-E911-ABD6-F81654FE895D',	1),
('7504AD54-1C1E-E211-A58D-00155D02E716',	'40E1E074-37D6-E911-ABD6-F81654FE895D',	3),
('5A2C5C23-7940-E111-B752-00155D033206',	'40E1E074-37D6-E911-ABD6-F81654FE895D',	1),
('915FCB39-ED3C-E611-8135-782BCB3D218E',	'40E1E074-37D6-E911-ABD6-F81654FE895D',	1),
('A668DFA9-A9BC-E411-922D-782BCB3D218E',	'40E1E074-37D6-E911-ABD6-F81654FE895D',	1),
('3C0DA688-8A9D-E611-9541-782BCB3D218E',	'40E1E074-37D6-E911-ABD6-F81654FE895D',	1),
('B3A6E636-7681-E711-9604-782BCB3D218E',	'40E1E074-37D6-E911-ABD6-F81654FE895D',	1),
('3A512639-A493-E311-B1FE-782BCB3D2D76',	'40E1E074-37D6-E911-ABD6-F81654FE895D',	1),
('ADDC0EE8-35E3-E111-A791-00155D02E702',	'41E1E074-37D6-E911-ABD6-F81654FE895D',	1),
('DFCD02F5-3FE3-E111-A791-00155D02E702',	'41E1E074-37D6-E911-ABD6-F81654FE895D',	1),
('E5FC614E-12F2-E111-A89D-00155D02E702',	'41E1E074-37D6-E911-ABD6-F81654FE895D',	1),
('3327694E-12F2-E111-A89D-00155D02E702',	'41E1E074-37D6-E911-ABD6-F81654FE895D',	1),
('8C31694E-12F2-E111-A89D-00155D02E702',	'41E1E074-37D6-E911-ABD6-F81654FE895D',	1),
('D0956B4E-12F2-E111-A89D-00155D02E702',	'41E1E074-37D6-E911-ABD6-F81654FE895D',	1),
('A0E16D4E-12F2-E111-A89D-00155D02E702',	'41E1E074-37D6-E911-ABD6-F81654FE895D',	3),
('EBE76D4E-12F2-E111-A89D-00155D02E702',	'41E1E074-37D6-E911-ABD6-F81654FE895D',	1),
('43F06D4E-12F2-E111-A89D-00155D02E702',	'41E1E074-37D6-E911-ABD6-F81654FE895D',	1),
('7504AD54-1C1E-E211-A58D-00155D02E716',	'41E1E074-37D6-E911-ABD6-F81654FE895D',	3),
('A668DFA9-A9BC-E411-922D-782BCB3D218E',	'41E1E074-37D6-E911-ABD6-F81654FE895D',	1),
('3C0DA688-8A9D-E611-9541-782BCB3D218E',	'41E1E074-37D6-E911-ABD6-F81654FE895D',	1),
('B3A6E636-7681-E711-9604-782BCB3D218E',	'41E1E074-37D6-E911-ABD6-F81654FE895D',	1),
('3A512639-A493-E311-B1FE-782BCB3D2D76',	'41E1E074-37D6-E911-ABD6-F81654FE895D',	1),
('84B6C8B7-33E3-E111-A791-00155D02E702',	'42E1E074-37D6-E911-ABD6-F81654FE895D',	1),
('51B3664E-12F2-E111-A89D-00155D02E702',	'42E1E074-37D6-E911-ABD6-F81654FE895D',	3),
('8C31694E-12F2-E111-A89D-00155D02E702',	'42E1E074-37D6-E911-ABD6-F81654FE895D',	1),
('D0956B4E-12F2-E111-A89D-00155D02E702',	'42E1E074-37D6-E911-ABD6-F81654FE895D',	3),
('A0E16D4E-12F2-E111-A89D-00155D02E702',	'42E1E074-37D6-E911-ABD6-F81654FE895D',	1),
('43F06D4E-12F2-E111-A89D-00155D02E702',	'42E1E074-37D6-E911-ABD6-F81654FE895D',	1),
('3C0DA688-8A9D-E611-9541-782BCB3D218E',	'42E1E074-37D6-E911-ABD6-F81654FE895D',	1),
('8C31694E-12F2-E111-A89D-00155D02E702',	'44E1E074-37D6-E911-ABD6-F81654FE895D',	1),
('D0956B4E-12F2-E111-A89D-00155D02E702',	'44E1E074-37D6-E911-ABD6-F81654FE895D',	1),
('EBE76D4E-12F2-E111-A89D-00155D02E702',	'44E1E074-37D6-E911-ABD6-F81654FE895D',	1),
('5A2C5C23-7940-E111-B752-00155D033206',	'44E1E074-37D6-E911-ABD6-F81654FE895D',	1),
('A668DFA9-A9BC-E411-922D-782BCB3D218E',	'44E1E074-37D6-E911-ABD6-F81654FE895D',	1),
('3A512639-A493-E311-B1FE-782BCB3D2D76',	'44E1E074-37D6-E911-ABD6-F81654FE895D',	1),
('ADDC0EE8-35E3-E111-A791-00155D02E702',	'45E1E074-37D6-E911-ABD6-F81654FE895D',	1),
('A0E16D4E-12F2-E111-A89D-00155D02E702',	'45E1E074-37D6-E911-ABD6-F81654FE895D',	3),
('84B6C8B7-33E3-E111-A791-00155D02E702',	'46E1E074-37D6-E911-ABD6-F81654FE895D',	1),
('E5FC614E-12F2-E111-A89D-00155D02E702',	'46E1E074-37D6-E911-ABD6-F81654FE895D',	1),
('51B3664E-12F2-E111-A89D-00155D02E702',	'46E1E074-37D6-E911-ABD6-F81654FE895D',	3),
('44DB6D4E-12F2-E111-A89D-00155D02E702',	'46E1E074-37D6-E911-ABD6-F81654FE895D',	1),
('BCB513F3-27B6-E111-B597-00155D02E702',	'46E1E074-37D6-E911-ABD6-F81654FE895D',	1),
('DFCD02F5-3FE3-E111-A791-00155D02E702',	'48E1E074-37D6-E911-ABD6-F81654FE895D',	1),
('BFEA6D4E-12F2-E111-A89D-00155D02E702',	'48E1E074-37D6-E911-ABD6-F81654FE895D',	1),
('43F06D4E-12F2-E111-A89D-00155D02E702',	'48E1E074-37D6-E911-ABD6-F81654FE895D',	1),
('33B413F3-27B6-E111-B597-00155D02E702',	'48E1E074-37D6-E911-ABD6-F81654FE895D',	1),
('BFEA6D4E-12F2-E111-A89D-00155D02E702',	'49E1E074-37D6-E911-ABD6-F81654FE895D',	1),
('F805A688-8A9D-E611-9541-782BCB3D218E',	'4EE1E074-37D6-E911-ABD6-F81654FE895D',	3),
('B707A688-8A9D-E611-9541-782BCB3D218E',	'4EE1E074-37D6-E911-ABD6-F81654FE895D',	3),
('3327694E-12F2-E111-A89D-00155D02E702',	'5AE1E074-37D6-E911-ABD6-F81654FE895D',	1),
('43F06D4E-12F2-E111-A89D-00155D02E702',	'5AE1E074-37D6-E911-ABD6-F81654FE895D',	1),
('43F06D4E-12F2-E111-A89D-00155D02E702',	'5BE1E074-37D6-E911-ABD6-F81654FE895D',	1),
('F805A688-8A9D-E611-9541-782BCB3D218E',	'5FE1E074-37D6-E911-ABD6-F81654FE895D',	3),
('8C31694E-12F2-E111-A89D-00155D02E702',	'60E1E074-37D6-E911-ABD6-F81654FE895D',	1),
('3C906B4E-12F2-E111-A89D-00155D02E702',	'60E1E074-37D6-E911-ABD6-F81654FE895D',	3),
('3EF26D4E-12F2-E111-A89D-00155D02E702',	'60E1E074-37D6-E911-ABD6-F81654FE895D',	1),
('3C0DA688-8A9D-E611-9541-782BCB3D218E',	'60E1E074-37D6-E911-ABD6-F81654FE895D',	3),
('3A512639-A493-E311-B1FE-782BCB3D2D76',	'60E1E074-37D6-E911-ABD6-F81654FE895D',	1),
('51B3664E-12F2-E111-A89D-00155D02E702',	'61E1E074-37D6-E911-ABD6-F81654FE895D',	3),
('8C31694E-12F2-E111-A89D-00155D02E702',	'61E1E074-37D6-E911-ABD6-F81654FE895D',	1);


INSERT INTO CoreSSO.dbo.SYS_TipoUnidadeAdministrativa
(tua_id, tua_nome, tua_situacao, tua_dataCriacao, tua_dataAlteracao, tua_integridade)
VALUES('DC7CB255-16A1-E111-BE16-00155D02E702', 'Distrito', 1, '2012-05-18 15:21:50.700', '2012-05-18 15:21:50.700', 0);
INSERT INTO CoreSSO.dbo.SYS_TipoUnidadeAdministrativa
(tua_id, tua_nome, tua_situacao, tua_dataCriacao, tua_dataAlteracao, tua_integridade)
VALUES('DD7CB255-16A1-E111-BE16-00155D02E702', 'Setor', 1, '2012-05-18 15:21:50.700', '2012-05-18 15:21:50.700', -1);
INSERT INTO CoreSSO.dbo.SYS_TipoUnidadeAdministrativa
(tua_id, tua_nome, tua_situacao, tua_dataCriacao, tua_dataAlteracao, tua_integridade)
VALUES('FD3E5ACE-20A1-E111-BE16-00155D02E702', 'Secretaria', 1, '2012-05-18 16:36:48.093', '2012-05-18 16:36:48.093', 1);
INSERT INTO CoreSSO.dbo.SYS_TipoUnidadeAdministrativa
(tua_id, tua_nome, tua_situacao, tua_dataCriacao, tua_dataAlteracao, tua_integridade)
VALUES('8BBDB758-2FA1-E111-BE16-00155D02E702', 'Diretoria Regional de Ensino', 1, '2012-05-18 18:20:53.177', '2012-05-18 18:20:53.177', 0);
INSERT INTO CoreSSO.dbo.SYS_TipoUnidadeAdministrativa
(tua_id, tua_nome, tua_situacao, tua_dataCriacao, tua_dataAlteracao, tua_integridade)
VALUES('3C450ED2-98B1-E111-BE16-00155D02E702', 'SubPrefeitura - SME', 1, '2012-06-08 15:36:12.510', '2012-06-08 15:36:12.510', 0);
INSERT INTO CoreSSO.dbo.SYS_TipoUnidadeAdministrativa
(tua_id, tua_nome, tua_situacao, tua_dataCriacao, tua_dataAlteracao, tua_integridade)
VALUES('3D450ED2-98B1-E111-BE16-00155D02E702', 'Região - SME', 1, '2012-06-08 15:36:12.530', '2012-06-08 15:36:12.530', 0);
INSERT INTO CoreSSO.dbo.SYS_TipoUnidadeAdministrativa
(tua_id, tua_nome, tua_situacao, tua_dataCriacao, tua_dataAlteracao, tua_integridade)
VALUES('D496F036-601C-E211-A58D-00155D02E716', 'Instituição de Ensino Superior', 1, '2012-10-22 13:50:42.123', '2012-10-22 13:50:42.123', 0);
INSERT INTO CoreSSO.dbo.SYS_TipoUnidadeAdministrativa
(tua_id, tua_nome, tua_situacao, tua_dataCriacao, tua_dataAlteracao, tua_integridade)
VALUES('54AA0D9A-ED0B-E211-AE2F-00155D02E716', 'DME-Departamento de Merenda Escolar', 1, '2012-10-01 14:29:54.277', '2012-10-01 14:29:54.277', 0);
INSERT INTO CoreSSO.dbo.SYS_TipoUnidadeAdministrativa
(tua_id, tua_nome, tua_situacao, tua_dataCriacao, tua_dataAlteracao, tua_integridade)
VALUES('57AA0D9A-ED0B-E211-AE2F-00155D02E716', 'Setor (CONAE)', 1, '2012-10-01 14:29:54.277', '2012-10-01 14:29:54.277', 0);
INSERT INTO CoreSSO.dbo.SYS_TipoUnidadeAdministrativa
(tua_id, tua_nome, tua_situacao, tua_dataCriacao, tua_dataAlteracao, tua_integridade)
VALUES('175183FA-590E-E211-AE2F-00155D02E716', 'CEMEI', 1, '2012-10-04 16:30:40.223', '2012-10-04 16:30:40.223', 1);
INSERT INTO CoreSSO.dbo.SYS_TipoUnidadeAdministrativa
(tua_id, tua_nome, tua_situacao, tua_dataCriacao, tua_dataAlteracao, tua_integridade)
VALUES('185183FA-590E-E211-AE2F-00155D02E716', 'CR.P.CONV', 1, '2012-10-04 16:30:40.223', '2012-10-04 16:30:40.223', 1);
INSERT INTO CoreSSO.dbo.SYS_TipoUnidadeAdministrativa
(tua_id, tua_nome, tua_situacao, tua_dataCriacao, tua_dataAlteracao, tua_integridade)
VALUES('195183FA-590E-E211-AE2F-00155D02E716', 'CECI', 1, '2012-10-04 16:30:40.223', '2012-10-04 16:30:40.223', 1);
INSERT INTO CoreSSO.dbo.SYS_TipoUnidadeAdministrativa
(tua_id, tua_nome, tua_situacao, tua_dataCriacao, tua_dataAlteracao, tua_integridade)
VALUES('1A5183FA-590E-E211-AE2F-00155D02E716', 'CEU CEI', 1, '2012-10-04 16:30:40.223', '2012-10-04 16:30:40.223', 1);
INSERT INTO CoreSSO.dbo.SYS_TipoUnidadeAdministrativa
(tua_id, tua_nome, tua_situacao, tua_dataCriacao, tua_dataAlteracao, tua_integridade)
VALUES('1B5183FA-590E-E211-AE2F-00155D02E716', 'E TECNICA', 1, '2012-10-04 16:30:40.223', '2012-10-04 16:30:40.223', 1);
INSERT INTO CoreSSO.dbo.SYS_TipoUnidadeAdministrativa
(tua_id, tua_nome, tua_situacao, tua_dataCriacao, tua_dataAlteracao, tua_integridade)
VALUES('1C5183FA-590E-E211-AE2F-00155D02E716', 'CEU EMEI', 1, '2012-10-04 16:30:40.223', '2012-10-04 16:30:40.223', 1);
INSERT INTO CoreSSO.dbo.SYS_TipoUnidadeAdministrativa
(tua_id, tua_nome, tua_situacao, tua_dataCriacao, tua_dataAlteracao, tua_integridade)
VALUES('1D5183FA-590E-E211-AE2F-00155D02E716', 'CEI DIRET', 1, '2012-10-04 16:30:40.223', '2012-10-04 16:30:40.223', 1);
INSERT INTO CoreSSO.dbo.SYS_TipoUnidadeAdministrativa
(tua_id, tua_nome, tua_situacao, tua_dataCriacao, tua_dataAlteracao, tua_integridade)
VALUES('1E5183FA-590E-E211-AE2F-00155D02E716', 'CEU EMEF', 1, '2012-10-04 16:30:40.223', '2012-10-04 16:30:40.223', 1);
INSERT INTO CoreSSO.dbo.SYS_TipoUnidadeAdministrativa
(tua_id, tua_nome, tua_situacao, tua_dataCriacao, tua_dataAlteracao, tua_integridade)
VALUES('1F5183FA-590E-E211-AE2F-00155D02E716', 'CIEJA', 1, '2012-10-04 16:30:40.223', '2012-10-04 16:30:40.223', 1);
INSERT INTO CoreSSO.dbo.SYS_TipoUnidadeAdministrativa
(tua_id, tua_nome, tua_situacao, tua_dataCriacao, tua_dataAlteracao, tua_integridade)
VALUES('205183FA-590E-E211-AE2F-00155D02E716', 'ESP CONV', 1, '2012-10-04 16:30:40.223', '2012-10-04 16:30:40.223', 1);
INSERT INTO CoreSSO.dbo.SYS_TipoUnidadeAdministrativa
(tua_id, tua_nome, tua_situacao, tua_dataCriacao, tua_dataAlteracao, tua_integridade)
VALUES('215183FA-590E-E211-AE2F-00155D02E716', 'CEU AT COMPL', 1, '2012-10-04 16:30:40.223', '2012-10-04 16:30:40.223', 1);
INSERT INTO CoreSSO.dbo.SYS_TipoUnidadeAdministrativa
(tua_id, tua_nome, tua_situacao, tua_dataCriacao, tua_dataAlteracao, tua_integridade)
VALUES('225183FA-590E-E211-AE2F-00155D02E716', 'EMEF', 1, '2012-10-04 16:30:40.223', '2012-10-04 16:30:40.223', 1);
INSERT INTO CoreSSO.dbo.SYS_TipoUnidadeAdministrativa
(tua_id, tua_nome, tua_situacao, tua_dataCriacao, tua_dataAlteracao, tua_integridade)
VALUES('235183FA-590E-E211-AE2F-00155D02E716', 'CEI INDIR', 1, '2012-10-04 16:30:40.223', '2012-10-04 16:30:40.223', 1);
INSERT INTO CoreSSO.dbo.SYS_TipoUnidadeAdministrativa
(tua_id, tua_nome, tua_situacao, tua_dataCriacao, tua_dataAlteracao, tua_integridade)
VALUES('245183FA-590E-E211-AE2F-00155D02E716', 'EMEI', 1, '2012-10-04 16:30:40.223', '2012-10-04 16:30:40.223', 1);
INSERT INTO CoreSSO.dbo.SYS_TipoUnidadeAdministrativa
(tua_id, tua_nome, tua_situacao, tua_dataCriacao, tua_dataAlteracao, tua_integridade)
VALUES('255183FA-590E-E211-AE2F-00155D02E716', 'MOVA', 1, '2012-10-04 16:30:40.223', '2012-10-04 16:30:40.223', 1);
INSERT INTO CoreSSO.dbo.SYS_TipoUnidadeAdministrativa
(tua_id, tua_nome, tua_situacao, tua_dataCriacao, tua_dataAlteracao, tua_integridade)
VALUES('265183FA-590E-E211-AE2F-00155D02E716', 'EMEFM', 1, '2012-10-04 16:30:40.223', '2012-10-04 16:30:40.223', 1);
INSERT INTO CoreSSO.dbo.SYS_TipoUnidadeAdministrativa
(tua_id, tua_nome, tua_situacao, tua_dataCriacao, tua_dataAlteracao, tua_integridade)
VALUES('275183FA-590E-E211-AE2F-00155D02E716', 'EMEBS', 1, '2012-10-04 16:30:40.223', '2012-10-04 16:30:40.223', 1);
INSERT INTO CoreSSO.dbo.SYS_TipoUnidadeAdministrativa
(tua_id, tua_nome, tua_situacao, tua_dataCriacao, tua_dataAlteracao, tua_integridade)
VALUES('285183FA-590E-E211-AE2F-00155D02E716', 'CCI/CIPS', 1, '2012-10-04 16:30:40.223', '2012-10-04 16:30:40.223', 1);
INSERT INTO CoreSSO.dbo.SYS_TipoUnidadeAdministrativa
(tua_id, tua_nome, tua_situacao, tua_dataCriacao, tua_dataAlteracao, tua_integridade)
VALUES('295183FA-590E-E211-AE2F-00155D02E716', 'ESC.PART.', 1, '2012-10-04 16:30:40.223', '2012-10-04 16:30:40.223', 1);
INSERT INTO CoreSSO.dbo.SYS_TipoUnidadeAdministrativa
(tua_id, tua_nome, tua_situacao, tua_dataCriacao, tua_dataAlteracao, tua_integridade)
VALUES('2A5183FA-590E-E211-AE2F-00155D02E716', 'CMCT', 1, '2012-10-04 16:30:40.223', '2012-10-04 16:30:40.223', 1);
INSERT INTO CoreSSO.dbo.SYS_TipoUnidadeAdministrativa
(tua_id, tua_nome, tua_situacao, tua_dataCriacao, tua_dataAlteracao, tua_integridade)
VALUES('692B03D2-C8C1-4F60-BA21-2D2EA5BAA2CB', 'CEU GESTAO', 1, '2017-06-08 11:54:17.850', '2017-06-08 11:54:17.850', 1);
INSERT INTO CoreSSO.dbo.SYS_TipoUnidadeAdministrativa
(tua_id, tua_nome, tua_situacao, tua_dataCriacao, tua_dataAlteracao, tua_integridade)
VALUES('CAAE7C8B-0553-EA11-815F-782BCB3D218E', 'CEU CEMEI', 1, '2020-02-19 07:49:57.537', '2020-02-19 07:49:57.537', 1);
INSERT INTO CoreSSO.dbo.SYS_TipoUnidadeAdministrativa
(tua_id, tua_nome, tua_situacao, tua_dataCriacao, tua_dataAlteracao, tua_integridade)
VALUES('61C43DA3-E2F2-E411-922D-782BCB3D218E', 'CCA', 1, '2015-05-05 01:53:15.307', '2015-05-05 01:53:15.307', 1);
INSERT INTO CoreSSO.dbo.SYS_TipoUnidadeAdministrativa
(tua_id, tua_nome, tua_situacao, tua_dataCriacao, tua_dataAlteracao, tua_integridade)
VALUES('824DE679-A303-E411-A825-782BCB3D218E', 'DIVISAO ADMINISTRATIVA', 1, '2014-07-04 14:48:59.597', '2014-07-04 14:48:59.597', 4);
INSERT INTO CoreSSO.dbo.SYS_TipoUnidadeAdministrativa
(tua_id, tua_nome, tua_situacao, tua_dataCriacao, tua_dataAlteracao, tua_integridade)
VALUES('DA11BEFF-2761-EB11-AE22-782BCB3D2D76', 'E TEC', 1, '2021-01-28 02:16:48.520', '2021-01-28 02:16:48.520', 1);
INSERT INTO CoreSSO.dbo.SYS_TipoUnidadeAdministrativa
(tua_id, tua_nome, tua_situacao, tua_dataCriacao, tua_dataAlteracao, tua_integridade)
VALUES('1D208ECE-D576-E211-B1FD-782BCB3D2D76', 'Biblioteca', 1, '2013-02-14 16:39:13.727', '2013-02-14 16:39:13.727', 4);
INSERT INTO CoreSSO.dbo.SYS_TipoUnidadeAdministrativa
(tua_id, tua_nome, tua_situacao, tua_dataCriacao, tua_dataAlteracao, tua_integridade)
VALUES('964D9E3F-BAF7-EA11-BF09-782BCB3D2D76', 'E T', 1, '2020-09-15 22:16:32.433', '2020-09-15 22:16:32.433', 1);
INSERT INTO CoreSSO.dbo.SYS_TipoUnidadeAdministrativa
(tua_id, tua_nome, tua_situacao, tua_dataCriacao, tua_dataAlteracao, tua_integridade)
VALUES('52022558-8C00-4539-99FB-B647BC994D5E', 'Diretoria Regional de Educação', 1, '2011-08-10 18:57:45.007', '2011-08-10 18:57:45.007', 0);
INSERT INTO CoreSSO.dbo.SYS_TipoUnidadeAdministrativa
(tua_id, tua_nome, tua_situacao, tua_dataCriacao, tua_dataAlteracao, tua_integridade)
VALUES('E33EF3BA-E4CA-479E-85F1-ED10FD2C0579', 'Escola', 1, '2011-08-10 18:57:45.007', '2011-08-10 18:57:45.007', 25);


-- Sys_UnidadeAdministrativa

INSERT INTO CoreSSO.dbo.SYS_UnidadeAdministrativa
           ([ent_id]
           ,[uad_id]
           ,[tua_id]
           ,[uad_codigo]
           ,[uad_nome]
           ,[uad_sigla]
           ,[uad_idSuperior]
           ,[uad_situacao]
           ,[uad_dataCriacao]
           ,[uad_dataAlteracao]
           ,[uad_integridade]
           ,[uad_codigoIntegracao]
           ,[uad_codigoInep])
     VALUES
          

('6CF424DC-8EC3-E011-9B36-00155D033206',	'928EC473-F05E-426E-AF34-528539138D07','52022558-8C00-4539-99FB-B647BC994D5E',	'108200',	',DIRETORIA REGIONAL DE EDUCACAO CAMPO LIMPO',	    'CL',	NULL	,1,	cast('2011-08-10 18:57:45.007' as Datetime), 	cast('2021-04-16 22:02:39.557' as DateTime),	74,	'162200000000000',	NULL),
('6CF424DC-8EC3-E011-9B36-00155D033206',	'611C31E5-588E-4D20-97E9-CD31FD6C9C6C','52022558-8C00-4539-99FB-B647BC994D5E',	'109300',	',DIRETORIA REGIONAL DE EDUCACAO SAO MIGUEL',	    'MP',	NULL	,1, cast('2011-08-10 18:57:45.007' as Datetime), 	cast('2021-04-16 22:02:39.557' as DateTime),	46,	'163300000000000',	NULL),
('6CF424DC-8EC3-E011-9B36-00155D033206',	'2FC88528-6B2A-4D1D-9426-D672EFB50D40','52022558-8C00-4539-99FB-B647BC994D5E',	'108100',	',DIRETORIA REGIONAL DE EDUCACAO BUTANTA',	        'BT',	NULL	,1,	cast('2011-08-10 18:57:45.007' as Datetime), 	cast('2021-04-16 22:02:39.557' as DateTime),	40,	'162100000000000',	NULL),
('6CF424DC-8EC3-E011-9B36-00155D033206',	'F250B6B8-3160-44AA-902E-F4749978E13B','52022558-8C00-4539-99FB-B647BC994D5E',	'108800',	',DIRETORIA REGIONAL DE EDUCACAO JACANA/TREMEMBE',	'JT',	NULL	,1,	cast('2011-08-10 18:57:45.007' as Datetime), 	cast('2021-04-16 22:02:39.557' as DateTime),	85,	'162800000000000',	NULL);

INSERT INTO CoreSSO.dbo.SYS_UnidadeAdministrativa
           ([ent_id]
           ,[uad_id]
           ,[tua_id]
           ,[uad_codigo]
           ,[uad_nome]
           ,[uad_sigla]
           ,[uad_idSuperior]
           ,[uad_situacao]
           ,[uad_dataCriacao]
           ,[uad_dataAlteracao]
           ,[uad_integridade]
           ,[uad_codigoIntegracao]
           ,[uad_codigoInep])
     VALUES

('6CF424DC-8EC3-E011-9B36-00155D033206',	'127DB255-16A1-E111-BE16-00155D02E702',	'DC7CB255-16A1-E111-BE16-00155D02E702',	'70',	    'SANTANA'	                ,   NULL	,'F250B6B8-3160-44AA-902E-F4749978E13B',	1,  cast('2011-08-10 18:57:45.007' as Datetime), 	cast('2021-04-16 22:02:39.557' as DateTime),	0,	NULL,	        NULL ),
('6CF424DC-8EC3-E011-9B36-00155D033206',	'987EB255-16A1-E111-BE16-00155D02E702',	'DD7CB255-16A1-E111-BE16-00155D02E702',	'7001',	    'SANTANA SETOR 01'	        ,   NULL	,'127DB255-16A1-E111-BE16-00155D02E702',	1,  cast('2011-08-10 18:57:45.007' as Datetime), 	cast('2021-04-16 22:02:39.557' as DateTime),	0,	NULL	,        NULL),
('6CF424DC-8EC3-E011-9B36-00155D033206',	'31784075-A60D-4F36-A07C-3A8D72365BB0',	'E33EF3BA-E4CA-479E-85F1-ED10FD2C0579',	'094668',	'DERVILLE ALLEGRETTI, PROF.',	NULL	,'987EB255-16A1-E111-BE16-00155D02E702',	1,	cast('2011-08-10 18:57:45.007' as Datetime), 	cast('2021-04-16 22:02:39.557' as DateTime),	-18	,'162800000530000',	NULL);

INSERT INTO CoreSSO.dbo.SYS_UnidadeAdministrativa
           ([ent_id]
           ,[uad_id]
           ,[tua_id]
           ,[uad_codigo]
           ,[uad_nome]
           ,[uad_sigla]
           ,[uad_idSuperior]
           ,[uad_situacao]
           ,[uad_dataCriacao]
           ,[uad_dataAlteracao]
           ,[uad_integridade]
           ,[uad_codigoIntegracao]
           ,[uad_codigoInep])
     VALUES




('6CF424DC-8EC3-E011-9B36-00155D033206',	'E57CB255-16A1-E111-BE16-00155D02E702'	,'DC7CB255-16A1-E111-BE16-00155D02E702'	,'67'		,'RIO PEQUENO',	          			NULL	,'2FC88528-6B2A-4D1D-9426-D672EFB50D40',1	,cast('2011-08-10 18:57:45.007' as Datetime), 	cast('2021-04-16 22:02:39.557' as DateTime),	0	,NULL			,NULL) ,   
('6CF424DC-8EC3-E011-9B36-00155D033206',	'E87CB255-16A1-E111-BE16-00155D02E702'	,'DC7CB255-16A1-E111-BE16-00155D02E702'	,'19'		,'CAPAO REDONDO',					NULL	,'928EC473-F05E-426E-AF34-528539138D07',1	,cast('2011-08-10 18:57:45.007' as Datetime), 	cast('2021-04-16 22:02:39.557' as DateTime),	0	,NULL			,NULL) ,
('6CF424DC-8EC3-E011-9B36-00155D033206',	'EB7CB255-16A1-E111-BE16-00155D02E702'	,'DC7CB255-16A1-E111-BE16-00155D02E702'	,'83'		,'VILA ANDRADE',					NULL	,'928EC473-F05E-426E-AF34-528539138D07',1	,cast('2011-08-10 18:57:45.007' as Datetime), 	cast('2021-04-16 22:02:39.557' as DateTime),	0	,NULL			,NULL) ,
('6CF424DC-8EC3-E011-9B36-00155D033206',	'3D7DB255-16A1-E111-BE16-00155D02E702'	,'DC7CB255-16A1-E111-BE16-00155D02E702'	,'87'		,'VILA JACUI',						NULL	,'611C31E5-588E-4D20-97E9-CD31FD6C9C6C',1	,cast('2011-08-10 18:57:45.007' as Datetime), 	cast('2021-04-16 22:02:39.557' as DateTime),	0	,NULL			,NULL) ,
                                                                                                                                                                                                                                                                                                                                    
('6CF424DC-8EC3-E011-9B36-00155D033206',	'8F7DB255-16A1-E111-BE16-00155D02E702'	,'DD7CB255-16A1-E111-BE16-00155D02E702'	,'1904'	,'CAPAO REDONDO SETOR 04',				NULL	,'E87CB255-16A1-E111-BE16-00155D02E702',1	,cast('2011-08-10 18:57:45.007' as Datetime), 	cast('2021-04-16 22:02:39.557' as DateTime),	0	,NULL			,NULL),
('6CF424DC-8EC3-E011-9B36-00155D033206',	'917EB255-16A1-E111-BE16-00155D02E702'	,'DD7CB255-16A1-E111-BE16-00155D02E702'	,'6704'	,'RIO PEQUENO SETOR 04',				NULL	,'E57CB255-16A1-E111-BE16-00155D02E702',1	,cast('2011-08-10 18:57:45.007' as Datetime), 	cast('2021-04-16 22:02:39.557' as DateTime),	0	,NULL			,NULL),
--('6CF424DC-8EC3-E011-9B36-00155D033206',	'987EB255-16A1-E111-BE16-00155D02E702'	,'DD7CB255-16A1-E111-BE16-00155D02E702'	,'7001'	,'SANTANA SETOR 01',					NULL	,'127DB255-16A1-E111-BE16-00155D02E702',1	,cast('2011-08-10 18:57:45.007' as Datetime), 	cast('2021-04-16 22:02:39.557' as DateTime),	0	,NULL			,NULL),
('6CF424DC-8EC3-E011-9B36-00155D033206',	'9D7EB255-16A1-E111-BE16-00155D02E702'	,'DD7CB255-16A1-E111-BE16-00155D02E702'	,'7006'	,'SANTANA SETOR 06',					NULL	,'127DB255-16A1-E111-BE16-00155D02E702',1	,cast('2011-08-10 18:57:45.007' as Datetime), 	cast('2021-04-16 22:02:39.557' as DateTime),	0	,NULL			,NULL),
('6CF424DC-8EC3-E011-9B36-00155D033206',	'E47EB255-16A1-E111-BE16-00155D02E702'	,'DD7CB255-16A1-E111-BE16-00155D02E702'	,'8302'	,'VILA ANDRADE SETOR 02',				NULL	,'EB7CB255-16A1-E111-BE16-00155D02E702',1	,cast('2011-08-10 18:57:45.007' as Datetime), 	cast('2021-04-16 22:02:39.557' as DateTime),	0	,NULL			,NULL),
('6CF424DC-8EC3-E011-9B36-00155D033206',	'FA7EB255-16A1-E111-BE16-00155D02E702'	,'DD7CB255-16A1-E111-BE16-00155D02E702'	,'8703'	,'VILA JACUI SETOR 03',					NULL	,'3D7DB255-16A1-E111-BE16-00155D02E702',1	,cast('2011-08-10 18:57:45.007' as Datetime), 	cast('2021-04-16 22:02:39.557' as DateTime),	0	,NULL			,NULL),
                                                                                                                                                                                                                                                                                                                                    
('6CF424DC-8EC3-E011-9B36-00155D033206',	'7FC4FDF8-6D6F-4095-922A-7264BC9F7587'	,'E33EF3BA-E4CA-479E-85F1-ED10FD2C0579'	,'019375'	,'PARAISOPOLIS',					NULL	,'E47EB255-16A1-E111-BE16-00155D02E702',	1	,cast('2011-08-10 18:57:45.007' as Datetime), 	cast('2021-04-16 22:02:39.557' as DateTime),	-3	,'162200001810300',	NULL),
('6CF424DC-8EC3-E011-9B36-00155D033206',	'5262A2F0-5A7D-E211-B1FD-782BCB3D2D76'	,'E33EF3BA-E4CA-479E-85F1-ED10FD2C0579'	,'019493'	,'CAPAO REDONDO ',					NULL	,'8F7DB255-16A1-E111-BE16-00155D02E702',	1	,cast('2011-08-10 18:57:45.007' as Datetime), 	cast('2021-04-16 22:02:39.557' as DateTime),	-12	,'162200000020000',	NULL),
('6CF424DC-8EC3-E011-9B36-00155D033206',	'F60F7DB0-645D-E311-B1FE-782BCB3D2D76'	,'E33EF3BA-E4CA-479E-85F1-ED10FD2C0579'	,'019506'	,'MILTON PEREIRA COSTA',			NULL	,'FA7EB255-16A1-E111-BE16-00155D02E702',	1	,cast('2011-08-10 18:57:45.007' as Datetime), 	cast('2021-04-16 22:02:39.557' as DateTime),	-27	,'163300001280000',	NULL),
('6CF424DC-8EC3-E011-9B36-00155D033206',	'160B2929-0A46-480D-88E4-9954DF58CCEF'	,'E33EF3BA-E4CA-479E-85F1-ED10FD2C0579'	,'019262'	,'BUTANTA',							NULL	,'917EB255-16A1-E111-BE16-00155D02E702',	1	,cast('2011-08-10 18:57:45.007' as Datetime), 	cast('2021-04-16 22:02:39.557' as DateTime),	-30	,'162100000790200',	NULL),
('6CF424DC-8EC3-E011-9B36-00155D033206',	'DE5F6DCF-A26D-4830-AC28-CAB36C85D5B5'	,'E33EF3BA-E4CA-479E-85F1-ED10FD2C0579'	,'094765'	,'MAXIMO DE MOURA SANTOS, PROF.',	NULL	,'9D7EB255-16A1-E111-BE16-00155D02E702',	1	,cast('2011-08-10 18:57:45.007' as Datetime), 	cast('2021-04-16 22:02:39.557' as DateTime),	-39	,'162800000510000',	NULL),
('6CF424DC-8EC3-E011-9B36-00155D033206',	'1D019562-86B1-4108-8864-D5ED6E5BE2B5'	,'E33EF3BA-E4CA-479E-85F1-ED10FD2C0579'	,'017442'	,'ANTONIO SAMPAIO, VER.',			NULL	,'987EB255-16A1-E111-BE16-00155D02E702',	1	,cast('2011-08-10 18:57:45.007' as Datetime), 	cast('2021-04-16 22:02:39.557' as DateTime),	-5	,'162800000490000',	NULL);






INSERT INTO CoreSSO.dbo.SYS_UsuarioGrupoUA
           ([usu_id]
           ,[gru_id]
           ,[ugu_id]
           ,[ent_id]
           ,[uad_id])
     VALUES


('84B6C8B7-33E3-E111-A791-00155D02E702',	'42E1E074-37D6-E911-ABD6-F81654FE895D'	,'A5DB461E-ED7A-EB11-9CEB-782BCB3D2D76',	'6CF424DC-8EC3-E011-9B36-00155D033206'	,'5262A2F0-5A7D-E211-B1FD-782BCB3D2D76'), 
('DFCD02F5-3FE3-E111-A791-00155D02E702',	'48E1E074-37D6-E911-ABD6-F81654FE895D'	,'4D61D556-9442-EA11-815F-782BCB3D218E',	'6CF424DC-8EC3-E011-9B36-00155D033206'	,'928EC473-F05E-426E-AF34-528539138D07'),
('51B3664E-12F2-E111-A89D-00155D02E702',	'42E1E074-37D6-E911-ABD6-F81654FE895D'	,'3AE16BDD-D767-EB11-AB17-782BCB3D218E',	'6CF424DC-8EC3-E011-9B36-00155D033206'	,'7FC4FDF8-6D6F-4095-922A-7264BC9F7587'),
('8C31694E-12F2-E111-A89D-00155D02E702',	'42E1E074-37D6-E911-ABD6-F81654FE895D'	,'2C22287E-CE67-EB11-AB17-782BCB3D218E',	'6CF424DC-8EC3-E011-9B36-00155D033206'	,'5262A2F0-5A7D-E211-B1FD-782BCB3D2D76'),
('A0E16D4E-12F2-E111-A89D-00155D02E702',	'42E1E074-37D6-E911-ABD6-F81654FE895D'	,'A6A76446-596C-EB11-AB17-782BCB3D218E',	'6CF424DC-8EC3-E011-9B36-00155D033206'	,'31784075-A60D-4F36-A07C-3A8D72365BB0'),
('BFEA6D4E-12F2-E111-A89D-00155D02E702',	'48E1E074-37D6-E911-ABD6-F81654FE895D'	,'2AAB6A92-693C-EA11-815F-782BCB3D218E',	'6CF424DC-8EC3-E011-9B36-00155D033206'	,'F250B6B8-3160-44AA-902E-F4749978E13B'),
('BFEA6D4E-12F2-E111-A89D-00155D02E702',	'49E1E074-37D6-E911-ABD6-F81654FE895D'	,'C3DDA1B4-B69B-EB11-9CEB-782BCB3D2D76',	'6CF424DC-8EC3-E011-9B36-00155D033206'	,'F250B6B8-3160-44AA-902E-F4749978E13B'),
('43F06D4E-12F2-E111-A89D-00155D02E702',	'42E1E074-37D6-E911-ABD6-F81654FE895D'	,'B72FF882-1B3E-EA11-815F-782BCB3D218E',	'6CF424DC-8EC3-E011-9B36-00155D033206'	,'DE5F6DCF-A26D-4830-AC28-CAB36C85D5B5'),
('43F06D4E-12F2-E111-A89D-00155D02E702',	'48E1E074-37D6-E911-ABD6-F81654FE895D'	,'6AC21AE6-EAAF-EA11-BF08-782BCB3D2D76',	'6CF424DC-8EC3-E011-9B36-00155D033206'	,'F250B6B8-3160-44AA-902E-F4749978E13B'),
('3C0DA688-8A9D-E611-9541-782BCB3D218E',	'42E1E074-37D6-E911-ABD6-F81654FE895D'	,'F35FEA3D-E254-EA11-815F-782BCB3D218E',	'6CF424DC-8EC3-E011-9B36-00155D033206'	,'DE5F6DCF-A26D-4830-AC28-CAB36C85D5B5');


--- SYS_MODULO



INSERT INTO CoreSSO.dbo.SYS_Modulo
(sis_id, mod_id, mod_nome, mod_descricao, mod_idPai, mod_auditoria, mod_situacao, mod_dataCriacao, mod_dataAlteracao)
VALUES(1000, 16, 'Sondagem - Tela', NULL, NULL, 0, 1, '2019-12-20 10:27:46.760', '2019-12-20 10:27:46.760');
INSERT INTO CoreSSO.dbo.SYS_Modulo
(sis_id, mod_id, mod_nome, mod_descricao, mod_idPai, mod_auditoria, mod_situacao, mod_dataCriacao, mod_dataAlteracao)
VALUES(1000, 17, 'Sondagem - Relatório', NULL, NULL, 0, 1, '2019-12-20 10:27:46.760', '2019-12-20 10:27:46.760');
INSERT INTO CoreSSO.dbo.SYS_Modulo
(sis_id, mod_id, mod_nome, mod_descricao, mod_idPai, mod_auditoria, mod_situacao, mod_dataCriacao, mod_dataAlteracao)
VALUES(1000, 18, 'Atribuição CJ mesma UE', NULL, NULL, 0, 1, '2019-12-20 10:27:46.760', '2019-12-20 10:27:46.760');
INSERT INTO CoreSSO.dbo.SYS_Modulo
(sis_id, mod_id, mod_nome, mod_descricao, mod_idPai, mod_auditoria, mod_situacao, mod_dataCriacao, mod_dataAlteracao)
VALUES(1000, 19, 'Boletim', NULL, NULL, 0, 1, '2019-12-20 10:27:46.760', '2019-12-20 10:27:46.760');
INSERT INTO CoreSSO.dbo.SYS_Modulo
(sis_id, mod_id, mod_nome, mod_descricao, mod_idPai, mod_auditoria, mod_situacao, mod_dataCriacao, mod_dataAlteracao)
VALUES(1000, 20, 'Calendário Escolar', NULL, NULL, 0, 1, '2019-12-20 10:27:46.760', '2019-12-20 10:27:46.760');
INSERT INTO CoreSSO.dbo.SYS_Modulo
(sis_id, mod_id, mod_nome, mod_descricao, mod_idPai, mod_auditoria, mod_situacao, mod_dataCriacao, mod_dataAlteracao)
VALUES(1000, 22, 'Nota e Conceito', NULL, NULL, 0, 1, '2019-12-20 10:27:46.760', '2019-12-20 10:27:46.760');
INSERT INTO CoreSSO.dbo.SYS_Modulo
(sis_id, mod_id, mod_nome, mod_descricao, mod_idPai, mod_auditoria, mod_situacao, mod_dataCriacao, mod_dataAlteracao)
VALUES(1000, 23, 'Plano Anual e/ou Semestre ', NULL, NULL, 0, 1, '2019-12-20 10:27:46.760', '2019-12-20 10:27:46.760');
INSERT INTO CoreSSO.dbo.SYS_Modulo
(sis_id, mod_id, mod_nome, mod_descricao, mod_idPai, mod_auditoria, mod_situacao, mod_dataCriacao, mod_dataAlteracao)
VALUES(1000, 24, 'Frequência/Plano de aula', NULL, NULL, 0, 1, '2019-12-20 10:27:46.760', '2019-12-20 10:27:46.760');
INSERT INTO CoreSSO.dbo.SYS_Modulo
(sis_id, mod_id, mod_nome, mod_descricao, mod_idPai, mod_auditoria, mod_situacao, mod_dataCriacao, mod_dataAlteracao)
VALUES(1000, 25, 'Plano de ciclo', NULL, NULL, 0, 1, '2019-12-20 10:27:46.760', '2019-12-20 10:27:46.760');
INSERT INTO CoreSSO.dbo.SYS_Modulo
(sis_id, mod_id, mod_nome, mod_descricao, mod_idPai, mod_auditoria, mod_situacao, mod_dataCriacao, mod_dataAlteracao)
VALUES(1000, 26, 'Notificações', NULL, NULL, 0, 1, '2019-12-20 10:27:46.760', '2019-12-20 10:27:46.760');
INSERT INTO CoreSSO.dbo.SYS_Modulo
(sis_id, mod_id, mod_nome, mod_descricao, mod_idPai, mod_auditoria, mod_situacao, mod_dataCriacao, mod_dataAlteracao)
VALUES(1000, 28, 'Meus dados', NULL, NULL, 0, 1, '2019-12-20 10:27:46.760', '2019-12-20 10:27:46.760');
INSERT INTO CoreSSO.dbo.SYS_Modulo
(sis_id, mod_id, mod_nome, mod_descricao, mod_idPai, mod_auditoria, mod_situacao, mod_dataCriacao, mod_dataAlteracao)
VALUES(1000, 29, 'Relatórios', NULL, NULL, 0, 1, '2019-12-20 10:27:46.763', '2019-12-20 10:27:46.763');
INSERT INTO CoreSSO.dbo.SYS_Modulo
(sis_id, mod_id, mod_nome, mod_descricao, mod_idPai, mod_auditoria, mod_situacao, mod_dataCriacao, mod_dataAlteracao)
VALUES(1000, 30, 'Senha ', NULL, NULL, 0, 1, '2019-12-20 10:27:46.763', '2019-12-20 10:27:46.763');
INSERT INTO CoreSSO.dbo.SYS_Modulo
(sis_id, mod_id, mod_nome, mod_descricao, mod_idPai, mod_auditoria, mod_situacao, mod_dataCriacao, mod_dataAlteracao)
VALUES(1000, 31, 'Tipo Calendário Escolar', NULL, NULL, 0, 1, '2019-12-20 10:27:56.203', '2019-12-20 10:27:56.203');
INSERT INTO CoreSSO.dbo.SYS_Modulo
(sis_id, mod_id, mod_nome, mod_descricao, mod_idPai, mod_auditoria, mod_situacao, mod_dataCriacao, mod_dataAlteracao)
VALUES(1000, 32, 'Períodos Escolares', NULL, NULL, 0, 1, '2019-12-20 10:27:56.203', '2019-12-20 10:27:56.203');
INSERT INTO CoreSSO.dbo.SYS_Modulo
(sis_id, mod_id, mod_nome, mod_descricao, mod_idPai, mod_auditoria, mod_situacao, mod_dataCriacao, mod_dataAlteracao)
VALUES(1000, 33, 'Períodos de Fechamento (Abertura)', NULL, NULL, 0, 1, '2019-12-20 10:27:56.203', '2019-12-20 10:27:56.203');
INSERT INTO CoreSSO.dbo.SYS_Modulo
(sis_id, mod_id, mod_nome, mod_descricao, mod_idPai, mod_auditoria, mod_situacao, mod_dataCriacao, mod_dataAlteracao)
VALUES(1000, 34, 'Períodos de Fechamento (Reabertura)', NULL, NULL, 0, 1, '2019-12-20 10:27:56.203', '2019-12-20 10:27:56.203');
INSERT INTO CoreSSO.dbo.SYS_Modulo
(sis_id, mod_id, mod_nome, mod_descricao, mod_idPai, mod_auditoria, mod_situacao, mod_dataCriacao, mod_dataAlteracao)
VALUES(1000, 35, 'Tipo de Feriado', NULL, NULL, 0, 1, '2019-12-20 10:27:56.203', '2019-12-20 10:27:56.203');
INSERT INTO CoreSSO.dbo.SYS_Modulo
(sis_id, mod_id, mod_nome, mod_descricao, mod_idPai, mod_auditoria, mod_situacao, mod_dataCriacao, mod_dataAlteracao)
VALUES(1000, 36, 'Tipo de Evento', NULL, NULL, 0, 1, '2019-12-20 10:27:56.203', '2019-12-20 10:27:56.203');
INSERT INTO CoreSSO.dbo.SYS_Modulo
(sis_id, mod_id, mod_nome, mod_descricao, mod_idPai, mod_auditoria, mod_situacao, mod_dataCriacao, mod_dataAlteracao)
VALUES(1000, 37, 'Eventos', NULL, NULL, 0, 1, '2019-12-20 10:27:56.203', '2019-12-20 10:27:56.203');
INSERT INTO CoreSSO.dbo.SYS_Modulo
(sis_id, mod_id, mod_nome, mod_descricao, mod_idPai, mod_auditoria, mod_situacao, mod_dataCriacao, mod_dataAlteracao)
VALUES(1000, 39, 'Atribuição Esporádica', NULL, NULL, 0, 1, '2019-12-20 10:27:56.207', '2019-12-20 10:27:56.207');
INSERT INTO CoreSSO.dbo.SYS_Modulo
(sis_id, mod_id, mod_nome, mod_descricao, mod_idPai, mod_auditoria, mod_situacao, mod_dataCriacao, mod_dataAlteracao)
VALUES(1000, 40, 'Atribuição de Supervisor', NULL, NULL, 0, 1, '2019-12-20 10:27:56.207', '2019-12-20 10:27:56.207');
INSERT INTO CoreSSO.dbo.SYS_Modulo
(sis_id, mod_id, mod_nome, mod_descricao, mod_idPai, mod_auditoria, mod_situacao, mod_dataCriacao, mod_dataAlteracao)
VALUES(1000, 41, 'Registro POA', NULL, NULL, 0, 1, '2019-12-20 10:27:56.207', '2019-12-20 10:27:56.207');
INSERT INTO CoreSSO.dbo.SYS_Modulo
(sis_id, mod_id, mod_nome, mod_descricao, mod_idPai, mod_auditoria, mod_situacao, mod_dataCriacao, mod_dataAlteracao)
VALUES(1000, 42, 'Calendário do Professor', NULL, NULL, 0, 1, '2019-12-20 10:27:56.207', '2019-12-20 10:27:56.207');
INSERT INTO CoreSSO.dbo.SYS_Modulo
(sis_id, mod_id, mod_nome, mod_descricao, mod_idPai, mod_auditoria, mod_situacao, mod_dataCriacao, mod_dataAlteracao)
VALUES(1000, 43, 'Tipo de Avaliação', NULL, NULL, 0, 1, '2020-01-17 14:25:22.013', '2020-01-17 14:25:22.013');
INSERT INTO CoreSSO.dbo.SYS_Modulo
(sis_id, mod_id, mod_nome, mod_descricao, mod_idPai, mod_auditoria, mod_situacao, mod_dataCriacao, mod_dataAlteracao)
VALUES(1000, 44, 'Aulas Dadas X Aulas Previstas', NULL, NULL, 0, 1, '2020-02-04 10:15:25.200', '2020-02-04 10:15:25.200');
INSERT INTO CoreSSO.dbo.SYS_Modulo
(sis_id, mod_id, mod_nome, mod_descricao, mod_idPai, mod_auditoria, mod_situacao, mod_dataCriacao, mod_dataAlteracao)
VALUES(1000, 46, 'Compensação de ausência', NULL, NULL, 0, 1, '2020-05-27 19:22:23.387', '2020-05-27 19:22:23.387');
INSERT INTO CoreSSO.dbo.SYS_Modulo
(sis_id, mod_id, mod_nome, mod_descricao, mod_idPai, mod_auditoria, mod_situacao, mod_dataCriacao, mod_dataAlteracao)
VALUES(1000, 47, 'Fechamento de Bimestre', NULL, NULL, 0, 1, '2020-05-28 12:18:36.720', '2020-05-28 12:18:36.720');
INSERT INTO CoreSSO.dbo.SYS_Modulo
(sis_id, mod_id, mod_nome, mod_descricao, mod_idPai, mod_auditoria, mod_situacao, mod_dataCriacao, mod_dataAlteracao)
VALUES(1000, 48, 'Relatório de Acompanhamento PAP', NULL, NULL, 0, 1, '2020-02-19 16:25:35.363', '2020-02-19 16:25:35.363');
INSERT INTO CoreSSO.dbo.SYS_Modulo
(sis_id, mod_id, mod_nome, mod_descricao, mod_idPai, mod_auditoria, mod_situacao, mod_dataCriacao, mod_dataAlteracao)
VALUES(1000, 49, 'Resumos e Gráficos PAP', NULL, NULL, 0, 1, '2020-02-19 16:25:35.363', '2020-02-19 16:25:35.363');
INSERT INTO CoreSSO.dbo.SYS_Modulo
(sis_id, mod_id, mod_nome, mod_descricao, mod_idPai, mod_auditoria, mod_situacao, mod_dataCriacao, mod_dataAlteracao)
VALUES(1000, 50, 'Análise e cancelamento de pendências', NULL, NULL, 0, 1, '2020-05-28 12:18:36.740', '2020-05-28 12:18:36.740');
INSERT INTO CoreSSO.dbo.SYS_Modulo
(sis_id, mod_id, mod_nome, mod_descricao, mod_idPai, mod_auditoria, mod_situacao, mod_dataCriacao, mod_dataAlteracao)
VALUES(1000, 51, 'Planejamento Território', NULL, NULL, 0, 1, '2020-08-26 11:09:41.623', '2020-08-26 11:09:41.623');
INSERT INTO CoreSSO.dbo.SYS_Modulo
(sis_id, mod_id, mod_nome, mod_descricao, mod_idPai, mod_auditoria, mod_situacao, mod_dataCriacao, mod_dataAlteracao)
VALUES(1000, 52, 'Conselho de Classe', NULL, NULL, 0, 1, '2020-05-28 12:18:36.740', '2020-05-28 12:18:36.740');
INSERT INTO CoreSSO.dbo.SYS_Modulo
(sis_id, mod_id, mod_nome, mod_descricao, mod_idPai, mod_auditoria, mod_situacao, mod_dataCriacao, mod_dataAlteracao)
VALUES(1000, 53, 'Comunicados', NULL, NULL, 0, 1, '2020-08-26 10:40:19.077', '2020-08-26 10:40:19.077');
INSERT INTO CoreSSO.dbo.SYS_Modulo
(sis_id, mod_id, mod_nome, mod_descricao, mod_idPai, mod_auditoria, mod_situacao, mod_dataCriacao, mod_dataAlteracao)
VALUES(1000, 54, 'Relatório semestral PAP', NULL, NULL, 0, 1, '2020-08-26 10:42:24.720', '2020-08-26 10:42:24.720');
INSERT INTO CoreSSO.dbo.SYS_Modulo
(sis_id, mod_id, mod_nome, mod_descricao, mod_idPai, mod_auditoria, mod_situacao, mod_dataCriacao, mod_dataAlteracao)
VALUES(1000, 55, 'Ata de Conselho', NULL, NULL, 0, 1, '2020-08-26 10:42:38.400', '2020-08-26 10:42:38.400');
INSERT INTO CoreSSO.dbo.SYS_Modulo
(sis_id, mod_id, mod_nome, mod_descricao, mod_idPai, mod_auditoria, mod_situacao, mod_dataCriacao, mod_dataAlteracao)
VALUES(1000, 56, 'Histórico Escolar', NULL, NULL, 0, 1, '2020-08-26 10:48:16.663', '2020-08-26 10:48:16.663');
INSERT INTO CoreSSO.dbo.SYS_Modulo
(sis_id, mod_id, mod_nome, mod_descricao, mod_idPai, mod_auditoria, mod_situacao, mod_dataCriacao, mod_dataAlteracao)
VALUES(1000, 57, 'Diário de Bordo', NULL, NULL, 0, 1, '2020-08-26 10:54:25.443', '2020-08-26 10:54:25.443');
INSERT INTO CoreSSO.dbo.SYS_Modulo
(sis_id, mod_id, mod_nome, mod_descricao, mod_idPai, mod_auditoria, mod_situacao, mod_dataCriacao, mod_dataAlteracao)
VALUES(1000, 58, 'Carta de Intenções', NULL, NULL, 0, 1, '2020-08-26 10:55:08.450', '2020-08-26 10:55:08.450');
INSERT INTO CoreSSO.dbo.SYS_Modulo
(sis_id, mod_id, mod_nome, mod_descricao, mod_idPai, mod_auditoria, mod_situacao, mod_dataCriacao, mod_dataAlteracao)
VALUES(1000, 59, 'Devolutiva', NULL, NULL, 0, 1, '2020-11-24 15:07:20.570', '2020-11-24 15:07:20.570');
INSERT INTO CoreSSO.dbo.SYS_Modulo
(sis_id, mod_id, mod_nome, mod_descricao, mod_idPai, mod_auditoria, mod_situacao, mod_dataCriacao, mod_dataAlteracao)
VALUES(1000, 60, 'Relatório Controle de Grade', NULL, NULL, 0, 1, '2020-11-24 15:07:20.570', '2020-11-24 15:07:20.570');
INSERT INTO CoreSSO.dbo.SYS_Modulo
(sis_id, mod_id, mod_nome, mod_descricao, mod_idPai, mod_auditoria, mod_situacao, mod_dataCriacao, mod_dataAlteracao)
VALUES(1000, 61, 'Documentos e planos de trabalho', NULL, NULL, 0, 1, '2020-11-24 15:07:20.573', '2020-11-24 15:07:20.573');
INSERT INTO CoreSSO.dbo.SYS_Modulo
(sis_id, mod_id, mod_nome, mod_descricao, mod_idPai, mod_auditoria, mod_situacao, mod_dataCriacao, mod_dataAlteracao)
VALUES(1000, 62, 'Dashboard Escola aqui', NULL, NULL, 0, 1, '2020-11-24 15:07:20.573', '2020-11-24 15:07:20.573');
INSERT INTO CoreSSO.dbo.SYS_Modulo
(sis_id, mod_id, mod_nome, mod_descricao, mod_idPai, mod_auditoria, mod_situacao, mod_dataCriacao, mod_dataAlteracao)
VALUES(1000, 63, 'Relatório de Usuários', NULL, NULL, 0, 1, '2020-11-24 15:07:20.573', '2020-11-24 15:07:20.573');
INSERT INTO CoreSSO.dbo.SYS_Modulo
(sis_id, mod_id, mod_nome, mod_descricao, mod_idPai, mod_auditoria, mod_situacao, mod_dataCriacao, mod_dataAlteracao)
VALUES(1000, 64, 'Relatório de Notificações', NULL, NULL, 0, 1, '2020-11-24 15:07:20.573', '2020-11-24 15:07:20.573');
INSERT INTO CoreSSO.dbo.SYS_Modulo
(sis_id, mod_id, mod_nome, mod_descricao, mod_idPai, mod_auditoria, mod_situacao, mod_dataCriacao, mod_dataAlteracao)
VALUES(1000, 65, 'Relatório de Leitura de Comunicados', NULL, NULL, 0, 1, '2020-12-17 09:06:32.270', '2020-12-17 09:06:32.270');
INSERT INTO CoreSSO.dbo.SYS_Modulo
(sis_id, mod_id, mod_nome, mod_descricao, mod_idPai, mod_auditoria, mod_situacao, mod_dataCriacao, mod_dataAlteracao)
VALUES(1000, 66, 'Relatório de Leitura de Comunicados', NULL, NULL, 0, 1, '2020-12-17 09:06:50.827', '2020-12-17 09:06:50.827');
INSERT INTO CoreSSO.dbo.SYS_Modulo
(sis_id, mod_id, mod_nome, mod_descricao, mod_idPai, mod_auditoria, mod_situacao, mod_dataCriacao, mod_dataAlteracao)
VALUES(1000, 67, 'Relatório de Adesão', NULL, NULL, 0, 1, '2021-01-22 17:18:52.690', '2021-01-22 17:18:52.690');
INSERT INTO CoreSSO.dbo.SYS_Modulo
(sis_id, mod_id, mod_nome, mod_descricao, mod_idPai, mod_auditoria, mod_situacao, mod_dataCriacao, mod_dataAlteracao)
VALUES(1000, 68, 'Relatório Planejamento Diário', NULL, NULL, 0, 1, '2021-01-22 17:19:58.020', '2021-01-22 17:19:58.020');
INSERT INTO CoreSSO.dbo.SYS_Modulo
(sis_id, mod_id, mod_nome, mod_descricao, mod_idPai, mod_auditoria, mod_situacao, mod_dataCriacao, mod_dataAlteracao)
VALUES(1000, 69, 'Registro Individual', NULL, NULL, 0, 1, '2021-01-22 17:20:25.470', '2021-01-22 17:20:25.470');
INSERT INTO CoreSSO.dbo.SYS_Modulo
(sis_id, mod_id, mod_nome, mod_descricao, mod_idPai, mod_auditoria, mod_situacao, mod_dataCriacao, mod_dataAlteracao)
VALUES(1000, 70, 'Ocorrências', NULL, NULL, 0, 1, '2021-01-22 17:21:14.340', '2021-01-22 17:21:14.340');
INSERT INTO CoreSSO.dbo.SYS_Modulo
(sis_id, mod_id, mod_nome, mod_descricao, mod_idPai, mod_auditoria, mod_situacao, mod_dataCriacao, mod_dataAlteracao)
VALUES(1000, 71, 'Dashboard Escola aqui', NULL, NULL, 0, 1, '2021-01-22 20:05:06.097', '2021-01-22 20:05:06.097');




---  SYS_VisaoModulo

INSERT INTO CORESSO.dbo.SYS_VisaoModulo
(vis_id, sis_id, mod_id)
VALUES(1, 1000, 16);
INSERT INTO CORESSO.dbo.SYS_VisaoModulo
(vis_id, sis_id, mod_id)
VALUES(1, 1000, 17);
INSERT INTO CORESSO.dbo.SYS_VisaoModulo
(vis_id, sis_id, mod_id)
VALUES(1, 1000, 18);
INSERT INTO CORESSO.dbo.SYS_VisaoModulo
(vis_id, sis_id, mod_id)
VALUES(1, 1000, 19);
INSERT INTO CORESSO.dbo.SYS_VisaoModulo
(vis_id, sis_id, mod_id)
VALUES(1, 1000, 20);
INSERT INTO CORESSO.dbo.SYS_VisaoModulo
(vis_id, sis_id, mod_id)
VALUES(1, 1000, 22);
INSERT INTO CORESSO.dbo.SYS_VisaoModulo
(vis_id, sis_id, mod_id)
VALUES(1, 1000, 23);
INSERT INTO CORESSO.dbo.SYS_VisaoModulo
(vis_id, sis_id, mod_id)
VALUES(1, 1000, 24);
INSERT INTO CORESSO.dbo.SYS_VisaoModulo
(vis_id, sis_id, mod_id)
VALUES(1, 1000, 25);
INSERT INTO CORESSO.dbo.SYS_VisaoModulo
(vis_id, sis_id, mod_id)
VALUES(1, 1000, 26);
INSERT INTO CORESSO.dbo.SYS_VisaoModulo
(vis_id, sis_id, mod_id)
VALUES(1, 1000, 28);
INSERT INTO CORESSO.dbo.SYS_VisaoModulo
(vis_id, sis_id, mod_id)
VALUES(1, 1000, 29);
INSERT INTO CORESSO.dbo.SYS_VisaoModulo
(vis_id, sis_id, mod_id)
VALUES(1, 1000, 30);
INSERT INTO CORESSO.dbo.SYS_VisaoModulo
(vis_id, sis_id, mod_id)
VALUES(1, 1000, 31);
INSERT INTO CORESSO.dbo.SYS_VisaoModulo
(vis_id, sis_id, mod_id)
VALUES(1, 1000, 32);
INSERT INTO CORESSO.dbo.SYS_VisaoModulo
(vis_id, sis_id, mod_id)
VALUES(1, 1000, 33);
INSERT INTO CORESSO.dbo.SYS_VisaoModulo
(vis_id, sis_id, mod_id)
VALUES(1, 1000, 34);
INSERT INTO CORESSO.dbo.SYS_VisaoModulo
(vis_id, sis_id, mod_id)
VALUES(1, 1000, 35);
INSERT INTO CORESSO.dbo.SYS_VisaoModulo
(vis_id, sis_id, mod_id)
VALUES(1, 1000, 36);
INSERT INTO CORESSO.dbo.SYS_VisaoModulo
(vis_id, sis_id, mod_id)
VALUES(1, 1000, 37);
INSERT INTO CORESSO.dbo.SYS_VisaoModulo
(vis_id, sis_id, mod_id)
VALUES(1, 1000, 39);
INSERT INTO CORESSO.dbo.SYS_VisaoModulo
(vis_id, sis_id, mod_id)
VALUES(1, 1000, 40);
INSERT INTO CORESSO.dbo.SYS_VisaoModulo
(vis_id, sis_id, mod_id)
VALUES(1, 1000, 41);
INSERT INTO CORESSO.dbo.SYS_VisaoModulo
(vis_id, sis_id, mod_id)
VALUES(1, 1000, 42);
INSERT INTO CORESSO.dbo.SYS_VisaoModulo
(vis_id, sis_id, mod_id)
VALUES(1, 1000, 43);
INSERT INTO CORESSO.dbo.SYS_VisaoModulo
(vis_id, sis_id, mod_id)
VALUES(1, 1000, 44);
INSERT INTO CORESSO.dbo.SYS_VisaoModulo
(vis_id, sis_id, mod_id)
VALUES(1, 1000, 46);
INSERT INTO CORESSO.dbo.SYS_VisaoModulo
(vis_id, sis_id, mod_id)
VALUES(1, 1000, 47);
INSERT INTO CORESSO.dbo.SYS_VisaoModulo
(vis_id, sis_id, mod_id)
VALUES(1, 1000, 48);
INSERT INTO CORESSO.dbo.SYS_VisaoModulo
(vis_id, sis_id, mod_id)
VALUES(1, 1000, 49);
INSERT INTO CORESSO.dbo.SYS_VisaoModulo
(vis_id, sis_id, mod_id)
VALUES(1, 1000, 50);
INSERT INTO CORESSO.dbo.SYS_VisaoModulo
(vis_id, sis_id, mod_id)
VALUES(1, 1000, 51);
INSERT INTO CORESSO.dbo.SYS_VisaoModulo
(vis_id, sis_id, mod_id)
VALUES(1, 1000, 52);
INSERT INTO CORESSO.dbo.SYS_VisaoModulo
(vis_id, sis_id, mod_id)
VALUES(1, 1000, 53);
INSERT INTO CORESSO.dbo.SYS_VisaoModulo
(vis_id, sis_id, mod_id)
VALUES(1, 1000, 54);
INSERT INTO CORESSO.dbo.SYS_VisaoModulo
(vis_id, sis_id, mod_id)
VALUES(1, 1000, 55);
INSERT INTO CORESSO.dbo.SYS_VisaoModulo
(vis_id, sis_id, mod_id)
VALUES(1, 1000, 56);
INSERT INTO CORESSO.dbo.SYS_VisaoModulo
(vis_id, sis_id, mod_id)
VALUES(1, 1000, 57);
INSERT INTO CORESSO.dbo.SYS_VisaoModulo
(vis_id, sis_id, mod_id)
VALUES(1, 1000, 58);
INSERT INTO CORESSO.dbo.SYS_VisaoModulo
(vis_id, sis_id, mod_id)
VALUES(1, 1000, 59);
INSERT INTO CORESSO.dbo.SYS_VisaoModulo
(vis_id, sis_id, mod_id)
VALUES(1, 1000, 60);
INSERT INTO CORESSO.dbo.SYS_VisaoModulo
(vis_id, sis_id, mod_id)
VALUES(1, 1000, 61);
INSERT INTO CORESSO.dbo.SYS_VisaoModulo
(vis_id, sis_id, mod_id)
VALUES(1, 1000, 62);
INSERT INTO CORESSO.dbo.SYS_VisaoModulo
(vis_id, sis_id, mod_id)
VALUES(1, 1000, 63);
INSERT INTO CORESSO.dbo.SYS_VisaoModulo
(vis_id, sis_id, mod_id)
VALUES(1, 1000, 64);
INSERT INTO CORESSO.dbo.SYS_VisaoModulo
(vis_id, sis_id, mod_id)
VALUES(1, 1000, 65);
INSERT INTO CORESSO.dbo.SYS_VisaoModulo
(vis_id, sis_id, mod_id)
VALUES(1, 1000, 66);
INSERT INTO CORESSO.dbo.SYS_VisaoModulo
(vis_id, sis_id, mod_id)
VALUES(1, 1000, 67);
INSERT INTO CORESSO.dbo.SYS_VisaoModulo
(vis_id, sis_id, mod_id)
VALUES(1, 1000, 68);
INSERT INTO CORESSO.dbo.SYS_VisaoModulo
(vis_id, sis_id, mod_id)
VALUES(1, 1000, 69);
INSERT INTO CORESSO.dbo.SYS_VisaoModulo
(vis_id, sis_id, mod_id)
VALUES(1, 1000, 70);
INSERT INTO CORESSO.dbo.SYS_VisaoModulo
(vis_id, sis_id, mod_id)
VALUES(2, 1000, 16);
INSERT INTO CORESSO.dbo.SYS_VisaoModulo
(vis_id, sis_id, mod_id)
VALUES(2, 1000, 17);
INSERT INTO CORESSO.dbo.SYS_VisaoModulo
(vis_id, sis_id, mod_id)
VALUES(2, 1000, 18);
INSERT INTO CORESSO.dbo.SYS_VisaoModulo
(vis_id, sis_id, mod_id)
VALUES(2, 1000, 19);
INSERT INTO CORESSO.dbo.SYS_VisaoModulo
(vis_id, sis_id, mod_id)
VALUES(2, 1000, 20);
INSERT INTO CORESSO.dbo.SYS_VisaoModulo
(vis_id, sis_id, mod_id)
VALUES(2, 1000, 22);
INSERT INTO CORESSO.dbo.SYS_VisaoModulo
(vis_id, sis_id, mod_id)
VALUES(2, 1000, 23);
INSERT INTO CORESSO.dbo.SYS_VisaoModulo
(vis_id, sis_id, mod_id)
VALUES(2, 1000, 24);
INSERT INTO CORESSO.dbo.SYS_VisaoModulo
(vis_id, sis_id, mod_id)
VALUES(2, 1000, 25);
INSERT INTO CORESSO.dbo.SYS_VisaoModulo
(vis_id, sis_id, mod_id)
VALUES(2, 1000, 26);
INSERT INTO CORESSO.dbo.SYS_VisaoModulo
(vis_id, sis_id, mod_id)
VALUES(2, 1000, 28);
INSERT INTO CORESSO.dbo.SYS_VisaoModulo
(vis_id, sis_id, mod_id)
VALUES(2, 1000, 29);
INSERT INTO CORESSO.dbo.SYS_VisaoModulo
(vis_id, sis_id, mod_id)
VALUES(2, 1000, 30);
INSERT INTO CORESSO.dbo.SYS_VisaoModulo
(vis_id, sis_id, mod_id)
VALUES(2, 1000, 31);
INSERT INTO CORESSO.dbo.SYS_VisaoModulo
(vis_id, sis_id, mod_id)
VALUES(2, 1000, 32);
INSERT INTO CORESSO.dbo.SYS_VisaoModulo
(vis_id, sis_id, mod_id)
VALUES(2, 1000, 33);
INSERT INTO CORESSO.dbo.SYS_VisaoModulo
(vis_id, sis_id, mod_id)
VALUES(2, 1000, 34);
INSERT INTO CORESSO.dbo.SYS_VisaoModulo
(vis_id, sis_id, mod_id)
VALUES(2, 1000, 35);
INSERT INTO CORESSO.dbo.SYS_VisaoModulo
(vis_id, sis_id, mod_id)
VALUES(2, 1000, 36);
INSERT INTO CORESSO.dbo.SYS_VisaoModulo
(vis_id, sis_id, mod_id)
VALUES(2, 1000, 37);
INSERT INTO CORESSO.dbo.SYS_VisaoModulo
(vis_id, sis_id, mod_id)
VALUES(2, 1000, 39);
INSERT INTO CORESSO.dbo.SYS_VisaoModulo
(vis_id, sis_id, mod_id)
VALUES(2, 1000, 40);
INSERT INTO CORESSO.dbo.SYS_VisaoModulo
(vis_id, sis_id, mod_id)
VALUES(2, 1000, 41);
INSERT INTO CORESSO.dbo.SYS_VisaoModulo
(vis_id, sis_id, mod_id)
VALUES(2, 1000, 42);
INSERT INTO CORESSO.dbo.SYS_VisaoModulo
(vis_id, sis_id, mod_id)
VALUES(2, 1000, 43);
INSERT INTO CORESSO.dbo.SYS_VisaoModulo
(vis_id, sis_id, mod_id)
VALUES(2, 1000, 44);
INSERT INTO CORESSO.dbo.SYS_VisaoModulo
(vis_id, sis_id, mod_id)
VALUES(2, 1000, 46);
INSERT INTO CORESSO.dbo.SYS_VisaoModulo
(vis_id, sis_id, mod_id)
VALUES(2, 1000, 47);
INSERT INTO CORESSO.dbo.SYS_VisaoModulo
(vis_id, sis_id, mod_id)
VALUES(2, 1000, 48);
INSERT INTO CORESSO.dbo.SYS_VisaoModulo
(vis_id, sis_id, mod_id)
VALUES(2, 1000, 49);
INSERT INTO CORESSO.dbo.SYS_VisaoModulo
(vis_id, sis_id, mod_id)
VALUES(2, 1000, 50);
INSERT INTO CORESSO.dbo.SYS_VisaoModulo
(vis_id, sis_id, mod_id)
VALUES(2, 1000, 51);
INSERT INTO CORESSO.dbo.SYS_VisaoModulo
(vis_id, sis_id, mod_id)
VALUES(2, 1000, 52);
INSERT INTO CORESSO.dbo.SYS_VisaoModulo
(vis_id, sis_id, mod_id)
VALUES(2, 1000, 53);
INSERT INTO CORESSO.dbo.SYS_VisaoModulo
(vis_id, sis_id, mod_id)
VALUES(2, 1000, 54);
INSERT INTO CORESSO.dbo.SYS_VisaoModulo
(vis_id, sis_id, mod_id)
VALUES(2, 1000, 55);
INSERT INTO CORESSO.dbo.SYS_VisaoModulo
(vis_id, sis_id, mod_id)
VALUES(2, 1000, 56);
INSERT INTO CORESSO.dbo.SYS_VisaoModulo
(vis_id, sis_id, mod_id)
VALUES(2, 1000, 57);
INSERT INTO CORESSO.dbo.SYS_VisaoModulo
(vis_id, sis_id, mod_id)
VALUES(2, 1000, 58);
INSERT INTO CORESSO.dbo.SYS_VisaoModulo
(vis_id, sis_id, mod_id)
VALUES(2, 1000, 59);
INSERT INTO CORESSO.dbo.SYS_VisaoModulo
(vis_id, sis_id, mod_id)
VALUES(2, 1000, 60);
INSERT INTO CORESSO.dbo.SYS_VisaoModulo
(vis_id, sis_id, mod_id)
VALUES(2, 1000, 61);
INSERT INTO CORESSO.dbo.SYS_VisaoModulo
(vis_id, sis_id, mod_id)
VALUES(2, 1000, 62);
INSERT INTO CORESSO.dbo.SYS_VisaoModulo
(vis_id, sis_id, mod_id)
VALUES(2, 1000, 63);
INSERT INTO CORESSO.dbo.SYS_VisaoModulo
(vis_id, sis_id, mod_id)
VALUES(2, 1000, 64);
INSERT INTO CORESSO.dbo.SYS_VisaoModulo
(vis_id, sis_id, mod_id)
VALUES(2, 1000, 65);
INSERT INTO CORESSO.dbo.SYS_VisaoModulo
(vis_id, sis_id, mod_id)
VALUES(2, 1000, 66);
INSERT INTO CORESSO.dbo.SYS_VisaoModulo
(vis_id, sis_id, mod_id)
VALUES(2, 1000, 67);
INSERT INTO CORESSO.dbo.SYS_VisaoModulo
(vis_id, sis_id, mod_id)
VALUES(2, 1000, 68);
INSERT INTO CORESSO.dbo.SYS_VisaoModulo
(vis_id, sis_id, mod_id)
VALUES(2, 1000, 69);
INSERT INTO CORESSO.dbo.SYS_VisaoModulo
(vis_id, sis_id, mod_id)
VALUES(2, 1000, 70);
INSERT INTO CORESSO.dbo.SYS_VisaoModulo
(vis_id, sis_id, mod_id)
VALUES(3, 1000, 16);
INSERT INTO CORESSO.dbo.SYS_VisaoModulo
(vis_id, sis_id, mod_id)
VALUES(3, 1000, 17);
INSERT INTO CORESSO.dbo.SYS_VisaoModulo
(vis_id, sis_id, mod_id)
VALUES(3, 1000, 18);
INSERT INTO CORESSO.dbo.SYS_VisaoModulo
(vis_id, sis_id, mod_id)
VALUES(3, 1000, 19);
INSERT INTO CORESSO.dbo.SYS_VisaoModulo
(vis_id, sis_id, mod_id)
VALUES(3, 1000, 20);
INSERT INTO CORESSO.dbo.SYS_VisaoModulo
(vis_id, sis_id, mod_id)
VALUES(3, 1000, 22);
INSERT INTO CORESSO.dbo.SYS_VisaoModulo
(vis_id, sis_id, mod_id)
VALUES(3, 1000, 23);
INSERT INTO CORESSO.dbo.SYS_VisaoModulo
(vis_id, sis_id, mod_id)
VALUES(3, 1000, 24);
INSERT INTO CORESSO.dbo.SYS_VisaoModulo
(vis_id, sis_id, mod_id)
VALUES(3, 1000, 25);
INSERT INTO CORESSO.dbo.SYS_VisaoModulo
(vis_id, sis_id, mod_id)
VALUES(3, 1000, 26);
INSERT INTO CORESSO.dbo.SYS_VisaoModulo
(vis_id, sis_id, mod_id)
VALUES(3, 1000, 28);
INSERT INTO CORESSO.dbo.SYS_VisaoModulo
(vis_id, sis_id, mod_id)
VALUES(3, 1000, 29);
INSERT INTO CORESSO.dbo.SYS_VisaoModulo
(vis_id, sis_id, mod_id)
VALUES(3, 1000, 30);
INSERT INTO CORESSO.dbo.SYS_VisaoModulo
(vis_id, sis_id, mod_id)
VALUES(3, 1000, 31);
INSERT INTO CORESSO.dbo.SYS_VisaoModulo
(vis_id, sis_id, mod_id)
VALUES(3, 1000, 32);
INSERT INTO CORESSO.dbo.SYS_VisaoModulo
(vis_id, sis_id, mod_id)
VALUES(3, 1000, 33);
INSERT INTO CORESSO.dbo.SYS_VisaoModulo
(vis_id, sis_id, mod_id)
VALUES(3, 1000, 34);
INSERT INTO CORESSO.dbo.SYS_VisaoModulo
(vis_id, sis_id, mod_id)
VALUES(3, 1000, 35);
INSERT INTO CORESSO.dbo.SYS_VisaoModulo
(vis_id, sis_id, mod_id)
VALUES(3, 1000, 36);
INSERT INTO CORESSO.dbo.SYS_VisaoModulo
(vis_id, sis_id, mod_id)
VALUES(3, 1000, 37);
INSERT INTO CORESSO.dbo.SYS_VisaoModulo
(vis_id, sis_id, mod_id)
VALUES(3, 1000, 39);
INSERT INTO CORESSO.dbo.SYS_VisaoModulo
(vis_id, sis_id, mod_id)
VALUES(3, 1000, 40);
INSERT INTO CORESSO.dbo.SYS_VisaoModulo
(vis_id, sis_id, mod_id)
VALUES(3, 1000, 41);
INSERT INTO CORESSO.dbo.SYS_VisaoModulo
(vis_id, sis_id, mod_id)
VALUES(3, 1000, 42);
INSERT INTO CORESSO.dbo.SYS_VisaoModulo
(vis_id, sis_id, mod_id)
VALUES(3, 1000, 43);
INSERT INTO CORESSO.dbo.SYS_VisaoModulo
(vis_id, sis_id, mod_id)
VALUES(3, 1000, 44);
INSERT INTO CORESSO.dbo.SYS_VisaoModulo
(vis_id, sis_id, mod_id)
VALUES(3, 1000, 46);
INSERT INTO CORESSO.dbo.SYS_VisaoModulo
(vis_id, sis_id, mod_id)
VALUES(3, 1000, 47);
INSERT INTO CORESSO.dbo.SYS_VisaoModulo
(vis_id, sis_id, mod_id)
VALUES(3, 1000, 48);
INSERT INTO CORESSO.dbo.SYS_VisaoModulo
(vis_id, sis_id, mod_id)
VALUES(3, 1000, 49);
INSERT INTO CORESSO.dbo.SYS_VisaoModulo
(vis_id, sis_id, mod_id)
VALUES(3, 1000, 50);
INSERT INTO CORESSO.dbo.SYS_VisaoModulo
(vis_id, sis_id, mod_id)
VALUES(3, 1000, 51);
INSERT INTO CORESSO.dbo.SYS_VisaoModulo
(vis_id, sis_id, mod_id)
VALUES(3, 1000, 52);
INSERT INTO CORESSO.dbo.SYS_VisaoModulo
(vis_id, sis_id, mod_id)
VALUES(3, 1000, 53);
INSERT INTO CORESSO.dbo.SYS_VisaoModulo
(vis_id, sis_id, mod_id)
VALUES(3, 1000, 54);
INSERT INTO CORESSO.dbo.SYS_VisaoModulo
(vis_id, sis_id, mod_id)
VALUES(3, 1000, 55);
INSERT INTO CORESSO.dbo.SYS_VisaoModulo
(vis_id, sis_id, mod_id)
VALUES(3, 1000, 56);
INSERT INTO CORESSO.dbo.SYS_VisaoModulo
(vis_id, sis_id, mod_id)
VALUES(3, 1000, 57);
INSERT INTO CORESSO.dbo.SYS_VisaoModulo
(vis_id, sis_id, mod_id)
VALUES(3, 1000, 58);
INSERT INTO CORESSO.dbo.SYS_VisaoModulo
(vis_id, sis_id, mod_id)
VALUES(3, 1000, 59);
INSERT INTO CORESSO.dbo.SYS_VisaoModulo
(vis_id, sis_id, mod_id)
VALUES(3, 1000, 60);
INSERT INTO CORESSO.dbo.SYS_VisaoModulo
(vis_id, sis_id, mod_id)
VALUES(3, 1000, 61);
INSERT INTO CORESSO.dbo.SYS_VisaoModulo
(vis_id, sis_id, mod_id)
VALUES(3, 1000, 62);
INSERT INTO CORESSO.dbo.SYS_VisaoModulo
(vis_id, sis_id, mod_id)
VALUES(3, 1000, 63);
INSERT INTO CORESSO.dbo.SYS_VisaoModulo
(vis_id, sis_id, mod_id)
VALUES(3, 1000, 64);
INSERT INTO CORESSO.dbo.SYS_VisaoModulo
(vis_id, sis_id, mod_id)
VALUES(3, 1000, 65);
INSERT INTO CORESSO.dbo.SYS_VisaoModulo
(vis_id, sis_id, mod_id)
VALUES(3, 1000, 66);
INSERT INTO CORESSO.dbo.SYS_VisaoModulo
(vis_id, sis_id, mod_id)
VALUES(3, 1000, 67);
INSERT INTO CORESSO.dbo.SYS_VisaoModulo
(vis_id, sis_id, mod_id)
VALUES(3, 1000, 68);
INSERT INTO CORESSO.dbo.SYS_VisaoModulo
(vis_id, sis_id, mod_id)
VALUES(3, 1000, 69);
INSERT INTO CORESSO.dbo.SYS_VisaoModulo
(vis_id, sis_id, mod_id)
VALUES(3, 1000, 70);
INSERT INTO CORESSO.dbo.SYS_VisaoModulo
(vis_id, sis_id, mod_id)
VALUES(10, 1000, 16);
INSERT INTO CORESSO.dbo.SYS_VisaoModulo
(vis_id, sis_id, mod_id)
VALUES(10, 1000, 17);
INSERT INTO CORESSO.dbo.SYS_VisaoModulo
(vis_id, sis_id, mod_id)
VALUES(10, 1000, 18);
INSERT INTO CORESSO.dbo.SYS_VisaoModulo
(vis_id, sis_id, mod_id)
VALUES(10, 1000, 19);
INSERT INTO CORESSO.dbo.SYS_VisaoModulo
(vis_id, sis_id, mod_id)
VALUES(10, 1000, 20);
INSERT INTO CORESSO.dbo.SYS_VisaoModulo
(vis_id, sis_id, mod_id)
VALUES(10, 1000, 22);
INSERT INTO CORESSO.dbo.SYS_VisaoModulo
(vis_id, sis_id, mod_id)
VALUES(10, 1000, 23);
INSERT INTO CORESSO.dbo.SYS_VisaoModulo
(vis_id, sis_id, mod_id)
VALUES(10, 1000, 24);
INSERT INTO CORESSO.dbo.SYS_VisaoModulo
(vis_id, sis_id, mod_id)
VALUES(10, 1000, 25);
INSERT INTO CORESSO.dbo.SYS_VisaoModulo
(vis_id, sis_id, mod_id)
VALUES(10, 1000, 26);
INSERT INTO CORESSO.dbo.SYS_VisaoModulo
(vis_id, sis_id, mod_id)
VALUES(10, 1000, 28);
INSERT INTO CORESSO.dbo.SYS_VisaoModulo
(vis_id, sis_id, mod_id)
VALUES(10, 1000, 29);
INSERT INTO CORESSO.dbo.SYS_VisaoModulo
(vis_id, sis_id, mod_id)
VALUES(10, 1000, 30);
INSERT INTO CORESSO.dbo.SYS_VisaoModulo
(vis_id, sis_id, mod_id)
VALUES(10, 1000, 31);
INSERT INTO CORESSO.dbo.SYS_VisaoModulo
(vis_id, sis_id, mod_id)
VALUES(10, 1000, 32);
INSERT INTO CORESSO.dbo.SYS_VisaoModulo
(vis_id, sis_id, mod_id)
VALUES(10, 1000, 33);
INSERT INTO CORESSO.dbo.SYS_VisaoModulo
(vis_id, sis_id, mod_id)
VALUES(10, 1000, 34);
INSERT INTO CORESSO.dbo.SYS_VisaoModulo
(vis_id, sis_id, mod_id)
VALUES(10, 1000, 35);
INSERT INTO CORESSO.dbo.SYS_VisaoModulo
(vis_id, sis_id, mod_id)
VALUES(10, 1000, 36);
INSERT INTO CORESSO.dbo.SYS_VisaoModulo
(vis_id, sis_id, mod_id)
VALUES(10, 1000, 37);
INSERT INTO CORESSO.dbo.SYS_VisaoModulo
(vis_id, sis_id, mod_id)
VALUES(10, 1000, 39);
INSERT INTO CORESSO.dbo.SYS_VisaoModulo
(vis_id, sis_id, mod_id)
VALUES(10, 1000, 40);
INSERT INTO CORESSO.dbo.SYS_VisaoModulo
(vis_id, sis_id, mod_id)
VALUES(10, 1000, 41);
INSERT INTO CORESSO.dbo.SYS_VisaoModulo
(vis_id, sis_id, mod_id)
VALUES(10, 1000, 42);
INSERT INTO CORESSO.dbo.SYS_VisaoModulo
(vis_id, sis_id, mod_id)
VALUES(10, 1000, 43);
INSERT INTO CORESSO.dbo.SYS_VisaoModulo
(vis_id, sis_id, mod_id)
VALUES(10, 1000, 44);
INSERT INTO CORESSO.dbo.SYS_VisaoModulo
(vis_id, sis_id, mod_id)
VALUES(10, 1000, 46);
INSERT INTO CORESSO.dbo.SYS_VisaoModulo
(vis_id, sis_id, mod_id)
VALUES(10, 1000, 47);
INSERT INTO CORESSO.dbo.SYS_VisaoModulo
(vis_id, sis_id, mod_id)
VALUES(10, 1000, 50);
INSERT INTO CORESSO.dbo.SYS_VisaoModulo
(vis_id, sis_id, mod_id)
VALUES(10, 1000, 51);
INSERT INTO CORESSO.dbo.SYS_VisaoModulo
(vis_id, sis_id, mod_id)
VALUES(10, 1000, 52);
INSERT INTO CORESSO.dbo.SYS_VisaoModulo
(vis_id, sis_id, mod_id)
VALUES(10, 1000, 54);
INSERT INTO CORESSO.dbo.SYS_VisaoModulo
(vis_id, sis_id, mod_id)
VALUES(10, 1000, 55);
INSERT INTO CORESSO.dbo.SYS_VisaoModulo
(vis_id, sis_id, mod_id)
VALUES(10, 1000, 56);
INSERT INTO CORESSO.dbo.SYS_VisaoModulo
(vis_id, sis_id, mod_id)
VALUES(10, 1000, 57);
INSERT INTO CORESSO.dbo.SYS_VisaoModulo
(vis_id, sis_id, mod_id)
VALUES(10, 1000, 58);
INSERT INTO CORESSO.dbo.SYS_VisaoModulo
(vis_id, sis_id, mod_id)
VALUES(10, 1000, 59);


-- sys_grupoPermissao

INSERT INTO CORESSO.dbo.SYS_GrupoPermissao
(gru_id, sis_id, mod_id, grp_consultar, grp_inserir, grp_alterar, grp_excluir)
VALUES('3BE1E074-37D6-E911-ABD6-F81654FE895D', 1000, 17, 1, 0, 0, 0);
INSERT INTO CORESSO.dbo.SYS_GrupoPermissao
(gru_id, sis_id, mod_id, grp_consultar, grp_inserir, grp_alterar, grp_excluir)
VALUES('3BE1E074-37D6-E911-ABD6-F81654FE895D', 1000, 20, 1, 0, 0, 0);
INSERT INTO CORESSO.dbo.SYS_GrupoPermissao
(gru_id, sis_id, mod_id, grp_consultar, grp_inserir, grp_alterar, grp_excluir)
VALUES('3BE1E074-37D6-E911-ABD6-F81654FE895D', 1000, 23, 1, 0, 0, 0);
INSERT INTO CORESSO.dbo.SYS_GrupoPermissao
(gru_id, sis_id, mod_id, grp_consultar, grp_inserir, grp_alterar, grp_excluir)
VALUES('3BE1E074-37D6-E911-ABD6-F81654FE895D', 1000, 24, 1, 0, 0, 0);
INSERT INTO CORESSO.dbo.SYS_GrupoPermissao
(gru_id, sis_id, mod_id, grp_consultar, grp_inserir, grp_alterar, grp_excluir)
VALUES('3BE1E074-37D6-E911-ABD6-F81654FE895D', 1000, 26, 1, 1, 1, 1);
INSERT INTO CORESSO.dbo.SYS_GrupoPermissao
(gru_id, sis_id, mod_id, grp_consultar, grp_inserir, grp_alterar, grp_excluir)
VALUES('3BE1E074-37D6-E911-ABD6-F81654FE895D', 1000, 28, 1, 1, 1, 1);
INSERT INTO CORESSO.dbo.SYS_GrupoPermissao
(gru_id, sis_id, mod_id, grp_consultar, grp_inserir, grp_alterar, grp_excluir)
VALUES('3BE1E074-37D6-E911-ABD6-F81654FE895D', 1000, 56, 1, 0, 0, 0);
INSERT INTO CORESSO.dbo.SYS_GrupoPermissao
(gru_id, sis_id, mod_id, grp_consultar, grp_inserir, grp_alterar, grp_excluir)
VALUES('3BE1E074-37D6-E911-ABD6-F81654FE895D', 1000, 58, 1, 0, 0, 0);
INSERT INTO CORESSO.dbo.SYS_GrupoPermissao
(gru_id, sis_id, mod_id, grp_consultar, grp_inserir, grp_alterar, grp_excluir)
VALUES('3BE1E074-37D6-E911-ABD6-F81654FE895D', 1000, 70, 1, 1, 1, 1);
INSERT INTO CORESSO.dbo.SYS_GrupoPermissao
(gru_id, sis_id, mod_id, grp_consultar, grp_inserir, grp_alterar, grp_excluir)
VALUES('3CE1E074-37D6-E911-ABD6-F81654FE895D', 1000, 19, 1, 0, 0, 0);
INSERT INTO CORESSO.dbo.SYS_GrupoPermissao
(gru_id, sis_id, mod_id, grp_consultar, grp_inserir, grp_alterar, grp_excluir)
VALUES('3CE1E074-37D6-E911-ABD6-F81654FE895D', 1000, 20, 1, 0, 0, 0);
INSERT INTO CORESSO.dbo.SYS_GrupoPermissao
(gru_id, sis_id, mod_id, grp_consultar, grp_inserir, grp_alterar, grp_excluir)
VALUES('3CE1E074-37D6-E911-ABD6-F81654FE895D', 1000, 23, 1, 0, 0, 0);
INSERT INTO CORESSO.dbo.SYS_GrupoPermissao
(gru_id, sis_id, mod_id, grp_consultar, grp_inserir, grp_alterar, grp_excluir)
VALUES('3CE1E074-37D6-E911-ABD6-F81654FE895D', 1000, 25, 1, 0, 0, 0);
INSERT INTO CORESSO.dbo.SYS_GrupoPermissao
(gru_id, sis_id, mod_id, grp_consultar, grp_inserir, grp_alterar, grp_excluir)
VALUES('3CE1E074-37D6-E911-ABD6-F81654FE895D', 1000, 26, 1, 1, 1, 1);
INSERT INTO CORESSO.dbo.SYS_GrupoPermissao
(gru_id, sis_id, mod_id, grp_consultar, grp_inserir, grp_alterar, grp_excluir)
VALUES('3CE1E074-37D6-E911-ABD6-F81654FE895D', 1000, 28, 1, 1, 1, 1);
INSERT INTO CORESSO.dbo.SYS_GrupoPermissao
(gru_id, sis_id, mod_id, grp_consultar, grp_inserir, grp_alterar, grp_excluir)
VALUES('3CE1E074-37D6-E911-ABD6-F81654FE895D', 1000, 29, 1, 0, 0, 0);
INSERT INTO CORESSO.dbo.SYS_GrupoPermissao
(gru_id, sis_id, mod_id, grp_consultar, grp_inserir, grp_alterar, grp_excluir)
VALUES('3CE1E074-37D6-E911-ABD6-F81654FE895D', 1000, 37, 1, 0, 0, 0);
INSERT INTO CORESSO.dbo.SYS_GrupoPermissao
(gru_id, sis_id, mod_id, grp_consultar, grp_inserir, grp_alterar, grp_excluir)
VALUES('3CE1E074-37D6-E911-ABD6-F81654FE895D', 1000, 55, 1, 0, 0, 0);
INSERT INTO CORESSO.dbo.SYS_GrupoPermissao
(gru_id, sis_id, mod_id, grp_consultar, grp_inserir, grp_alterar, grp_excluir)
VALUES('3CE1E074-37D6-E911-ABD6-F81654FE895D', 1000, 60, 1, 0, 0, 0);
INSERT INTO CORESSO.dbo.SYS_GrupoPermissao
(gru_id, sis_id, mod_id, grp_consultar, grp_inserir, grp_alterar, grp_excluir)
VALUES('3CE1E074-37D6-E911-ABD6-F81654FE895D', 1000, 63, 1, 0, 0, 0);
INSERT INTO CORESSO.dbo.SYS_GrupoPermissao
(gru_id, sis_id, mod_id, grp_consultar, grp_inserir, grp_alterar, grp_excluir)
VALUES('3CE1E074-37D6-E911-ABD6-F81654FE895D', 1000, 64, 1, 0, 0, 0);
INSERT INTO CORESSO.dbo.SYS_GrupoPermissao
(gru_id, sis_id, mod_id, grp_consultar, grp_inserir, grp_alterar, grp_excluir)
VALUES('3CE1E074-37D6-E911-ABD6-F81654FE895D', 1000, 65, 1, 0, 0, 0);
INSERT INTO CORESSO.dbo.SYS_GrupoPermissao
(gru_id, sis_id, mod_id, grp_consultar, grp_inserir, grp_alterar, grp_excluir)
VALUES('3CE1E074-37D6-E911-ABD6-F81654FE895D', 1000, 66, 1, 0, 0, 0);
INSERT INTO CORESSO.dbo.SYS_GrupoPermissao
(gru_id, sis_id, mod_id, grp_consultar, grp_inserir, grp_alterar, grp_excluir)
VALUES('3CE1E074-37D6-E911-ABD6-F81654FE895D', 1000, 68, 1, 0, 0, 0);
INSERT INTO CORESSO.dbo.SYS_GrupoPermissao
(gru_id, sis_id, mod_id, grp_consultar, grp_inserir, grp_alterar, grp_excluir)
VALUES('3DE1E074-37D6-E911-ABD6-F81654FE895D', 1000, 16, 1, 0, 0, 0);
INSERT INTO CORESSO.dbo.SYS_GrupoPermissao
(gru_id, sis_id, mod_id, grp_consultar, grp_inserir, grp_alterar, grp_excluir)
VALUES('3DE1E074-37D6-E911-ABD6-F81654FE895D', 1000, 17, 1, 0, 0, 0);
INSERT INTO CORESSO.dbo.SYS_GrupoPermissao
(gru_id, sis_id, mod_id, grp_consultar, grp_inserir, grp_alterar, grp_excluir)
VALUES('3DE1E074-37D6-E911-ABD6-F81654FE895D', 1000, 18, 1, 1, 1, 1);
INSERT INTO CORESSO.dbo.SYS_GrupoPermissao
(gru_id, sis_id, mod_id, grp_consultar, grp_inserir, grp_alterar, grp_excluir)
VALUES('3DE1E074-37D6-E911-ABD6-F81654FE895D', 1000, 19, 1, 0, 0, 0);
INSERT INTO CORESSO.dbo.SYS_GrupoPermissao
(gru_id, sis_id, mod_id, grp_consultar, grp_inserir, grp_alterar, grp_excluir)
VALUES('3DE1E074-37D6-E911-ABD6-F81654FE895D', 1000, 22, 1, 1, 1, 1);
INSERT INTO CORESSO.dbo.SYS_GrupoPermissao
(gru_id, sis_id, mod_id, grp_consultar, grp_inserir, grp_alterar, grp_excluir)
VALUES('3DE1E074-37D6-E911-ABD6-F81654FE895D', 1000, 23, 1, 1, 1, 1);
INSERT INTO CORESSO.dbo.SYS_GrupoPermissao
(gru_id, sis_id, mod_id, grp_consultar, grp_inserir, grp_alterar, grp_excluir)
VALUES('3DE1E074-37D6-E911-ABD6-F81654FE895D', 1000, 24, 1, 1, 1, 1);
INSERT INTO CORESSO.dbo.SYS_GrupoPermissao
(gru_id, sis_id, mod_id, grp_consultar, grp_inserir, grp_alterar, grp_excluir)
VALUES('3DE1E074-37D6-E911-ABD6-F81654FE895D', 1000, 25, 1, 1, 1, 1);
INSERT INTO CORESSO.dbo.SYS_GrupoPermissao
(gru_id, sis_id, mod_id, grp_consultar, grp_inserir, grp_alterar, grp_excluir)
VALUES('3DE1E074-37D6-E911-ABD6-F81654FE895D', 1000, 26, 1, 1, 1, 1);
INSERT INTO CORESSO.dbo.SYS_GrupoPermissao
(gru_id, sis_id, mod_id, grp_consultar, grp_inserir, grp_alterar, grp_excluir)
VALUES('3DE1E074-37D6-E911-ABD6-F81654FE895D', 1000, 28, 1, 1, 1, 1);
INSERT INTO CORESSO.dbo.SYS_GrupoPermissao
(gru_id, sis_id, mod_id, grp_consultar, grp_inserir, grp_alterar, grp_excluir)
VALUES('3DE1E074-37D6-E911-ABD6-F81654FE895D', 1000, 29, 1, 0, 0, 0);
INSERT INTO CORESSO.dbo.SYS_GrupoPermissao
(gru_id, sis_id, mod_id, grp_consultar, grp_inserir, grp_alterar, grp_excluir)
VALUES('3DE1E074-37D6-E911-ABD6-F81654FE895D', 1000, 37, 1, 0, 0, 0);
INSERT INTO CORESSO.dbo.SYS_GrupoPermissao
(gru_id, sis_id, mod_id, grp_consultar, grp_inserir, grp_alterar, grp_excluir)
VALUES('3DE1E074-37D6-E911-ABD6-F81654FE895D', 1000, 42, 1, 1, 1, 1);
INSERT INTO CORESSO.dbo.SYS_GrupoPermissao
(gru_id, sis_id, mod_id, grp_consultar, grp_inserir, grp_alterar, grp_excluir)
VALUES('3DE1E074-37D6-E911-ABD6-F81654FE895D', 1000, 44, 1, 1, 1, 1);
INSERT INTO CORESSO.dbo.SYS_GrupoPermissao
(gru_id, sis_id, mod_id, grp_consultar, grp_inserir, grp_alterar, grp_excluir)
VALUES('3DE1E074-37D6-E911-ABD6-F81654FE895D', 1000, 46, 1, 0, 0, 0);
INSERT INTO CORESSO.dbo.SYS_GrupoPermissao
(gru_id, sis_id, mod_id, grp_consultar, grp_inserir, grp_alterar, grp_excluir)
VALUES('3DE1E074-37D6-E911-ABD6-F81654FE895D', 1000, 60, 1, 0, 0, 0);
INSERT INTO CORESSO.dbo.SYS_GrupoPermissao
(gru_id, sis_id, mod_id, grp_consultar, grp_inserir, grp_alterar, grp_excluir)
VALUES('3DE1E074-37D6-E911-ABD6-F81654FE895D', 1000, 61, 1, 1, 1, 1);
INSERT INTO CORESSO.dbo.SYS_GrupoPermissao
(gru_id, sis_id, mod_id, grp_consultar, grp_inserir, grp_alterar, grp_excluir)
VALUES('3DE1E074-37D6-E911-ABD6-F81654FE895D', 1000, 63, 1, 0, 0, 0);
INSERT INTO CORESSO.dbo.SYS_GrupoPermissao
(gru_id, sis_id, mod_id, grp_consultar, grp_inserir, grp_alterar, grp_excluir)
VALUES('3DE1E074-37D6-E911-ABD6-F81654FE895D', 1000, 64, 1, 0, 0, 0);
INSERT INTO CORESSO.dbo.SYS_GrupoPermissao
(gru_id, sis_id, mod_id, grp_consultar, grp_inserir, grp_alterar, grp_excluir)
VALUES('3DE1E074-37D6-E911-ABD6-F81654FE895D', 1000, 65, 1, 0, 0, 0);
INSERT INTO CORESSO.dbo.SYS_GrupoPermissao
(gru_id, sis_id, mod_id, grp_consultar, grp_inserir, grp_alterar, grp_excluir)
VALUES('3DE1E074-37D6-E911-ABD6-F81654FE895D', 1000, 66, 1, 0, 0, 0);
INSERT INTO CORESSO.dbo.SYS_GrupoPermissao
(gru_id, sis_id, mod_id, grp_consultar, grp_inserir, grp_alterar, grp_excluir)
VALUES('3DE1E074-37D6-E911-ABD6-F81654FE895D', 1000, 68, 1, 0, 0, 0);
INSERT INTO CORESSO.dbo.SYS_GrupoPermissao
(gru_id, sis_id, mod_id, grp_consultar, grp_inserir, grp_alterar, grp_excluir)
VALUES('3EE1E074-37D6-E911-ABD6-F81654FE895D', 1000, 16, 1, 0, 0, 0);
INSERT INTO CORESSO.dbo.SYS_GrupoPermissao
(gru_id, sis_id, mod_id, grp_consultar, grp_inserir, grp_alterar, grp_excluir)
VALUES('3EE1E074-37D6-E911-ABD6-F81654FE895D', 1000, 17, 1, 0, 0, 0);
INSERT INTO CORESSO.dbo.SYS_GrupoPermissao
(gru_id, sis_id, mod_id, grp_consultar, grp_inserir, grp_alterar, grp_excluir)
VALUES('3EE1E074-37D6-E911-ABD6-F81654FE895D', 1000, 18, 1, 1, 1, 1);
INSERT INTO CORESSO.dbo.SYS_GrupoPermissao
(gru_id, sis_id, mod_id, grp_consultar, grp_inserir, grp_alterar, grp_excluir)
VALUES('3EE1E074-37D6-E911-ABD6-F81654FE895D', 1000, 19, 1, 0, 0, 0);
INSERT INTO CORESSO.dbo.SYS_GrupoPermissao
(gru_id, sis_id, mod_id, grp_consultar, grp_inserir, grp_alterar, grp_excluir)
VALUES('3EE1E074-37D6-E911-ABD6-F81654FE895D', 1000, 22, 1, 1, 1, 1);
INSERT INTO CORESSO.dbo.SYS_GrupoPermissao
(gru_id, sis_id, mod_id, grp_consultar, grp_inserir, grp_alterar, grp_excluir)
VALUES('3EE1E074-37D6-E911-ABD6-F81654FE895D', 1000, 23, 1, 1, 1, 1);
INSERT INTO CORESSO.dbo.SYS_GrupoPermissao
(gru_id, sis_id, mod_id, grp_consultar, grp_inserir, grp_alterar, grp_excluir)
VALUES('3EE1E074-37D6-E911-ABD6-F81654FE895D', 1000, 24, 1, 1, 1, 1);
INSERT INTO CORESSO.dbo.SYS_GrupoPermissao
(gru_id, sis_id, mod_id, grp_consultar, grp_inserir, grp_alterar, grp_excluir)
VALUES('3EE1E074-37D6-E911-ABD6-F81654FE895D', 1000, 25, 1, 1, 1, 1);
INSERT INTO CORESSO.dbo.SYS_GrupoPermissao
(gru_id, sis_id, mod_id, grp_consultar, grp_inserir, grp_alterar, grp_excluir)
VALUES('3EE1E074-37D6-E911-ABD6-F81654FE895D', 1000, 26, 1, 1, 1, 1);
INSERT INTO CORESSO.dbo.SYS_GrupoPermissao
(gru_id, sis_id, mod_id, grp_consultar, grp_inserir, grp_alterar, grp_excluir)
VALUES('3EE1E074-37D6-E911-ABD6-F81654FE895D', 1000, 28, 1, 1, 1, 1);
INSERT INTO CORESSO.dbo.SYS_GrupoPermissao
(gru_id, sis_id, mod_id, grp_consultar, grp_inserir, grp_alterar, grp_excluir)
VALUES('3EE1E074-37D6-E911-ABD6-F81654FE895D', 1000, 29, 1, 0, 0, 0);
INSERT INTO CORESSO.dbo.SYS_GrupoPermissao
(gru_id, sis_id, mod_id, grp_consultar, grp_inserir, grp_alterar, grp_excluir)
VALUES('3EE1E074-37D6-E911-ABD6-F81654FE895D', 1000, 37, 1, 1, 1, 1);
INSERT INTO CORESSO.dbo.SYS_GrupoPermissao
(gru_id, sis_id, mod_id, grp_consultar, grp_inserir, grp_alterar, grp_excluir)
VALUES('3EE1E074-37D6-E911-ABD6-F81654FE895D', 1000, 42, 1, 1, 1, 1);
INSERT INTO CORESSO.dbo.SYS_GrupoPermissao
(gru_id, sis_id, mod_id, grp_consultar, grp_inserir, grp_alterar, grp_excluir)
VALUES('3EE1E074-37D6-E911-ABD6-F81654FE895D', 1000, 44, 1, 1, 1, 1);
INSERT INTO CORESSO.dbo.SYS_GrupoPermissao
(gru_id, sis_id, mod_id, grp_consultar, grp_inserir, grp_alterar, grp_excluir)
VALUES('3EE1E074-37D6-E911-ABD6-F81654FE895D', 1000, 46, 1, 1, 1, 1);
INSERT INTO CORESSO.dbo.SYS_GrupoPermissao
(gru_id, sis_id, mod_id, grp_consultar, grp_inserir, grp_alterar, grp_excluir)
VALUES('3EE1E074-37D6-E911-ABD6-F81654FE895D', 1000, 48, 1, 1, 1, 1);
INSERT INTO CORESSO.dbo.SYS_GrupoPermissao
(gru_id, sis_id, mod_id, grp_consultar, grp_inserir, grp_alterar, grp_excluir)
VALUES('3EE1E074-37D6-E911-ABD6-F81654FE895D', 1000, 49, 1, 0, 0, 0);
INSERT INTO CORESSO.dbo.SYS_GrupoPermissao
(gru_id, sis_id, mod_id, grp_consultar, grp_inserir, grp_alterar, grp_excluir)
VALUES('3EE1E074-37D6-E911-ABD6-F81654FE895D', 1000, 54, 1, 1, 1, 1);
INSERT INTO CORESSO.dbo.SYS_GrupoPermissao
(gru_id, sis_id, mod_id, grp_consultar, grp_inserir, grp_alterar, grp_excluir)
VALUES('3EE1E074-37D6-E911-ABD6-F81654FE895D', 1000, 60, 1, 0, 0, 0);
INSERT INTO CORESSO.dbo.SYS_GrupoPermissao
(gru_id, sis_id, mod_id, grp_consultar, grp_inserir, grp_alterar, grp_excluir)
VALUES('3EE1E074-37D6-E911-ABD6-F81654FE895D', 1000, 61, 1, 1, 1, 1);
INSERT INTO CORESSO.dbo.SYS_GrupoPermissao
(gru_id, sis_id, mod_id, grp_consultar, grp_inserir, grp_alterar, grp_excluir)
VALUES('3EE1E074-37D6-E911-ABD6-F81654FE895D', 1000, 63, 1, 0, 0, 0);
INSERT INTO CORESSO.dbo.SYS_GrupoPermissao
(gru_id, sis_id, mod_id, grp_consultar, grp_inserir, grp_alterar, grp_excluir)
VALUES('3EE1E074-37D6-E911-ABD6-F81654FE895D', 1000, 64, 1, 0, 0, 0);
INSERT INTO CORESSO.dbo.SYS_GrupoPermissao
(gru_id, sis_id, mod_id, grp_consultar, grp_inserir, grp_alterar, grp_excluir)
VALUES('3EE1E074-37D6-E911-ABD6-F81654FE895D', 1000, 65, 1, 0, 0, 0);
INSERT INTO CORESSO.dbo.SYS_GrupoPermissao
(gru_id, sis_id, mod_id, grp_consultar, grp_inserir, grp_alterar, grp_excluir)
VALUES('3EE1E074-37D6-E911-ABD6-F81654FE895D', 1000, 66, 1, 0, 0, 0);
INSERT INTO CORESSO.dbo.SYS_GrupoPermissao
(gru_id, sis_id, mod_id, grp_consultar, grp_inserir, grp_alterar, grp_excluir)
VALUES('3EE1E074-37D6-E911-ABD6-F81654FE895D', 1000, 68, 1, 0, 0, 0);
INSERT INTO CORESSO.dbo.SYS_GrupoPermissao
(gru_id, sis_id, mod_id, grp_consultar, grp_inserir, grp_alterar, grp_excluir)
VALUES('3FE1E074-37D6-E911-ABD6-F81654FE895D', 1000, 16, 1, 0, 0, 0);
INSERT INTO CORESSO.dbo.SYS_GrupoPermissao
(gru_id, sis_id, mod_id, grp_consultar, grp_inserir, grp_alterar, grp_excluir)
VALUES('3FE1E074-37D6-E911-ABD6-F81654FE895D', 1000, 17, 1, 0, 0, 0);
INSERT INTO CORESSO.dbo.SYS_GrupoPermissao
(gru_id, sis_id, mod_id, grp_consultar, grp_inserir, grp_alterar, grp_excluir)
VALUES('3FE1E074-37D6-E911-ABD6-F81654FE895D', 1000, 18, 1, 1, 1, 1);
INSERT INTO CORESSO.dbo.SYS_GrupoPermissao
(gru_id, sis_id, mod_id, grp_consultar, grp_inserir, grp_alterar, grp_excluir)
VALUES('3FE1E074-37D6-E911-ABD6-F81654FE895D', 1000, 19, 1, 0, 0, 0);
INSERT INTO CORESSO.dbo.SYS_GrupoPermissao
(gru_id, sis_id, mod_id, grp_consultar, grp_inserir, grp_alterar, grp_excluir)
VALUES('3FE1E074-37D6-E911-ABD6-F81654FE895D', 1000, 22, 1, 1, 1, 1);
INSERT INTO CORESSO.dbo.SYS_GrupoPermissao
(gru_id, sis_id, mod_id, grp_consultar, grp_inserir, grp_alterar, grp_excluir)
VALUES('3FE1E074-37D6-E911-ABD6-F81654FE895D', 1000, 23, 1, 1, 1, 1);
INSERT INTO CORESSO.dbo.SYS_GrupoPermissao
(gru_id, sis_id, mod_id, grp_consultar, grp_inserir, grp_alterar, grp_excluir)
VALUES('3FE1E074-37D6-E911-ABD6-F81654FE895D', 1000, 24, 1, 1, 1, 1);
INSERT INTO CORESSO.dbo.SYS_GrupoPermissao
(gru_id, sis_id, mod_id, grp_consultar, grp_inserir, grp_alterar, grp_excluir)
VALUES('3FE1E074-37D6-E911-ABD6-F81654FE895D', 1000, 25, 1, 1, 1, 1);
INSERT INTO CORESSO.dbo.SYS_GrupoPermissao
(gru_id, sis_id, mod_id, grp_consultar, grp_inserir, grp_alterar, grp_excluir)
VALUES('3FE1E074-37D6-E911-ABD6-F81654FE895D', 1000, 26, 1, 1, 1, 1);
INSERT INTO CORESSO.dbo.SYS_GrupoPermissao
(gru_id, sis_id, mod_id, grp_consultar, grp_inserir, grp_alterar, grp_excluir)
VALUES('3FE1E074-37D6-E911-ABD6-F81654FE895D', 1000, 28, 1, 1, 1, 1);
INSERT INTO CORESSO.dbo.SYS_GrupoPermissao
(gru_id, sis_id, mod_id, grp_consultar, grp_inserir, grp_alterar, grp_excluir)
VALUES('3FE1E074-37D6-E911-ABD6-F81654FE895D', 1000, 29, 1, 0, 0, 0);
INSERT INTO CORESSO.dbo.SYS_GrupoPermissao
(gru_id, sis_id, mod_id, grp_consultar, grp_inserir, grp_alterar, grp_excluir)
VALUES('3FE1E074-37D6-E911-ABD6-F81654FE895D', 1000, 37, 1, 0, 0, 0);
INSERT INTO CORESSO.dbo.SYS_GrupoPermissao
(gru_id, sis_id, mod_id, grp_consultar, grp_inserir, grp_alterar, grp_excluir)
VALUES('3FE1E074-37D6-E911-ABD6-F81654FE895D', 1000, 41, 1, 1, 1, 1);
INSERT INTO CORESSO.dbo.SYS_GrupoPermissao
(gru_id, sis_id, mod_id, grp_consultar, grp_inserir, grp_alterar, grp_excluir)
VALUES('3FE1E074-37D6-E911-ABD6-F81654FE895D', 1000, 42, 1, 1, 1, 1);
INSERT INTO CORESSO.dbo.SYS_GrupoPermissao
(gru_id, sis_id, mod_id, grp_consultar, grp_inserir, grp_alterar, grp_excluir)
VALUES('3FE1E074-37D6-E911-ABD6-F81654FE895D', 1000, 44, 1, 1, 1, 1);
INSERT INTO CORESSO.dbo.SYS_GrupoPermissao
(gru_id, sis_id, mod_id, grp_consultar, grp_inserir, grp_alterar, grp_excluir)
VALUES('3FE1E074-37D6-E911-ABD6-F81654FE895D', 1000, 46, 1, 0, 0, 0);
INSERT INTO CORESSO.dbo.SYS_GrupoPermissao
(gru_id, sis_id, mod_id, grp_consultar, grp_inserir, grp_alterar, grp_excluir)
VALUES('3FE1E074-37D6-E911-ABD6-F81654FE895D', 1000, 60, 1, 0, 0, 0);
INSERT INTO CORESSO.dbo.SYS_GrupoPermissao
(gru_id, sis_id, mod_id, grp_consultar, grp_inserir, grp_alterar, grp_excluir)
VALUES('3FE1E074-37D6-E911-ABD6-F81654FE895D', 1000, 61, 1, 1, 1, 1);
INSERT INTO CORESSO.dbo.SYS_GrupoPermissao
(gru_id, sis_id, mod_id, grp_consultar, grp_inserir, grp_alterar, grp_excluir)
VALUES('3FE1E074-37D6-E911-ABD6-F81654FE895D', 1000, 63, 1, 0, 0, 0);
INSERT INTO CORESSO.dbo.SYS_GrupoPermissao
(gru_id, sis_id, mod_id, grp_consultar, grp_inserir, grp_alterar, grp_excluir)
VALUES('3FE1E074-37D6-E911-ABD6-F81654FE895D', 1000, 64, 1, 0, 0, 0);
INSERT INTO CORESSO.dbo.SYS_GrupoPermissao
(gru_id, sis_id, mod_id, grp_consultar, grp_inserir, grp_alterar, grp_excluir)
VALUES('3FE1E074-37D6-E911-ABD6-F81654FE895D', 1000, 65, 1, 0, 0, 0);
INSERT INTO CORESSO.dbo.SYS_GrupoPermissao
(gru_id, sis_id, mod_id, grp_consultar, grp_inserir, grp_alterar, grp_excluir)
VALUES('3FE1E074-37D6-E911-ABD6-F81654FE895D', 1000, 66, 1, 0, 0, 0);
INSERT INTO CORESSO.dbo.SYS_GrupoPermissao
(gru_id, sis_id, mod_id, grp_consultar, grp_inserir, grp_alterar, grp_excluir)
VALUES('3FE1E074-37D6-E911-ABD6-F81654FE895D', 1000, 68, 1, 0, 0, 0);
INSERT INTO CORESSO.dbo.SYS_GrupoPermissao
(gru_id, sis_id, mod_id, grp_consultar, grp_inserir, grp_alterar, grp_excluir)
VALUES('40E1E074-37D6-E911-ABD6-F81654FE895D', 1000, 16, 1, 1, 1, 1);
INSERT INTO CORESSO.dbo.SYS_GrupoPermissao
(gru_id, sis_id, mod_id, grp_consultar, grp_inserir, grp_alterar, grp_excluir)
VALUES('40E1E074-37D6-E911-ABD6-F81654FE895D', 1000, 17, 1, 0, 0, 0);
INSERT INTO CORESSO.dbo.SYS_GrupoPermissao
(gru_id, sis_id, mod_id, grp_consultar, grp_inserir, grp_alterar, grp_excluir)
VALUES('40E1E074-37D6-E911-ABD6-F81654FE895D', 1000, 18, 1, 1, 1, 1);
INSERT INTO CORESSO.dbo.SYS_GrupoPermissao
(gru_id, sis_id, mod_id, grp_consultar, grp_inserir, grp_alterar, grp_excluir)
VALUES('40E1E074-37D6-E911-ABD6-F81654FE895D', 1000, 19, 1, 0, 0, 0);
INSERT INTO CORESSO.dbo.SYS_GrupoPermissao
(gru_id, sis_id, mod_id, grp_consultar, grp_inserir, grp_alterar, grp_excluir)
VALUES('40E1E074-37D6-E911-ABD6-F81654FE895D', 1000, 22, 1, 1, 1, 1);
INSERT INTO CORESSO.dbo.SYS_GrupoPermissao
(gru_id, sis_id, mod_id, grp_consultar, grp_inserir, grp_alterar, grp_excluir)
VALUES('40E1E074-37D6-E911-ABD6-F81654FE895D', 1000, 23, 1, 1, 1, 1);
INSERT INTO CORESSO.dbo.SYS_GrupoPermissao
(gru_id, sis_id, mod_id, grp_consultar, grp_inserir, grp_alterar, grp_excluir)
VALUES('40E1E074-37D6-E911-ABD6-F81654FE895D', 1000, 24, 1, 1, 1, 1);
INSERT INTO CORESSO.dbo.SYS_GrupoPermissao
(gru_id, sis_id, mod_id, grp_consultar, grp_inserir, grp_alterar, grp_excluir)
VALUES('40E1E074-37D6-E911-ABD6-F81654FE895D', 1000, 25, 1, 1, 1, 1);
INSERT INTO CORESSO.dbo.SYS_GrupoPermissao
(gru_id, sis_id, mod_id, grp_consultar, grp_inserir, grp_alterar, grp_excluir)
VALUES('40E1E074-37D6-E911-ABD6-F81654FE895D', 1000, 26, 1, 1, 1, 1);
INSERT INTO CORESSO.dbo.SYS_GrupoPermissao
(gru_id, sis_id, mod_id, grp_consultar, grp_inserir, grp_alterar, grp_excluir)
VALUES('40E1E074-37D6-E911-ABD6-F81654FE895D', 1000, 28, 1, 1, 1, 1);
INSERT INTO CORESSO.dbo.SYS_GrupoPermissao
(gru_id, sis_id, mod_id, grp_consultar, grp_inserir, grp_alterar, grp_excluir)
VALUES('40E1E074-37D6-E911-ABD6-F81654FE895D', 1000, 29, 1, 0, 0, 0);
INSERT INTO CORESSO.dbo.SYS_GrupoPermissao
(gru_id, sis_id, mod_id, grp_consultar, grp_inserir, grp_alterar, grp_excluir)
VALUES('40E1E074-37D6-E911-ABD6-F81654FE895D', 1000, 37, 1, 0, 0, 0);
INSERT INTO CORESSO.dbo.SYS_GrupoPermissao
(gru_id, sis_id, mod_id, grp_consultar, grp_inserir, grp_alterar, grp_excluir)
VALUES('40E1E074-37D6-E911-ABD6-F81654FE895D', 1000, 42, 1, 1, 1, 1);
INSERT INTO CORESSO.dbo.SYS_GrupoPermissao
(gru_id, sis_id, mod_id, grp_consultar, grp_inserir, grp_alterar, grp_excluir)
VALUES('40E1E074-37D6-E911-ABD6-F81654FE895D', 1000, 44, 1, 1, 1, 1);
INSERT INTO CORESSO.dbo.SYS_GrupoPermissao
(gru_id, sis_id, mod_id, grp_consultar, grp_inserir, grp_alterar, grp_excluir)
VALUES('40E1E074-37D6-E911-ABD6-F81654FE895D', 1000, 46, 1, 1, 1, 1);
INSERT INTO CORESSO.dbo.SYS_GrupoPermissao
(gru_id, sis_id, mod_id, grp_consultar, grp_inserir, grp_alterar, grp_excluir)
VALUES('40E1E074-37D6-E911-ABD6-F81654FE895D', 1000, 47, 1, 1, 1, 1);
INSERT INTO CORESSO.dbo.SYS_GrupoPermissao
(gru_id, sis_id, mod_id, grp_consultar, grp_inserir, grp_alterar, grp_excluir)
VALUES('40E1E074-37D6-E911-ABD6-F81654FE895D', 1000, 50, 1, 0, 0, 0);
INSERT INTO CORESSO.dbo.SYS_GrupoPermissao
(gru_id, sis_id, mod_id, grp_consultar, grp_inserir, grp_alterar, grp_excluir)
VALUES('40E1E074-37D6-E911-ABD6-F81654FE895D', 1000, 51, 1, 1, 1, 1);
INSERT INTO CORESSO.dbo.SYS_GrupoPermissao
(gru_id, sis_id, mod_id, grp_consultar, grp_inserir, grp_alterar, grp_excluir)
VALUES('40E1E074-37D6-E911-ABD6-F81654FE895D', 1000, 52, 1, 1, 1, 1);
INSERT INTO CORESSO.dbo.SYS_GrupoPermissao
(gru_id, sis_id, mod_id, grp_consultar, grp_inserir, grp_alterar, grp_excluir)
VALUES('40E1E074-37D6-E911-ABD6-F81654FE895D', 1000, 60, 1, 0, 0, 0);
INSERT INTO CORESSO.dbo.SYS_GrupoPermissao
(gru_id, sis_id, mod_id, grp_consultar, grp_inserir, grp_alterar, grp_excluir)
VALUES('40E1E074-37D6-E911-ABD6-F81654FE895D', 1000, 63, 1, 0, 0, 0);
INSERT INTO CORESSO.dbo.SYS_GrupoPermissao
(gru_id, sis_id, mod_id, grp_consultar, grp_inserir, grp_alterar, grp_excluir)
VALUES('40E1E074-37D6-E911-ABD6-F81654FE895D', 1000, 64, 1, 0, 0, 0);
INSERT INTO CORESSO.dbo.SYS_GrupoPermissao
(gru_id, sis_id, mod_id, grp_consultar, grp_inserir, grp_alterar, grp_excluir)
VALUES('40E1E074-37D6-E911-ABD6-F81654FE895D', 1000, 65, 1, 0, 0, 0);
INSERT INTO CORESSO.dbo.SYS_GrupoPermissao
(gru_id, sis_id, mod_id, grp_consultar, grp_inserir, grp_alterar, grp_excluir)
VALUES('40E1E074-37D6-E911-ABD6-F81654FE895D', 1000, 66, 1, 0, 0, 0);
INSERT INTO CORESSO.dbo.SYS_GrupoPermissao
(gru_id, sis_id, mod_id, grp_consultar, grp_inserir, grp_alterar, grp_excluir)
VALUES('40E1E074-37D6-E911-ABD6-F81654FE895D', 1000, 68, 1, 0, 0, 0);
INSERT INTO CORESSO.dbo.SYS_GrupoPermissao
(gru_id, sis_id, mod_id, grp_consultar, grp_inserir, grp_alterar, grp_excluir)
VALUES('41E1E074-37D6-E911-ABD6-F81654FE895D', 1000, 16, 1, 1, 1, 1);
INSERT INTO CORESSO.dbo.SYS_GrupoPermissao
(gru_id, sis_id, mod_id, grp_consultar, grp_inserir, grp_alterar, grp_excluir)
VALUES('41E1E074-37D6-E911-ABD6-F81654FE895D', 1000, 17, 1, 0, 0, 0);
INSERT INTO CORESSO.dbo.SYS_GrupoPermissao
(gru_id, sis_id, mod_id, grp_consultar, grp_inserir, grp_alterar, grp_excluir)
VALUES('41E1E074-37D6-E911-ABD6-F81654FE895D', 1000, 18, 1, 1, 1, 1);
INSERT INTO CORESSO.dbo.SYS_GrupoPermissao
(gru_id, sis_id, mod_id, grp_consultar, grp_inserir, grp_alterar, grp_excluir)
VALUES('41E1E074-37D6-E911-ABD6-F81654FE895D', 1000, 19, 1, 0, 0, 0);
INSERT INTO CORESSO.dbo.SYS_GrupoPermissao
(gru_id, sis_id, mod_id, grp_consultar, grp_inserir, grp_alterar, grp_excluir)
VALUES('41E1E074-37D6-E911-ABD6-F81654FE895D', 1000, 22, 1, 1, 1, 1);
INSERT INTO CORESSO.dbo.SYS_GrupoPermissao
(gru_id, sis_id, mod_id, grp_consultar, grp_inserir, grp_alterar, grp_excluir)
VALUES('41E1E074-37D6-E911-ABD6-F81654FE895D', 1000, 23, 1, 1, 1, 1);
INSERT INTO CORESSO.dbo.SYS_GrupoPermissao
(gru_id, sis_id, mod_id, grp_consultar, grp_inserir, grp_alterar, grp_excluir)
VALUES('41E1E074-37D6-E911-ABD6-F81654FE895D', 1000, 24, 1, 1, 1, 1);
INSERT INTO CORESSO.dbo.SYS_GrupoPermissao
(gru_id, sis_id, mod_id, grp_consultar, grp_inserir, grp_alterar, grp_excluir)
VALUES('41E1E074-37D6-E911-ABD6-F81654FE895D', 1000, 25, 1, 1, 1, 1);
INSERT INTO CORESSO.dbo.SYS_GrupoPermissao
(gru_id, sis_id, mod_id, grp_consultar, grp_inserir, grp_alterar, grp_excluir)
VALUES('41E1E074-37D6-E911-ABD6-F81654FE895D', 1000, 26, 1, 0, 1, 1);
INSERT INTO CORESSO.dbo.SYS_GrupoPermissao
(gru_id, sis_id, mod_id, grp_consultar, grp_inserir, grp_alterar, grp_excluir)
VALUES('41E1E074-37D6-E911-ABD6-F81654FE895D', 1000, 28, 1, 1, 1, 1);
INSERT INTO CORESSO.dbo.SYS_GrupoPermissao
(gru_id, sis_id, mod_id, grp_consultar, grp_inserir, grp_alterar, grp_excluir)
VALUES('41E1E074-37D6-E911-ABD6-F81654FE895D', 1000, 29, 1, 0, 0, 0);
INSERT INTO CORESSO.dbo.SYS_GrupoPermissao
(gru_id, sis_id, mod_id, grp_consultar, grp_inserir, grp_alterar, grp_excluir)
VALUES('41E1E074-37D6-E911-ABD6-F81654FE895D', 1000, 37, 1, 1, 1, 1);
INSERT INTO CORESSO.dbo.SYS_GrupoPermissao
(gru_id, sis_id, mod_id, grp_consultar, grp_inserir, grp_alterar, grp_excluir)
VALUES('41E1E074-37D6-E911-ABD6-F81654FE895D', 1000, 42, 1, 1, 1, 1);
INSERT INTO CORESSO.dbo.SYS_GrupoPermissao
(gru_id, sis_id, mod_id, grp_consultar, grp_inserir, grp_alterar, grp_excluir)
VALUES('41E1E074-37D6-E911-ABD6-F81654FE895D', 1000, 44, 1, 0, 0, 0);
INSERT INTO CORESSO.dbo.SYS_GrupoPermissao
(gru_id, sis_id, mod_id, grp_consultar, grp_inserir, grp_alterar, grp_excluir)
VALUES('41E1E074-37D6-E911-ABD6-F81654FE895D', 1000, 46, 1, 0, 0, 0);
INSERT INTO CORESSO.dbo.SYS_GrupoPermissao
(gru_id, sis_id, mod_id, grp_consultar, grp_inserir, grp_alterar, grp_excluir)
VALUES('41E1E074-37D6-E911-ABD6-F81654FE895D', 1000, 47, 1, 0, 0, 0);
INSERT INTO CORESSO.dbo.SYS_GrupoPermissao
(gru_id, sis_id, mod_id, grp_consultar, grp_inserir, grp_alterar, grp_excluir)
VALUES('41E1E074-37D6-E911-ABD6-F81654FE895D', 1000, 50, 1, 0, 0, 0);
INSERT INTO CORESSO.dbo.SYS_GrupoPermissao
(gru_id, sis_id, mod_id, grp_consultar, grp_inserir, grp_alterar, grp_excluir)
VALUES('41E1E074-37D6-E911-ABD6-F81654FE895D', 1000, 52, 1, 0, 0, 0);
INSERT INTO CORESSO.dbo.SYS_GrupoPermissao
(gru_id, sis_id, mod_id, grp_consultar, grp_inserir, grp_alterar, grp_excluir)
VALUES('41E1E074-37D6-E911-ABD6-F81654FE895D', 1000, 58, 1, 1, 1, 1);
INSERT INTO CORESSO.dbo.SYS_GrupoPermissao
(gru_id, sis_id, mod_id, grp_consultar, grp_inserir, grp_alterar, grp_excluir)
VALUES('41E1E074-37D6-E911-ABD6-F81654FE895D', 1000, 60, 1, 0, 0, 0);
INSERT INTO CORESSO.dbo.SYS_GrupoPermissao
(gru_id, sis_id, mod_id, grp_consultar, grp_inserir, grp_alterar, grp_excluir)
VALUES('41E1E074-37D6-E911-ABD6-F81654FE895D', 1000, 63, 1, 0, 0, 0);
INSERT INTO CORESSO.dbo.SYS_GrupoPermissao
(gru_id, sis_id, mod_id, grp_consultar, grp_inserir, grp_alterar, grp_excluir)
VALUES('41E1E074-37D6-E911-ABD6-F81654FE895D', 1000, 64, 1, 0, 0, 0);
INSERT INTO CORESSO.dbo.SYS_GrupoPermissao
(gru_id, sis_id, mod_id, grp_consultar, grp_inserir, grp_alterar, grp_excluir)
VALUES('41E1E074-37D6-E911-ABD6-F81654FE895D', 1000, 65, 1, 0, 0, 0);
INSERT INTO CORESSO.dbo.SYS_GrupoPermissao
(gru_id, sis_id, mod_id, grp_consultar, grp_inserir, grp_alterar, grp_excluir)
VALUES('41E1E074-37D6-E911-ABD6-F81654FE895D', 1000, 66, 1, 0, 0, 0);
INSERT INTO CORESSO.dbo.SYS_GrupoPermissao
(gru_id, sis_id, mod_id, grp_consultar, grp_inserir, grp_alterar, grp_excluir)
VALUES('41E1E074-37D6-E911-ABD6-F81654FE895D', 1000, 68, 1, 0, 0, 0);
INSERT INTO CORESSO.dbo.SYS_GrupoPermissao
(gru_id, sis_id, mod_id, grp_consultar, grp_inserir, grp_alterar, grp_excluir)
VALUES('42E1E074-37D6-E911-ABD6-F81654FE895D', 1000, 16, 1, 0, 0, 0);
INSERT INTO CORESSO.dbo.SYS_GrupoPermissao
(gru_id, sis_id, mod_id, grp_consultar, grp_inserir, grp_alterar, grp_excluir)
VALUES('42E1E074-37D6-E911-ABD6-F81654FE895D', 1000, 17, 1, 0, 0, 0);
INSERT INTO CORESSO.dbo.SYS_GrupoPermissao
(gru_id, sis_id, mod_id, grp_consultar, grp_inserir, grp_alterar, grp_excluir)
VALUES('42E1E074-37D6-E911-ABD6-F81654FE895D', 1000, 19, 1, 0, 0, 0);
INSERT INTO CORESSO.dbo.SYS_GrupoPermissao
(gru_id, sis_id, mod_id, grp_consultar, grp_inserir, grp_alterar, grp_excluir)
VALUES('42E1E074-37D6-E911-ABD6-F81654FE895D', 1000, 20, 1, 0, 0, 0);
INSERT INTO CORESSO.dbo.SYS_GrupoPermissao
(gru_id, sis_id, mod_id, grp_consultar, grp_inserir, grp_alterar, grp_excluir)
VALUES('42E1E074-37D6-E911-ABD6-F81654FE895D', 1000, 23, 1, 0, 0, 0);
INSERT INTO CORESSO.dbo.SYS_GrupoPermissao
(gru_id, sis_id, mod_id, grp_consultar, grp_inserir, grp_alterar, grp_excluir)
VALUES('42E1E074-37D6-E911-ABD6-F81654FE895D', 1000, 24, 1, 0, 0, 0);
INSERT INTO CORESSO.dbo.SYS_GrupoPermissao
(gru_id, sis_id, mod_id, grp_consultar, grp_inserir, grp_alterar, grp_excluir)
VALUES('42E1E074-37D6-E911-ABD6-F81654FE895D', 1000, 25, 1, 0, 0, 0);
INSERT INTO CORESSO.dbo.SYS_GrupoPermissao
(gru_id, sis_id, mod_id, grp_consultar, grp_inserir, grp_alterar, grp_excluir)
VALUES('42E1E074-37D6-E911-ABD6-F81654FE895D', 1000, 26, 1, 1, 1, 1);
INSERT INTO CORESSO.dbo.SYS_GrupoPermissao
(gru_id, sis_id, mod_id, grp_consultar, grp_inserir, grp_alterar, grp_excluir)
VALUES('42E1E074-37D6-E911-ABD6-F81654FE895D', 1000, 28, 1, 1, 1, 1);
INSERT INTO CORESSO.dbo.SYS_GrupoPermissao
(gru_id, sis_id, mod_id, grp_consultar, grp_inserir, grp_alterar, grp_excluir)
VALUES('42E1E074-37D6-E911-ABD6-F81654FE895D', 1000, 29, 1, 0, 0, 0);
INSERT INTO CORESSO.dbo.SYS_GrupoPermissao
(gru_id, sis_id, mod_id, grp_consultar, grp_inserir, grp_alterar, grp_excluir)
VALUES('42E1E074-37D6-E911-ABD6-F81654FE895D', 1000, 32, 1, 0, 0, 0);
INSERT INTO CORESSO.dbo.SYS_GrupoPermissao
(gru_id, sis_id, mod_id, grp_consultar, grp_inserir, grp_alterar, grp_excluir)
VALUES('42E1E074-37D6-E911-ABD6-F81654FE895D', 1000, 33, 1, 1, 1, 1);
INSERT INTO CORESSO.dbo.SYS_GrupoPermissao
(gru_id, sis_id, mod_id, grp_consultar, grp_inserir, grp_alterar, grp_excluir)
VALUES('42E1E074-37D6-E911-ABD6-F81654FE895D', 1000, 34, 1, 1, 1, 1);
INSERT INTO CORESSO.dbo.SYS_GrupoPermissao
(gru_id, sis_id, mod_id, grp_consultar, grp_inserir, grp_alterar, grp_excluir)
VALUES('42E1E074-37D6-E911-ABD6-F81654FE895D', 1000, 37, 1, 1, 1, 1);
INSERT INTO CORESSO.dbo.SYS_GrupoPermissao
(gru_id, sis_id, mod_id, grp_consultar, grp_inserir, grp_alterar, grp_excluir)
VALUES('42E1E074-37D6-E911-ABD6-F81654FE895D', 1000, 42, 1, 0, 0, 0);
INSERT INTO CORESSO.dbo.SYS_GrupoPermissao
(gru_id, sis_id, mod_id, grp_consultar, grp_inserir, grp_alterar, grp_excluir)
VALUES('42E1E074-37D6-E911-ABD6-F81654FE895D', 1000, 44, 1, 0, 0, 0);
INSERT INTO CORESSO.dbo.SYS_GrupoPermissao
(gru_id, sis_id, mod_id, grp_consultar, grp_inserir, grp_alterar, grp_excluir)
VALUES('42E1E074-37D6-E911-ABD6-F81654FE895D', 1000, 47, 1, 0, 0, 0);
INSERT INTO CORESSO.dbo.SYS_GrupoPermissao
(gru_id, sis_id, mod_id, grp_consultar, grp_inserir, grp_alterar, grp_excluir)
VALUES('42E1E074-37D6-E911-ABD6-F81654FE895D', 1000, 48, 1, 0, 0, 0);
INSERT INTO CORESSO.dbo.SYS_GrupoPermissao
(gru_id, sis_id, mod_id, grp_consultar, grp_inserir, grp_alterar, grp_excluir)
VALUES('42E1E074-37D6-E911-ABD6-F81654FE895D', 1000, 49, 1, 0, 0, 0);
INSERT INTO CORESSO.dbo.SYS_GrupoPermissao
(gru_id, sis_id, mod_id, grp_consultar, grp_inserir, grp_alterar, grp_excluir)
VALUES('42E1E074-37D6-E911-ABD6-F81654FE895D', 1000, 50, 1, 0, 0, 0);
INSERT INTO CORESSO.dbo.SYS_GrupoPermissao
(gru_id, sis_id, mod_id, grp_consultar, grp_inserir, grp_alterar, grp_excluir)
VALUES('42E1E074-37D6-E911-ABD6-F81654FE895D', 1000, 51, 1, 0, 0, 0);
INSERT INTO CORESSO.dbo.SYS_GrupoPermissao
(gru_id, sis_id, mod_id, grp_consultar, grp_inserir, grp_alterar, grp_excluir)
VALUES('42E1E074-37D6-E911-ABD6-F81654FE895D', 1000, 52, 1, 0, 0, 0);
INSERT INTO CORESSO.dbo.SYS_GrupoPermissao
(gru_id, sis_id, mod_id, grp_consultar, grp_inserir, grp_alterar, grp_excluir)
VALUES('42E1E074-37D6-E911-ABD6-F81654FE895D', 1000, 54, 1, 0, 0, 0);
INSERT INTO CORESSO.dbo.SYS_GrupoPermissao
(gru_id, sis_id, mod_id, grp_consultar, grp_inserir, grp_alterar, grp_excluir)
VALUES('42E1E074-37D6-E911-ABD6-F81654FE895D', 1000, 55, 1, 0, 0, 0);
INSERT INTO CORESSO.dbo.SYS_GrupoPermissao
(gru_id, sis_id, mod_id, grp_consultar, grp_inserir, grp_alterar, grp_excluir)
VALUES('42E1E074-37D6-E911-ABD6-F81654FE895D', 1000, 57, 1, 0, 0, 0);
INSERT INTO CORESSO.dbo.SYS_GrupoPermissao
(gru_id, sis_id, mod_id, grp_consultar, grp_inserir, grp_alterar, grp_excluir)
VALUES('42E1E074-37D6-E911-ABD6-F81654FE895D', 1000, 58, 1, 0, 0, 0);
INSERT INTO CORESSO.dbo.SYS_GrupoPermissao
(gru_id, sis_id, mod_id, grp_consultar, grp_inserir, grp_alterar, grp_excluir)
VALUES('42E1E074-37D6-E911-ABD6-F81654FE895D', 1000, 59, 1, 0, 0, 0);
INSERT INTO CORESSO.dbo.SYS_GrupoPermissao
(gru_id, sis_id, mod_id, grp_consultar, grp_inserir, grp_alterar, grp_excluir)
VALUES('42E1E074-37D6-E911-ABD6-F81654FE895D', 1000, 60, 1, 0, 0, 0);
INSERT INTO CORESSO.dbo.SYS_GrupoPermissao
(gru_id, sis_id, mod_id, grp_consultar, grp_inserir, grp_alterar, grp_excluir)
VALUES('42E1E074-37D6-E911-ABD6-F81654FE895D', 1000, 61, 1, 0, 0, 0);
INSERT INTO CORESSO.dbo.SYS_GrupoPermissao
(gru_id, sis_id, mod_id, grp_consultar, grp_inserir, grp_alterar, grp_excluir)
VALUES('42E1E074-37D6-E911-ABD6-F81654FE895D', 1000, 63, 1, 0, 0, 0);
INSERT INTO CORESSO.dbo.SYS_GrupoPermissao
(gru_id, sis_id, mod_id, grp_consultar, grp_inserir, grp_alterar, grp_excluir)
VALUES('42E1E074-37D6-E911-ABD6-F81654FE895D', 1000, 64, 1, 0, 0, 0);
INSERT INTO CORESSO.dbo.SYS_GrupoPermissao
(gru_id, sis_id, mod_id, grp_consultar, grp_inserir, grp_alterar, grp_excluir)
VALUES('42E1E074-37D6-E911-ABD6-F81654FE895D', 1000, 65, 1, 0, 0, 0);
INSERT INTO CORESSO.dbo.SYS_GrupoPermissao
(gru_id, sis_id, mod_id, grp_consultar, grp_inserir, grp_alterar, grp_excluir)
VALUES('42E1E074-37D6-E911-ABD6-F81654FE895D', 1000, 66, 1, 0, 0, 0);
INSERT INTO CORESSO.dbo.SYS_GrupoPermissao
(gru_id, sis_id, mod_id, grp_consultar, grp_inserir, grp_alterar, grp_excluir)
VALUES('42E1E074-37D6-E911-ABD6-F81654FE895D', 1000, 68, 1, 0, 0, 0);
INSERT INTO CORESSO.dbo.SYS_GrupoPermissao
(gru_id, sis_id, mod_id, grp_consultar, grp_inserir, grp_alterar, grp_excluir)
VALUES('43E1E074-37D6-E911-ABD6-F81654FE895D', 1000, 16, 1, 0, 0, 0);
INSERT INTO CORESSO.dbo.SYS_GrupoPermissao
(gru_id, sis_id, mod_id, grp_consultar, grp_inserir, grp_alterar, grp_excluir)
VALUES('43E1E074-37D6-E911-ABD6-F81654FE895D', 1000, 17, 1, 0, 0, 0);
INSERT INTO CORESSO.dbo.SYS_GrupoPermissao
(gru_id, sis_id, mod_id, grp_consultar, grp_inserir, grp_alterar, grp_excluir)
VALUES('43E1E074-37D6-E911-ABD6-F81654FE895D', 1000, 19, 1, 0, 0, 0);
INSERT INTO CORESSO.dbo.SYS_GrupoPermissao
(gru_id, sis_id, mod_id, grp_consultar, grp_inserir, grp_alterar, grp_excluir)
VALUES('43E1E074-37D6-E911-ABD6-F81654FE895D', 1000, 20, 1, 0, 0, 0);
INSERT INTO CORESSO.dbo.SYS_GrupoPermissao
(gru_id, sis_id, mod_id, grp_consultar, grp_inserir, grp_alterar, grp_excluir)
VALUES('43E1E074-37D6-E911-ABD6-F81654FE895D', 1000, 22, 1, 0, 0, 0);
INSERT INTO CORESSO.dbo.SYS_GrupoPermissao
(gru_id, sis_id, mod_id, grp_consultar, grp_inserir, grp_alterar, grp_excluir)
VALUES('43E1E074-37D6-E911-ABD6-F81654FE895D', 1000, 23, 1, 0, 0, 0);
INSERT INTO CORESSO.dbo.SYS_GrupoPermissao
(gru_id, sis_id, mod_id, grp_consultar, grp_inserir, grp_alterar, grp_excluir)
VALUES('43E1E074-37D6-E911-ABD6-F81654FE895D', 1000, 25, 1, 0, 0, 0);
INSERT INTO CORESSO.dbo.SYS_GrupoPermissao
(gru_id, sis_id, mod_id, grp_consultar, grp_inserir, grp_alterar, grp_excluir)
VALUES('43E1E074-37D6-E911-ABD6-F81654FE895D', 1000, 26, 1, 1, 1, 1);
INSERT INTO CORESSO.dbo.SYS_GrupoPermissao
(gru_id, sis_id, mod_id, grp_consultar, grp_inserir, grp_alterar, grp_excluir)
VALUES('43E1E074-37D6-E911-ABD6-F81654FE895D', 1000, 28, 1, 1, 1, 1);
INSERT INTO CORESSO.dbo.SYS_GrupoPermissao
(gru_id, sis_id, mod_id, grp_consultar, grp_inserir, grp_alterar, grp_excluir)
VALUES('43E1E074-37D6-E911-ABD6-F81654FE895D', 1000, 29, 1, 0, 0, 0);
INSERT INTO CORESSO.dbo.SYS_GrupoPermissao
(gru_id, sis_id, mod_id, grp_consultar, grp_inserir, grp_alterar, grp_excluir)
VALUES('43E1E074-37D6-E911-ABD6-F81654FE895D', 1000, 32, 1, 0, 0, 0);
INSERT INTO CORESSO.dbo.SYS_GrupoPermissao
(gru_id, sis_id, mod_id, grp_consultar, grp_inserir, grp_alterar, grp_excluir)
VALUES('43E1E074-37D6-E911-ABD6-F81654FE895D', 1000, 33, 1, 0, 0, 0);
INSERT INTO CORESSO.dbo.SYS_GrupoPermissao
(gru_id, sis_id, mod_id, grp_consultar, grp_inserir, grp_alterar, grp_excluir)
VALUES('43E1E074-37D6-E911-ABD6-F81654FE895D', 1000, 34, 1, 0, 0, 0);
INSERT INTO CORESSO.dbo.SYS_GrupoPermissao
(gru_id, sis_id, mod_id, grp_consultar, grp_inserir, grp_alterar, grp_excluir)
VALUES('43E1E074-37D6-E911-ABD6-F81654FE895D', 1000, 37, 1, 0, 0, 0);
INSERT INTO CORESSO.dbo.SYS_GrupoPermissao
(gru_id, sis_id, mod_id, grp_consultar, grp_inserir, grp_alterar, grp_excluir)
VALUES('43E1E074-37D6-E911-ABD6-F81654FE895D', 1000, 42, 1, 0, 0, 0);
INSERT INTO CORESSO.dbo.SYS_GrupoPermissao
(gru_id, sis_id, mod_id, grp_consultar, grp_inserir, grp_alterar, grp_excluir)
VALUES('43E1E074-37D6-E911-ABD6-F81654FE895D', 1000, 44, 1, 0, 0, 0);
INSERT INTO CORESSO.dbo.SYS_GrupoPermissao
(gru_id, sis_id, mod_id, grp_consultar, grp_inserir, grp_alterar, grp_excluir)
VALUES('43E1E074-37D6-E911-ABD6-F81654FE895D', 1000, 46, 1, 0, 0, 0);
INSERT INTO CORESSO.dbo.SYS_GrupoPermissao
(gru_id, sis_id, mod_id, grp_consultar, grp_inserir, grp_alterar, grp_excluir)
VALUES('43E1E074-37D6-E911-ABD6-F81654FE895D', 1000, 47, 1, 0, 0, 0);
INSERT INTO CORESSO.dbo.SYS_GrupoPermissao
(gru_id, sis_id, mod_id, grp_consultar, grp_inserir, grp_alterar, grp_excluir)
VALUES('43E1E074-37D6-E911-ABD6-F81654FE895D', 1000, 50, 1, 0, 0, 0);
INSERT INTO CORESSO.dbo.SYS_GrupoPermissao
(gru_id, sis_id, mod_id, grp_consultar, grp_inserir, grp_alterar, grp_excluir)
VALUES('43E1E074-37D6-E911-ABD6-F81654FE895D', 1000, 51, 1, 0, 0, 0);
INSERT INTO CORESSO.dbo.SYS_GrupoPermissao
(gru_id, sis_id, mod_id, grp_consultar, grp_inserir, grp_alterar, grp_excluir)
VALUES('43E1E074-37D6-E911-ABD6-F81654FE895D', 1000, 52, 1, 0, 0, 0);
INSERT INTO CORESSO.dbo.SYS_GrupoPermissao
(gru_id, sis_id, mod_id, grp_consultar, grp_inserir, grp_alterar, grp_excluir)
VALUES('43E1E074-37D6-E911-ABD6-F81654FE895D', 1000, 55, 1, 0, 0, 0);
INSERT INTO CORESSO.dbo.SYS_GrupoPermissao
(gru_id, sis_id, mod_id, grp_consultar, grp_inserir, grp_alterar, grp_excluir)
VALUES('43E1E074-37D6-E911-ABD6-F81654FE895D', 1000, 56, 1, 1, 1, 1);
INSERT INTO CORESSO.dbo.SYS_GrupoPermissao
(gru_id, sis_id, mod_id, grp_consultar, grp_inserir, grp_alterar, grp_excluir)
VALUES('43E1E074-37D6-E911-ABD6-F81654FE895D', 1000, 58, 1, 0, 0, 0);
INSERT INTO CORESSO.dbo.SYS_GrupoPermissao
(gru_id, sis_id, mod_id, grp_consultar, grp_inserir, grp_alterar, grp_excluir)
VALUES('43E1E074-37D6-E911-ABD6-F81654FE895D', 1000, 60, 1, 0, 0, 0);
INSERT INTO CORESSO.dbo.SYS_GrupoPermissao
(gru_id, sis_id, mod_id, grp_consultar, grp_inserir, grp_alterar, grp_excluir)
VALUES('43E1E074-37D6-E911-ABD6-F81654FE895D', 1000, 63, 1, 0, 0, 0);
INSERT INTO CORESSO.dbo.SYS_GrupoPermissao
(gru_id, sis_id, mod_id, grp_consultar, grp_inserir, grp_alterar, grp_excluir)
VALUES('43E1E074-37D6-E911-ABD6-F81654FE895D', 1000, 64, 1, 0, 0, 0);
INSERT INTO CORESSO.dbo.SYS_GrupoPermissao
(gru_id, sis_id, mod_id, grp_consultar, grp_inserir, grp_alterar, grp_excluir)
VALUES('43E1E074-37D6-E911-ABD6-F81654FE895D', 1000, 65, 1, 0, 0, 0);
INSERT INTO CORESSO.dbo.SYS_GrupoPermissao
(gru_id, sis_id, mod_id, grp_consultar, grp_inserir, grp_alterar, grp_excluir)
VALUES('43E1E074-37D6-E911-ABD6-F81654FE895D', 1000, 66, 1, 0, 0, 0);
INSERT INTO CORESSO.dbo.SYS_GrupoPermissao
(gru_id, sis_id, mod_id, grp_consultar, grp_inserir, grp_alterar, grp_excluir)
VALUES('43E1E074-37D6-E911-ABD6-F81654FE895D', 1000, 68, 1, 0, 0, 0);
INSERT INTO CORESSO.dbo.SYS_GrupoPermissao
(gru_id, sis_id, mod_id, grp_consultar, grp_inserir, grp_alterar, grp_excluir)
VALUES('44E1E074-37D6-E911-ABD6-F81654FE895D', 1000, 16, 1, 1, 1, 1);
INSERT INTO CORESSO.dbo.SYS_GrupoPermissao
(gru_id, sis_id, mod_id, grp_consultar, grp_inserir, grp_alterar, grp_excluir)
VALUES('44E1E074-37D6-E911-ABD6-F81654FE895D', 1000, 17, 1, 0, 0, 0);
INSERT INTO CORESSO.dbo.SYS_GrupoPermissao
(gru_id, sis_id, mod_id, grp_consultar, grp_inserir, grp_alterar, grp_excluir)
VALUES('44E1E074-37D6-E911-ABD6-F81654FE895D', 1000, 18, 1, 0, 0, 0);
INSERT INTO CORESSO.dbo.SYS_GrupoPermissao
(gru_id, sis_id, mod_id, grp_consultar, grp_inserir, grp_alterar, grp_excluir)
VALUES('44E1E074-37D6-E911-ABD6-F81654FE895D', 1000, 19, 1, 0, 0, 0);
INSERT INTO CORESSO.dbo.SYS_GrupoPermissao
(gru_id, sis_id, mod_id, grp_consultar, grp_inserir, grp_alterar, grp_excluir)
VALUES('44E1E074-37D6-E911-ABD6-F81654FE895D', 1000, 20, 1, 0, 0, 0);
INSERT INTO CORESSO.dbo.SYS_GrupoPermissao
(gru_id, sis_id, mod_id, grp_consultar, grp_inserir, grp_alterar, grp_excluir)
VALUES('44E1E074-37D6-E911-ABD6-F81654FE895D', 1000, 22, 1, 0, 0, 0);
INSERT INTO CORESSO.dbo.SYS_GrupoPermissao
(gru_id, sis_id, mod_id, grp_consultar, grp_inserir, grp_alterar, grp_excluir)
VALUES('44E1E074-37D6-E911-ABD6-F81654FE895D', 1000, 23, 1, 1, 1, 1);
INSERT INTO CORESSO.dbo.SYS_GrupoPermissao
(gru_id, sis_id, mod_id, grp_consultar, grp_inserir, grp_alterar, grp_excluir)
VALUES('44E1E074-37D6-E911-ABD6-F81654FE895D', 1000, 24, 1, 0, 0, 0);
INSERT INTO CORESSO.dbo.SYS_GrupoPermissao
(gru_id, sis_id, mod_id, grp_consultar, grp_inserir, grp_alterar, grp_excluir)
VALUES('44E1E074-37D6-E911-ABD6-F81654FE895D', 1000, 25, 1, 1, 1, 1);
INSERT INTO CORESSO.dbo.SYS_GrupoPermissao
(gru_id, sis_id, mod_id, grp_consultar, grp_inserir, grp_alterar, grp_excluir)
VALUES('44E1E074-37D6-E911-ABD6-F81654FE895D', 1000, 26, 1, 1, 1, 1);
INSERT INTO CORESSO.dbo.SYS_GrupoPermissao
(gru_id, sis_id, mod_id, grp_consultar, grp_inserir, grp_alterar, grp_excluir)
VALUES('44E1E074-37D6-E911-ABD6-F81654FE895D', 1000, 28, 1, 1, 1, 1);
INSERT INTO CORESSO.dbo.SYS_GrupoPermissao
(gru_id, sis_id, mod_id, grp_consultar, grp_inserir, grp_alterar, grp_excluir)
VALUES('44E1E074-37D6-E911-ABD6-F81654FE895D', 1000, 29, 1, 0, 0, 0);
INSERT INTO CORESSO.dbo.SYS_GrupoPermissao
(gru_id, sis_id, mod_id, grp_consultar, grp_inserir, grp_alterar, grp_excluir)
VALUES('44E1E074-37D6-E911-ABD6-F81654FE895D', 1000, 32, 1, 0, 0, 0);
INSERT INTO CORESSO.dbo.SYS_GrupoPermissao
(gru_id, sis_id, mod_id, grp_consultar, grp_inserir, grp_alterar, grp_excluir)
VALUES('44E1E074-37D6-E911-ABD6-F81654FE895D', 1000, 33, 1, 0, 0, 0);
INSERT INTO CORESSO.dbo.SYS_GrupoPermissao
(gru_id, sis_id, mod_id, grp_consultar, grp_inserir, grp_alterar, grp_excluir)
VALUES('44E1E074-37D6-E911-ABD6-F81654FE895D', 1000, 34, 1, 0, 0, 0);
INSERT INTO CORESSO.dbo.SYS_GrupoPermissao
(gru_id, sis_id, mod_id, grp_consultar, grp_inserir, grp_alterar, grp_excluir)
VALUES('44E1E074-37D6-E911-ABD6-F81654FE895D', 1000, 37, 1, 0, 0, 0);
INSERT INTO CORESSO.dbo.SYS_GrupoPermissao
(gru_id, sis_id, mod_id, grp_consultar, grp_inserir, grp_alterar, grp_excluir)
VALUES('44E1E074-37D6-E911-ABD6-F81654FE895D', 1000, 41, 1, 1, 0, 0);
INSERT INTO CORESSO.dbo.SYS_GrupoPermissao
(gru_id, sis_id, mod_id, grp_consultar, grp_inserir, grp_alterar, grp_excluir)
VALUES('44E1E074-37D6-E911-ABD6-F81654FE895D', 1000, 42, 1, 0, 0, 0);
INSERT INTO CORESSO.dbo.SYS_GrupoPermissao
(gru_id, sis_id, mod_id, grp_consultar, grp_inserir, grp_alterar, grp_excluir)
VALUES('44E1E074-37D6-E911-ABD6-F81654FE895D', 1000, 44, 1, 0, 0, 0);
INSERT INTO CORESSO.dbo.SYS_GrupoPermissao
(gru_id, sis_id, mod_id, grp_consultar, grp_inserir, grp_alterar, grp_excluir)
VALUES('44E1E074-37D6-E911-ABD6-F81654FE895D', 1000, 46, 1, 1, 1, 1);
INSERT INTO CORESSO.dbo.SYS_GrupoPermissao
(gru_id, sis_id, mod_id, grp_consultar, grp_inserir, grp_alterar, grp_excluir)
VALUES('44E1E074-37D6-E911-ABD6-F81654FE895D', 1000, 47, 1, 0, 0, 0);
INSERT INTO CORESSO.dbo.SYS_GrupoPermissao
(gru_id, sis_id, mod_id, grp_consultar, grp_inserir, grp_alterar, grp_excluir)
VALUES('44E1E074-37D6-E911-ABD6-F81654FE895D', 1000, 48, 1, 1, 1, 1);
INSERT INTO CORESSO.dbo.SYS_GrupoPermissao
(gru_id, sis_id, mod_id, grp_consultar, grp_inserir, grp_alterar, grp_excluir)
VALUES('44E1E074-37D6-E911-ABD6-F81654FE895D', 1000, 49, 1, 0, 0, 0);
INSERT INTO CORESSO.dbo.SYS_GrupoPermissao
(gru_id, sis_id, mod_id, grp_consultar, grp_inserir, grp_alterar, grp_excluir)
VALUES('44E1E074-37D6-E911-ABD6-F81654FE895D', 1000, 50, 1, 1, 1, 1);
INSERT INTO CORESSO.dbo.SYS_GrupoPermissao
(gru_id, sis_id, mod_id, grp_consultar, grp_inserir, grp_alterar, grp_excluir)
VALUES('44E1E074-37D6-E911-ABD6-F81654FE895D', 1000, 51, 1, 1, 1, 1);
INSERT INTO CORESSO.dbo.SYS_GrupoPermissao
(gru_id, sis_id, mod_id, grp_consultar, grp_inserir, grp_alterar, grp_excluir)
VALUES('44E1E074-37D6-E911-ABD6-F81654FE895D', 1000, 52, 1, 1, 1, 1);
INSERT INTO CORESSO.dbo.SYS_GrupoPermissao
(gru_id, sis_id, mod_id, grp_consultar, grp_inserir, grp_alterar, grp_excluir)
VALUES('44E1E074-37D6-E911-ABD6-F81654FE895D', 1000, 53, 1, 1, 1, 1);
INSERT INTO CORESSO.dbo.SYS_GrupoPermissao
(gru_id, sis_id, mod_id, grp_consultar, grp_inserir, grp_alterar, grp_excluir)
VALUES('44E1E074-37D6-E911-ABD6-F81654FE895D', 1000, 54, 1, 1, 1, 1);
INSERT INTO CORESSO.dbo.SYS_GrupoPermissao
(gru_id, sis_id, mod_id, grp_consultar, grp_inserir, grp_alterar, grp_excluir)
VALUES('44E1E074-37D6-E911-ABD6-F81654FE895D', 1000, 55, 1, 0, 0, 0);
INSERT INTO CORESSO.dbo.SYS_GrupoPermissao
(gru_id, sis_id, mod_id, grp_consultar, grp_inserir, grp_alterar, grp_excluir)
VALUES('44E1E074-37D6-E911-ABD6-F81654FE895D', 1000, 57, 1, 0, 0, 0);
INSERT INTO CORESSO.dbo.SYS_GrupoPermissao
(gru_id, sis_id, mod_id, grp_consultar, grp_inserir, grp_alterar, grp_excluir)
VALUES('44E1E074-37D6-E911-ABD6-F81654FE895D', 1000, 58, 1, 1, 1, 1);
INSERT INTO CORESSO.dbo.SYS_GrupoPermissao
(gru_id, sis_id, mod_id, grp_consultar, grp_inserir, grp_alterar, grp_excluir)
VALUES('44E1E074-37D6-E911-ABD6-F81654FE895D', 1000, 59, 1, 1, 1, 1);
INSERT INTO CORESSO.dbo.SYS_GrupoPermissao
(gru_id, sis_id, mod_id, grp_consultar, grp_inserir, grp_alterar, grp_excluir)
VALUES('44E1E074-37D6-E911-ABD6-F81654FE895D', 1000, 60, 1, 0, 0, 0);
INSERT INTO CORESSO.dbo.SYS_GrupoPermissao
(gru_id, sis_id, mod_id, grp_consultar, grp_inserir, grp_alterar, grp_excluir)
VALUES('44E1E074-37D6-E911-ABD6-F81654FE895D', 1000, 61, 1, 1, 1, 1);
INSERT INTO CORESSO.dbo.SYS_GrupoPermissao
(gru_id, sis_id, mod_id, grp_consultar, grp_inserir, grp_alterar, grp_excluir)
VALUES('44E1E074-37D6-E911-ABD6-F81654FE895D', 1000, 62, 1, 0, 0, 0);
INSERT INTO CORESSO.dbo.SYS_GrupoPermissao
(gru_id, sis_id, mod_id, grp_consultar, grp_inserir, grp_alterar, grp_excluir)
VALUES('44E1E074-37D6-E911-ABD6-F81654FE895D', 1000, 63, 1, 0, 0, 0);
INSERT INTO CORESSO.dbo.SYS_GrupoPermissao
(gru_id, sis_id, mod_id, grp_consultar, grp_inserir, grp_alterar, grp_excluir)
VALUES('44E1E074-37D6-E911-ABD6-F81654FE895D', 1000, 64, 1, 0, 0, 0);
INSERT INTO CORESSO.dbo.SYS_GrupoPermissao
(gru_id, sis_id, mod_id, grp_consultar, grp_inserir, grp_alterar, grp_excluir)
VALUES('44E1E074-37D6-E911-ABD6-F81654FE895D', 1000, 65, 1, 0, 0, 0);
INSERT INTO CORESSO.dbo.SYS_GrupoPermissao
(gru_id, sis_id, mod_id, grp_consultar, grp_inserir, grp_alterar, grp_excluir)
VALUES('44E1E074-37D6-E911-ABD6-F81654FE895D', 1000, 66, 1, 0, 0, 0);
INSERT INTO CORESSO.dbo.SYS_GrupoPermissao
(gru_id, sis_id, mod_id, grp_consultar, grp_inserir, grp_alterar, grp_excluir)
VALUES('44E1E074-37D6-E911-ABD6-F81654FE895D', 1000, 67, 1, 0, 0, 0);
INSERT INTO CORESSO.dbo.SYS_GrupoPermissao
(gru_id, sis_id, mod_id, grp_consultar, grp_inserir, grp_alterar, grp_excluir)
VALUES('44E1E074-37D6-E911-ABD6-F81654FE895D', 1000, 68, 1, 0, 0, 0);
INSERT INTO CORESSO.dbo.SYS_GrupoPermissao
(gru_id, sis_id, mod_id, grp_consultar, grp_inserir, grp_alterar, grp_excluir)
VALUES('44E1E074-37D6-E911-ABD6-F81654FE895D', 1000, 69, 1, 1, 1, 1);
INSERT INTO CORESSO.dbo.SYS_GrupoPermissao
(gru_id, sis_id, mod_id, grp_consultar, grp_inserir, grp_alterar, grp_excluir)
VALUES('44E1E074-37D6-E911-ABD6-F81654FE895D', 1000, 70, 1, 1, 1, 1);
INSERT INTO CORESSO.dbo.SYS_GrupoPermissao
(gru_id, sis_id, mod_id, grp_consultar, grp_inserir, grp_alterar, grp_excluir)
VALUES('45E1E074-37D6-E911-ABD6-F81654FE895D', 1000, 16, 1, 1, 1, 1);
INSERT INTO CORESSO.dbo.SYS_GrupoPermissao
(gru_id, sis_id, mod_id, grp_consultar, grp_inserir, grp_alterar, grp_excluir)
VALUES('45E1E074-37D6-E911-ABD6-F81654FE895D', 1000, 17, 1, 0, 0, 0);
INSERT INTO CORESSO.dbo.SYS_GrupoPermissao
(gru_id, sis_id, mod_id, grp_consultar, grp_inserir, grp_alterar, grp_excluir)
VALUES('45E1E074-37D6-E911-ABD6-F81654FE895D', 1000, 18, 1, 0, 0, 0);
INSERT INTO CORESSO.dbo.SYS_GrupoPermissao
(gru_id, sis_id, mod_id, grp_consultar, grp_inserir, grp_alterar, grp_excluir)
VALUES('45E1E074-37D6-E911-ABD6-F81654FE895D', 1000, 19, 1, 0, 0, 0);
INSERT INTO CORESSO.dbo.SYS_GrupoPermissao
(gru_id, sis_id, mod_id, grp_consultar, grp_inserir, grp_alterar, grp_excluir)
VALUES('45E1E074-37D6-E911-ABD6-F81654FE895D', 1000, 20, 1, 0, 0, 0);
INSERT INTO CORESSO.dbo.SYS_GrupoPermissao
(gru_id, sis_id, mod_id, grp_consultar, grp_inserir, grp_alterar, grp_excluir)
VALUES('45E1E074-37D6-E911-ABD6-F81654FE895D', 1000, 22, 1, 0, 0, 0);
INSERT INTO CORESSO.dbo.SYS_GrupoPermissao
(gru_id, sis_id, mod_id, grp_consultar, grp_inserir, grp_alterar, grp_excluir)
VALUES('45E1E074-37D6-E911-ABD6-F81654FE895D', 1000, 23, 1, 0, 0, 0);
INSERT INTO CORESSO.dbo.SYS_GrupoPermissao
(gru_id, sis_id, mod_id, grp_consultar, grp_inserir, grp_alterar, grp_excluir)
VALUES('45E1E074-37D6-E911-ABD6-F81654FE895D', 1000, 24, 1, 0, 0, 0);
INSERT INTO CORESSO.dbo.SYS_GrupoPermissao
(gru_id, sis_id, mod_id, grp_consultar, grp_inserir, grp_alterar, grp_excluir)
VALUES('45E1E074-37D6-E911-ABD6-F81654FE895D', 1000, 25, 1, 0, 0, 0);
INSERT INTO CORESSO.dbo.SYS_GrupoPermissao
(gru_id, sis_id, mod_id, grp_consultar, grp_inserir, grp_alterar, grp_excluir)
VALUES('45E1E074-37D6-E911-ABD6-F81654FE895D', 1000, 26, 1, 1, 1, 1);
INSERT INTO CORESSO.dbo.SYS_GrupoPermissao
(gru_id, sis_id, mod_id, grp_consultar, grp_inserir, grp_alterar, grp_excluir)
VALUES('45E1E074-37D6-E911-ABD6-F81654FE895D', 1000, 28, 1, 1, 1, 1);
INSERT INTO CORESSO.dbo.SYS_GrupoPermissao
(gru_id, sis_id, mod_id, grp_consultar, grp_inserir, grp_alterar, grp_excluir)
VALUES('45E1E074-37D6-E911-ABD6-F81654FE895D', 1000, 29, 1, 0, 0, 0);
INSERT INTO CORESSO.dbo.SYS_GrupoPermissao
(gru_id, sis_id, mod_id, grp_consultar, grp_inserir, grp_alterar, grp_excluir)
VALUES('45E1E074-37D6-E911-ABD6-F81654FE895D', 1000, 32, 1, 0, 0, 0);
INSERT INTO CORESSO.dbo.SYS_GrupoPermissao
(gru_id, sis_id, mod_id, grp_consultar, grp_inserir, grp_alterar, grp_excluir)
VALUES('45E1E074-37D6-E911-ABD6-F81654FE895D', 1000, 33, 1, 1, 1, 1);
INSERT INTO CORESSO.dbo.SYS_GrupoPermissao
(gru_id, sis_id, mod_id, grp_consultar, grp_inserir, grp_alterar, grp_excluir)
VALUES('45E1E074-37D6-E911-ABD6-F81654FE895D', 1000, 34, 1, 1, 1, 1);
INSERT INTO CORESSO.dbo.SYS_GrupoPermissao
(gru_id, sis_id, mod_id, grp_consultar, grp_inserir, grp_alterar, grp_excluir)
VALUES('45E1E074-37D6-E911-ABD6-F81654FE895D', 1000, 37, 1, 1, 1, 1);
INSERT INTO CORESSO.dbo.SYS_GrupoPermissao
(gru_id, sis_id, mod_id, grp_consultar, grp_inserir, grp_alterar, grp_excluir)
VALUES('45E1E074-37D6-E911-ABD6-F81654FE895D', 1000, 41, 1, 1, 0, 0);
INSERT INTO CORESSO.dbo.SYS_GrupoPermissao
(gru_id, sis_id, mod_id, grp_consultar, grp_inserir, grp_alterar, grp_excluir)
VALUES('45E1E074-37D6-E911-ABD6-F81654FE895D', 1000, 42, 1, 0, 0, 0);
INSERT INTO CORESSO.dbo.SYS_GrupoPermissao
(gru_id, sis_id, mod_id, grp_consultar, grp_inserir, grp_alterar, grp_excluir)
VALUES('45E1E074-37D6-E911-ABD6-F81654FE895D', 1000, 44, 1, 0, 0, 0);
INSERT INTO CORESSO.dbo.SYS_GrupoPermissao
(gru_id, sis_id, mod_id, grp_consultar, grp_inserir, grp_alterar, grp_excluir)
VALUES('45E1E074-37D6-E911-ABD6-F81654FE895D', 1000, 46, 1, 1, 1, 1);
INSERT INTO CORESSO.dbo.SYS_GrupoPermissao
(gru_id, sis_id, mod_id, grp_consultar, grp_inserir, grp_alterar, grp_excluir)
VALUES('45E1E074-37D6-E911-ABD6-F81654FE895D', 1000, 47, 1, 0, 0, 0);
INSERT INTO CORESSO.dbo.SYS_GrupoPermissao
(gru_id, sis_id, mod_id, grp_consultar, grp_inserir, grp_alterar, grp_excluir)
VALUES('45E1E074-37D6-E911-ABD6-F81654FE895D', 1000, 48, 1, 0, 0, 0);
INSERT INTO CORESSO.dbo.SYS_GrupoPermissao
(gru_id, sis_id, mod_id, grp_consultar, grp_inserir, grp_alterar, grp_excluir)
VALUES('45E1E074-37D6-E911-ABD6-F81654FE895D', 1000, 49, 1, 0, 0, 0);
INSERT INTO CORESSO.dbo.SYS_GrupoPermissao
(gru_id, sis_id, mod_id, grp_consultar, grp_inserir, grp_alterar, grp_excluir)
VALUES('45E1E074-37D6-E911-ABD6-F81654FE895D', 1000, 50, 1, 1, 1, 1);
INSERT INTO CORESSO.dbo.SYS_GrupoPermissao
(gru_id, sis_id, mod_id, grp_consultar, grp_inserir, grp_alterar, grp_excluir)
VALUES('45E1E074-37D6-E911-ABD6-F81654FE895D', 1000, 51, 1, 0, 0, 0);
INSERT INTO CORESSO.dbo.SYS_GrupoPermissao
(gru_id, sis_id, mod_id, grp_consultar, grp_inserir, grp_alterar, grp_excluir)
VALUES('45E1E074-37D6-E911-ABD6-F81654FE895D', 1000, 52, 1, 1, 1, 1);
INSERT INTO CORESSO.dbo.SYS_GrupoPermissao
(gru_id, sis_id, mod_id, grp_consultar, grp_inserir, grp_alterar, grp_excluir)
VALUES('45E1E074-37D6-E911-ABD6-F81654FE895D', 1000, 53, 1, 1, 1, 1);
INSERT INTO CORESSO.dbo.SYS_GrupoPermissao
(gru_id, sis_id, mod_id, grp_consultar, grp_inserir, grp_alterar, grp_excluir)
VALUES('45E1E074-37D6-E911-ABD6-F81654FE895D', 1000, 54, 1, 0, 0, 0);
INSERT INTO CORESSO.dbo.SYS_GrupoPermissao
(gru_id, sis_id, mod_id, grp_consultar, grp_inserir, grp_alterar, grp_excluir)
VALUES('45E1E074-37D6-E911-ABD6-F81654FE895D', 1000, 55, 1, 0, 0, 0);
INSERT INTO CORESSO.dbo.SYS_GrupoPermissao
(gru_id, sis_id, mod_id, grp_consultar, grp_inserir, grp_alterar, grp_excluir)
VALUES('45E1E074-37D6-E911-ABD6-F81654FE895D', 1000, 57, 1, 0, 0, 0);
INSERT INTO CORESSO.dbo.SYS_GrupoPermissao
(gru_id, sis_id, mod_id, grp_consultar, grp_inserir, grp_alterar, grp_excluir)
VALUES('45E1E074-37D6-E911-ABD6-F81654FE895D', 1000, 58, 1, 0, 0, 0);
INSERT INTO CORESSO.dbo.SYS_GrupoPermissao
(gru_id, sis_id, mod_id, grp_consultar, grp_inserir, grp_alterar, grp_excluir)
VALUES('45E1E074-37D6-E911-ABD6-F81654FE895D', 1000, 59, 1, 1, 1, 1);
INSERT INTO CORESSO.dbo.SYS_GrupoPermissao
(gru_id, sis_id, mod_id, grp_consultar, grp_inserir, grp_alterar, grp_excluir)
VALUES('45E1E074-37D6-E911-ABD6-F81654FE895D', 1000, 60, 1, 0, 0, 0);
INSERT INTO CORESSO.dbo.SYS_GrupoPermissao
(gru_id, sis_id, mod_id, grp_consultar, grp_inserir, grp_alterar, grp_excluir)
VALUES('45E1E074-37D6-E911-ABD6-F81654FE895D', 1000, 61, 1, 1, 1, 1);
INSERT INTO CORESSO.dbo.SYS_GrupoPermissao
(gru_id, sis_id, mod_id, grp_consultar, grp_inserir, grp_alterar, grp_excluir)
VALUES('45E1E074-37D6-E911-ABD6-F81654FE895D', 1000, 62, 1, 0, 0, 0);
INSERT INTO CORESSO.dbo.SYS_GrupoPermissao
(gru_id, sis_id, mod_id, grp_consultar, grp_inserir, grp_alterar, grp_excluir)
VALUES('45E1E074-37D6-E911-ABD6-F81654FE895D', 1000, 63, 1, 0, 0, 0);
INSERT INTO CORESSO.dbo.SYS_GrupoPermissao
(gru_id, sis_id, mod_id, grp_consultar, grp_inserir, grp_alterar, grp_excluir)
VALUES('45E1E074-37D6-E911-ABD6-F81654FE895D', 1000, 64, 1, 0, 0, 0);
INSERT INTO CORESSO.dbo.SYS_GrupoPermissao
(gru_id, sis_id, mod_id, grp_consultar, grp_inserir, grp_alterar, grp_excluir)
VALUES('45E1E074-37D6-E911-ABD6-F81654FE895D', 1000, 65, 1, 0, 0, 0);
INSERT INTO CORESSO.dbo.SYS_GrupoPermissao
(gru_id, sis_id, mod_id, grp_consultar, grp_inserir, grp_alterar, grp_excluir)
VALUES('45E1E074-37D6-E911-ABD6-F81654FE895D', 1000, 66, 1, 0, 0, 0);
INSERT INTO CORESSO.dbo.SYS_GrupoPermissao
(gru_id, sis_id, mod_id, grp_consultar, grp_inserir, grp_alterar, grp_excluir)
VALUES('45E1E074-37D6-E911-ABD6-F81654FE895D', 1000, 67, 1, 0, 0, 0);
INSERT INTO CORESSO.dbo.SYS_GrupoPermissao
(gru_id, sis_id, mod_id, grp_consultar, grp_inserir, grp_alterar, grp_excluir)
VALUES('45E1E074-37D6-E911-ABD6-F81654FE895D', 1000, 68, 1, 0, 0, 0);
INSERT INTO CORESSO.dbo.SYS_GrupoPermissao
(gru_id, sis_id, mod_id, grp_consultar, grp_inserir, grp_alterar, grp_excluir)
VALUES('45E1E074-37D6-E911-ABD6-F81654FE895D', 1000, 69, 1, 0, 0, 0);
INSERT INTO CORESSO.dbo.SYS_GrupoPermissao
(gru_id, sis_id, mod_id, grp_consultar, grp_inserir, grp_alterar, grp_excluir)
VALUES('45E1E074-37D6-E911-ABD6-F81654FE895D', 1000, 70, 1, 1, 1, 1);
INSERT INTO CORESSO.dbo.SYS_GrupoPermissao
(gru_id, sis_id, mod_id, grp_consultar, grp_inserir, grp_alterar, grp_excluir)
VALUES('46E1E074-37D6-E911-ABD6-F81654FE895D', 1000, 16, 1, 1, 1, 1);
INSERT INTO CORESSO.dbo.SYS_GrupoPermissao
(gru_id, sis_id, mod_id, grp_consultar, grp_inserir, grp_alterar, grp_excluir)
VALUES('46E1E074-37D6-E911-ABD6-F81654FE895D', 1000, 17, 1, 0, 0, 0);
INSERT INTO CORESSO.dbo.SYS_GrupoPermissao
(gru_id, sis_id, mod_id, grp_consultar, grp_inserir, grp_alterar, grp_excluir)
VALUES('46E1E074-37D6-E911-ABD6-F81654FE895D', 1000, 18, 1, 0, 0, 0);
INSERT INTO CORESSO.dbo.SYS_GrupoPermissao
(gru_id, sis_id, mod_id, grp_consultar, grp_inserir, grp_alterar, grp_excluir)
VALUES('46E1E074-37D6-E911-ABD6-F81654FE895D', 1000, 19, 1, 0, 0, 0);
INSERT INTO CORESSO.dbo.SYS_GrupoPermissao
(gru_id, sis_id, mod_id, grp_consultar, grp_inserir, grp_alterar, grp_excluir)
VALUES('46E1E074-37D6-E911-ABD6-F81654FE895D', 1000, 20, 1, 0, 0, 0);
INSERT INTO CORESSO.dbo.SYS_GrupoPermissao
(gru_id, sis_id, mod_id, grp_consultar, grp_inserir, grp_alterar, grp_excluir)
VALUES('46E1E074-37D6-E911-ABD6-F81654FE895D', 1000, 22, 1, 0, 0, 0);
INSERT INTO CORESSO.dbo.SYS_GrupoPermissao
(gru_id, sis_id, mod_id, grp_consultar, grp_inserir, grp_alterar, grp_excluir)
VALUES('46E1E074-37D6-E911-ABD6-F81654FE895D', 1000, 23, 1, 1, 0, 0);
INSERT INTO CORESSO.dbo.SYS_GrupoPermissao
(gru_id, sis_id, mod_id, grp_consultar, grp_inserir, grp_alterar, grp_excluir)
VALUES('46E1E074-37D6-E911-ABD6-F81654FE895D', 1000, 24, 1, 0, 0, 0);
INSERT INTO CORESSO.dbo.SYS_GrupoPermissao
(gru_id, sis_id, mod_id, grp_consultar, grp_inserir, grp_alterar, grp_excluir)
VALUES('46E1E074-37D6-E911-ABD6-F81654FE895D', 1000, 25, 1, 0, 0, 0);
INSERT INTO CORESSO.dbo.SYS_GrupoPermissao
(gru_id, sis_id, mod_id, grp_consultar, grp_inserir, grp_alterar, grp_excluir)
VALUES('46E1E074-37D6-E911-ABD6-F81654FE895D', 1000, 26, 1, 1, 1, 1);
INSERT INTO CORESSO.dbo.SYS_GrupoPermissao
(gru_id, sis_id, mod_id, grp_consultar, grp_inserir, grp_alterar, grp_excluir)
VALUES('46E1E074-37D6-E911-ABD6-F81654FE895D', 1000, 28, 1, 1, 1, 1);
INSERT INTO CORESSO.dbo.SYS_GrupoPermissao
(gru_id, sis_id, mod_id, grp_consultar, grp_inserir, grp_alterar, grp_excluir)
VALUES('46E1E074-37D6-E911-ABD6-F81654FE895D', 1000, 29, 1, 0, 0, 0);
INSERT INTO CORESSO.dbo.SYS_GrupoPermissao
(gru_id, sis_id, mod_id, grp_consultar, grp_inserir, grp_alterar, grp_excluir)
VALUES('46E1E074-37D6-E911-ABD6-F81654FE895D', 1000, 30, 1, 1, 1, 1);
INSERT INTO CORESSO.dbo.SYS_GrupoPermissao
(gru_id, sis_id, mod_id, grp_consultar, grp_inserir, grp_alterar, grp_excluir)
VALUES('46E1E074-37D6-E911-ABD6-F81654FE895D', 1000, 32, 1, 0, 0, 0);
INSERT INTO CORESSO.dbo.SYS_GrupoPermissao
(gru_id, sis_id, mod_id, grp_consultar, grp_inserir, grp_alterar, grp_excluir)
VALUES('46E1E074-37D6-E911-ABD6-F81654FE895D', 1000, 33, 1, 1, 1, 1);
INSERT INTO CORESSO.dbo.SYS_GrupoPermissao
(gru_id, sis_id, mod_id, grp_consultar, grp_inserir, grp_alterar, grp_excluir)
VALUES('46E1E074-37D6-E911-ABD6-F81654FE895D', 1000, 34, 1, 1, 1, 1);
INSERT INTO CORESSO.dbo.SYS_GrupoPermissao
(gru_id, sis_id, mod_id, grp_consultar, grp_inserir, grp_alterar, grp_excluir)
VALUES('46E1E074-37D6-E911-ABD6-F81654FE895D', 1000, 37, 1, 1, 1, 1);
INSERT INTO CORESSO.dbo.SYS_GrupoPermissao
(gru_id, sis_id, mod_id, grp_consultar, grp_inserir, grp_alterar, grp_excluir)
VALUES('46E1E074-37D6-E911-ABD6-F81654FE895D', 1000, 39, 1, 1, 1, 1);
INSERT INTO CORESSO.dbo.SYS_GrupoPermissao
(gru_id, sis_id, mod_id, grp_consultar, grp_inserir, grp_alterar, grp_excluir)
VALUES('46E1E074-37D6-E911-ABD6-F81654FE895D', 1000, 41, 1, 1, 0, 0);
INSERT INTO CORESSO.dbo.SYS_GrupoPermissao
(gru_id, sis_id, mod_id, grp_consultar, grp_inserir, grp_alterar, grp_excluir)
VALUES('46E1E074-37D6-E911-ABD6-F81654FE895D', 1000, 42, 1, 0, 0, 0);
INSERT INTO CORESSO.dbo.SYS_GrupoPermissao
(gru_id, sis_id, mod_id, grp_consultar, grp_inserir, grp_alterar, grp_excluir)
VALUES('46E1E074-37D6-E911-ABD6-F81654FE895D', 1000, 44, 1, 0, 0, 0);
INSERT INTO CORESSO.dbo.SYS_GrupoPermissao
(gru_id, sis_id, mod_id, grp_consultar, grp_inserir, grp_alterar, grp_excluir)
VALUES('46E1E074-37D6-E911-ABD6-F81654FE895D', 1000, 46, 1, 1, 1, 1);
INSERT INTO CORESSO.dbo.SYS_GrupoPermissao
(gru_id, sis_id, mod_id, grp_consultar, grp_inserir, grp_alterar, grp_excluir)
VALUES('46E1E074-37D6-E911-ABD6-F81654FE895D', 1000, 47, 1, 0, 0, 0);
INSERT INTO CORESSO.dbo.SYS_GrupoPermissao
(gru_id, sis_id, mod_id, grp_consultar, grp_inserir, grp_alterar, grp_excluir)
VALUES('46E1E074-37D6-E911-ABD6-F81654FE895D', 1000, 48, 1, 0, 0, 0);
INSERT INTO CORESSO.dbo.SYS_GrupoPermissao
(gru_id, sis_id, mod_id, grp_consultar, grp_inserir, grp_alterar, grp_excluir)
VALUES('46E1E074-37D6-E911-ABD6-F81654FE895D', 1000, 49, 1, 0, 0, 0);
INSERT INTO CORESSO.dbo.SYS_GrupoPermissao
(gru_id, sis_id, mod_id, grp_consultar, grp_inserir, grp_alterar, grp_excluir)
VALUES('46E1E074-37D6-E911-ABD6-F81654FE895D', 1000, 50, 1, 1, 1, 1);
INSERT INTO CORESSO.dbo.SYS_GrupoPermissao
(gru_id, sis_id, mod_id, grp_consultar, grp_inserir, grp_alterar, grp_excluir)
VALUES('46E1E074-37D6-E911-ABD6-F81654FE895D', 1000, 51, 1, 0, 0, 0);
INSERT INTO CORESSO.dbo.SYS_GrupoPermissao
(gru_id, sis_id, mod_id, grp_consultar, grp_inserir, grp_alterar, grp_excluir)
VALUES('46E1E074-37D6-E911-ABD6-F81654FE895D', 1000, 52, 1, 1, 1, 1);
INSERT INTO CORESSO.dbo.SYS_GrupoPermissao
(gru_id, sis_id, mod_id, grp_consultar, grp_inserir, grp_alterar, grp_excluir)
VALUES('46E1E074-37D6-E911-ABD6-F81654FE895D', 1000, 53, 1, 1, 1, 1);
INSERT INTO CORESSO.dbo.SYS_GrupoPermissao
(gru_id, sis_id, mod_id, grp_consultar, grp_inserir, grp_alterar, grp_excluir)
VALUES('46E1E074-37D6-E911-ABD6-F81654FE895D', 1000, 54, 1, 0, 0, 0);
INSERT INTO CORESSO.dbo.SYS_GrupoPermissao
(gru_id, sis_id, mod_id, grp_consultar, grp_inserir, grp_alterar, grp_excluir)
VALUES('46E1E074-37D6-E911-ABD6-F81654FE895D', 1000, 55, 1, 0, 0, 0);
INSERT INTO CORESSO.dbo.SYS_GrupoPermissao
(gru_id, sis_id, mod_id, grp_consultar, grp_inserir, grp_alterar, grp_excluir)
VALUES('46E1E074-37D6-E911-ABD6-F81654FE895D', 1000, 56, 1, 1, 1, 1);
INSERT INTO CORESSO.dbo.SYS_GrupoPermissao
(gru_id, sis_id, mod_id, grp_consultar, grp_inserir, grp_alterar, grp_excluir)
VALUES('46E1E074-37D6-E911-ABD6-F81654FE895D', 1000, 57, 1, 0, 0, 0);
INSERT INTO CORESSO.dbo.SYS_GrupoPermissao
(gru_id, sis_id, mod_id, grp_consultar, grp_inserir, grp_alterar, grp_excluir)
VALUES('46E1E074-37D6-E911-ABD6-F81654FE895D', 1000, 58, 1, 0, 0, 0);
INSERT INTO CORESSO.dbo.SYS_GrupoPermissao
(gru_id, sis_id, mod_id, grp_consultar, grp_inserir, grp_alterar, grp_excluir)
VALUES('46E1E074-37D6-E911-ABD6-F81654FE895D', 1000, 59, 1, 1, 1, 1);
INSERT INTO CORESSO.dbo.SYS_GrupoPermissao
(gru_id, sis_id, mod_id, grp_consultar, grp_inserir, grp_alterar, grp_excluir)
VALUES('46E1E074-37D6-E911-ABD6-F81654FE895D', 1000, 60, 1, 0, 0, 0);
INSERT INTO CORESSO.dbo.SYS_GrupoPermissao
(gru_id, sis_id, mod_id, grp_consultar, grp_inserir, grp_alterar, grp_excluir)
VALUES('46E1E074-37D6-E911-ABD6-F81654FE895D', 1000, 61, 1, 1, 1, 1);
INSERT INTO CORESSO.dbo.SYS_GrupoPermissao
(gru_id, sis_id, mod_id, grp_consultar, grp_inserir, grp_alterar, grp_excluir)
VALUES('46E1E074-37D6-E911-ABD6-F81654FE895D', 1000, 62, 1, 0, 0, 0);
INSERT INTO CORESSO.dbo.SYS_GrupoPermissao
(gru_id, sis_id, mod_id, grp_consultar, grp_inserir, grp_alterar, grp_excluir)
VALUES('46E1E074-37D6-E911-ABD6-F81654FE895D', 1000, 63, 1, 0, 0, 0);
INSERT INTO CORESSO.dbo.SYS_GrupoPermissao
(gru_id, sis_id, mod_id, grp_consultar, grp_inserir, grp_alterar, grp_excluir)
VALUES('46E1E074-37D6-E911-ABD6-F81654FE895D', 1000, 64, 1, 0, 0, 0);
INSERT INTO CORESSO.dbo.SYS_GrupoPermissao
(gru_id, sis_id, mod_id, grp_consultar, grp_inserir, grp_alterar, grp_excluir)
VALUES('46E1E074-37D6-E911-ABD6-F81654FE895D', 1000, 65, 1, 0, 0, 0);
INSERT INTO CORESSO.dbo.SYS_GrupoPermissao
(gru_id, sis_id, mod_id, grp_consultar, grp_inserir, grp_alterar, grp_excluir)
VALUES('46E1E074-37D6-E911-ABD6-F81654FE895D', 1000, 66, 1, 0, 0, 0);
INSERT INTO CORESSO.dbo.SYS_GrupoPermissao
(gru_id, sis_id, mod_id, grp_consultar, grp_inserir, grp_alterar, grp_excluir)
VALUES('46E1E074-37D6-E911-ABD6-F81654FE895D', 1000, 67, 1, 0, 0, 0);
INSERT INTO CORESSO.dbo.SYS_GrupoPermissao
(gru_id, sis_id, mod_id, grp_consultar, grp_inserir, grp_alterar, grp_excluir)
VALUES('46E1E074-37D6-E911-ABD6-F81654FE895D', 1000, 68, 1, 0, 0, 0);
INSERT INTO CORESSO.dbo.SYS_GrupoPermissao
(gru_id, sis_id, mod_id, grp_consultar, grp_inserir, grp_alterar, grp_excluir)
VALUES('46E1E074-37D6-E911-ABD6-F81654FE895D', 1000, 69, 1, 0, 0, 0);
INSERT INTO CORESSO.dbo.SYS_GrupoPermissao
(gru_id, sis_id, mod_id, grp_consultar, grp_inserir, grp_alterar, grp_excluir)
VALUES('46E1E074-37D6-E911-ABD6-F81654FE895D', 1000, 70, 1, 1, 1, 1);
INSERT INTO CORESSO.dbo.SYS_GrupoPermissao
(gru_id, sis_id, mod_id, grp_consultar, grp_inserir, grp_alterar, grp_excluir)
VALUES('47E1E074-37D6-E911-ABD6-F81654FE895D', 1000, 16, 1, 0, 0, 0);
INSERT INTO CORESSO.dbo.SYS_GrupoPermissao
(gru_id, sis_id, mod_id, grp_consultar, grp_inserir, grp_alterar, grp_excluir)
VALUES('47E1E074-37D6-E911-ABD6-F81654FE895D', 1000, 17, 1, 0, 0, 0);
INSERT INTO CORESSO.dbo.SYS_GrupoPermissao
(gru_id, sis_id, mod_id, grp_consultar, grp_inserir, grp_alterar, grp_excluir)
VALUES('47E1E074-37D6-E911-ABD6-F81654FE895D', 1000, 19, 1, 0, 0, 0);
INSERT INTO CORESSO.dbo.SYS_GrupoPermissao
(gru_id, sis_id, mod_id, grp_consultar, grp_inserir, grp_alterar, grp_excluir)
VALUES('47E1E074-37D6-E911-ABD6-F81654FE895D', 1000, 20, 1, 0, 0, 0);
INSERT INTO CORESSO.dbo.SYS_GrupoPermissao
(gru_id, sis_id, mod_id, grp_consultar, grp_inserir, grp_alterar, grp_excluir)
VALUES('47E1E074-37D6-E911-ABD6-F81654FE895D', 1000, 22, 1, 0, 0, 0);
INSERT INTO CORESSO.dbo.SYS_GrupoPermissao
(gru_id, sis_id, mod_id, grp_consultar, grp_inserir, grp_alterar, grp_excluir)
VALUES('47E1E074-37D6-E911-ABD6-F81654FE895D', 1000, 23, 1, 0, 0, 0);
INSERT INTO CORESSO.dbo.SYS_GrupoPermissao
(gru_id, sis_id, mod_id, grp_consultar, grp_inserir, grp_alterar, grp_excluir)
VALUES('47E1E074-37D6-E911-ABD6-F81654FE895D', 1000, 24, 1, 0, 0, 0);
INSERT INTO CORESSO.dbo.SYS_GrupoPermissao
(gru_id, sis_id, mod_id, grp_consultar, grp_inserir, grp_alterar, grp_excluir)
VALUES('47E1E074-37D6-E911-ABD6-F81654FE895D', 1000, 25, 1, 0, 0, 0);
INSERT INTO CORESSO.dbo.SYS_GrupoPermissao
(gru_id, sis_id, mod_id, grp_consultar, grp_inserir, grp_alterar, grp_excluir)
VALUES('47E1E074-37D6-E911-ABD6-F81654FE895D', 1000, 26, 1, 1, 1, 1);
INSERT INTO CORESSO.dbo.SYS_GrupoPermissao
(gru_id, sis_id, mod_id, grp_consultar, grp_inserir, grp_alterar, grp_excluir)
VALUES('47E1E074-37D6-E911-ABD6-F81654FE895D', 1000, 28, 1, 1, 1, 1);
INSERT INTO CORESSO.dbo.SYS_GrupoPermissao
(gru_id, sis_id, mod_id, grp_consultar, grp_inserir, grp_alterar, grp_excluir)
VALUES('47E1E074-37D6-E911-ABD6-F81654FE895D', 1000, 29, 1, 0, 0, 0);
INSERT INTO CORESSO.dbo.SYS_GrupoPermissao
(gru_id, sis_id, mod_id, grp_consultar, grp_inserir, grp_alterar, grp_excluir)
VALUES('47E1E074-37D6-E911-ABD6-F81654FE895D', 1000, 32, 1, 0, 0, 0);
INSERT INTO CORESSO.dbo.SYS_GrupoPermissao
(gru_id, sis_id, mod_id, grp_consultar, grp_inserir, grp_alterar, grp_excluir)
VALUES('47E1E074-37D6-E911-ABD6-F81654FE895D', 1000, 33, 1, 0, 0, 0);
INSERT INTO CORESSO.dbo.SYS_GrupoPermissao
(gru_id, sis_id, mod_id, grp_consultar, grp_inserir, grp_alterar, grp_excluir)
VALUES('47E1E074-37D6-E911-ABD6-F81654FE895D', 1000, 34, 1, 0, 0, 0);
INSERT INTO CORESSO.dbo.SYS_GrupoPermissao
(gru_id, sis_id, mod_id, grp_consultar, grp_inserir, grp_alterar, grp_excluir)
VALUES('47E1E074-37D6-E911-ABD6-F81654FE895D', 1000, 37, 1, 0, 0, 0);
INSERT INTO CORESSO.dbo.SYS_GrupoPermissao
(gru_id, sis_id, mod_id, grp_consultar, grp_inserir, grp_alterar, grp_excluir)
VALUES('47E1E074-37D6-E911-ABD6-F81654FE895D', 1000, 42, 1, 0, 0, 0);
INSERT INTO CORESSO.dbo.SYS_GrupoPermissao
(gru_id, sis_id, mod_id, grp_consultar, grp_inserir, grp_alterar, grp_excluir)
VALUES('47E1E074-37D6-E911-ABD6-F81654FE895D', 1000, 44, 1, 0, 0, 0);
INSERT INTO CORESSO.dbo.SYS_GrupoPermissao
(gru_id, sis_id, mod_id, grp_consultar, grp_inserir, grp_alterar, grp_excluir)
VALUES('47E1E074-37D6-E911-ABD6-F81654FE895D', 1000, 47, 1, 0, 0, 0);
INSERT INTO CORESSO.dbo.SYS_GrupoPermissao
(gru_id, sis_id, mod_id, grp_consultar, grp_inserir, grp_alterar, grp_excluir)
VALUES('47E1E074-37D6-E911-ABD6-F81654FE895D', 1000, 50, 1, 0, 0, 0);
INSERT INTO CORESSO.dbo.SYS_GrupoPermissao
(gru_id, sis_id, mod_id, grp_consultar, grp_inserir, grp_alterar, grp_excluir)
VALUES('47E1E074-37D6-E911-ABD6-F81654FE895D', 1000, 51, 1, 0, 0, 0);
INSERT INTO CORESSO.dbo.SYS_GrupoPermissao
(gru_id, sis_id, mod_id, grp_consultar, grp_inserir, grp_alterar, grp_excluir)
VALUES('47E1E074-37D6-E911-ABD6-F81654FE895D', 1000, 52, 1, 0, 0, 0);
INSERT INTO CORESSO.dbo.SYS_GrupoPermissao
(gru_id, sis_id, mod_id, grp_consultar, grp_inserir, grp_alterar, grp_excluir)
VALUES('47E1E074-37D6-E911-ABD6-F81654FE895D', 1000, 55, 1, 0, 0, 0);
INSERT INTO CORESSO.dbo.SYS_GrupoPermissao
(gru_id, sis_id, mod_id, grp_consultar, grp_inserir, grp_alterar, grp_excluir)
VALUES('47E1E074-37D6-E911-ABD6-F81654FE895D', 1000, 57, 1, 0, 0, 0);
INSERT INTO CORESSO.dbo.SYS_GrupoPermissao
(gru_id, sis_id, mod_id, grp_consultar, grp_inserir, grp_alterar, grp_excluir)
VALUES('47E1E074-37D6-E911-ABD6-F81654FE895D', 1000, 58, 1, 0, 0, 0);
INSERT INTO CORESSO.dbo.SYS_GrupoPermissao
(gru_id, sis_id, mod_id, grp_consultar, grp_inserir, grp_alterar, grp_excluir)
VALUES('47E1E074-37D6-E911-ABD6-F81654FE895D', 1000, 59, 1, 0, 0, 0);
INSERT INTO CORESSO.dbo.SYS_GrupoPermissao
(gru_id, sis_id, mod_id, grp_consultar, grp_inserir, grp_alterar, grp_excluir)
VALUES('47E1E074-37D6-E911-ABD6-F81654FE895D', 1000, 60, 1, 0, 0, 0);
INSERT INTO CORESSO.dbo.SYS_GrupoPermissao
(gru_id, sis_id, mod_id, grp_consultar, grp_inserir, grp_alterar, grp_excluir)
VALUES('47E1E074-37D6-E911-ABD6-F81654FE895D', 1000, 63, 1, 0, 0, 0);
INSERT INTO CORESSO.dbo.SYS_GrupoPermissao
(gru_id, sis_id, mod_id, grp_consultar, grp_inserir, grp_alterar, grp_excluir)
VALUES('47E1E074-37D6-E911-ABD6-F81654FE895D', 1000, 64, 1, 0, 0, 0);
INSERT INTO CORESSO.dbo.SYS_GrupoPermissao
(gru_id, sis_id, mod_id, grp_consultar, grp_inserir, grp_alterar, grp_excluir)
VALUES('47E1E074-37D6-E911-ABD6-F81654FE895D', 1000, 65, 1, 0, 0, 0);
INSERT INTO CORESSO.dbo.SYS_GrupoPermissao
(gru_id, sis_id, mod_id, grp_consultar, grp_inserir, grp_alterar, grp_excluir)
VALUES('47E1E074-37D6-E911-ABD6-F81654FE895D', 1000, 66, 1, 0, 0, 0);
INSERT INTO CORESSO.dbo.SYS_GrupoPermissao
(gru_id, sis_id, mod_id, grp_consultar, grp_inserir, grp_alterar, grp_excluir)
VALUES('47E1E074-37D6-E911-ABD6-F81654FE895D', 1000, 68, 1, 0, 0, 0);
INSERT INTO CORESSO.dbo.SYS_GrupoPermissao
(gru_id, sis_id, mod_id, grp_consultar, grp_inserir, grp_alterar, grp_excluir)
VALUES('48E1E074-37D6-E911-ABD6-F81654FE895D', 1000, 16, 1, 0, 0, 0);
INSERT INTO CORESSO.dbo.SYS_GrupoPermissao
(gru_id, sis_id, mod_id, grp_consultar, grp_inserir, grp_alterar, grp_excluir)
VALUES('48E1E074-37D6-E911-ABD6-F81654FE895D', 1000, 17, 1, 0, 0, 0);
INSERT INTO CORESSO.dbo.SYS_GrupoPermissao
(gru_id, sis_id, mod_id, grp_consultar, grp_inserir, grp_alterar, grp_excluir)
VALUES('48E1E074-37D6-E911-ABD6-F81654FE895D', 1000, 18, 1, 0, 0, 0);
INSERT INTO CORESSO.dbo.SYS_GrupoPermissao
(gru_id, sis_id, mod_id, grp_consultar, grp_inserir, grp_alterar, grp_excluir)
VALUES('48E1E074-37D6-E911-ABD6-F81654FE895D', 1000, 19, 1, 0, 0, 0);
INSERT INTO CORESSO.dbo.SYS_GrupoPermissao
(gru_id, sis_id, mod_id, grp_consultar, grp_inserir, grp_alterar, grp_excluir)
VALUES('48E1E074-37D6-E911-ABD6-F81654FE895D', 1000, 20, 1, 0, 0, 0);
INSERT INTO CORESSO.dbo.SYS_GrupoPermissao
(gru_id, sis_id, mod_id, grp_consultar, grp_inserir, grp_alterar, grp_excluir)
VALUES('48E1E074-37D6-E911-ABD6-F81654FE895D', 1000, 22, 1, 0, 0, 0);
INSERT INTO CORESSO.dbo.SYS_GrupoPermissao
(gru_id, sis_id, mod_id, grp_consultar, grp_inserir, grp_alterar, grp_excluir)
VALUES('48E1E074-37D6-E911-ABD6-F81654FE895D', 1000, 23, 1, 0, 0, 0);
INSERT INTO CORESSO.dbo.SYS_GrupoPermissao
(gru_id, sis_id, mod_id, grp_consultar, grp_inserir, grp_alterar, grp_excluir)
VALUES('48E1E074-37D6-E911-ABD6-F81654FE895D', 1000, 24, 1, 0, 0, 0);
INSERT INTO CORESSO.dbo.SYS_GrupoPermissao
(gru_id, sis_id, mod_id, grp_consultar, grp_inserir, grp_alterar, grp_excluir)
VALUES('48E1E074-37D6-E911-ABD6-F81654FE895D', 1000, 25, 1, 0, 0, 0);
INSERT INTO CORESSO.dbo.SYS_GrupoPermissao
(gru_id, sis_id, mod_id, grp_consultar, grp_inserir, grp_alterar, grp_excluir)
VALUES('48E1E074-37D6-E911-ABD6-F81654FE895D', 1000, 26, 1, 1, 1, 1);
INSERT INTO CORESSO.dbo.SYS_GrupoPermissao
(gru_id, sis_id, mod_id, grp_consultar, grp_inserir, grp_alterar, grp_excluir)
VALUES('48E1E074-37D6-E911-ABD6-F81654FE895D', 1000, 28, 1, 1, 1, 1);
INSERT INTO CORESSO.dbo.SYS_GrupoPermissao
(gru_id, sis_id, mod_id, grp_consultar, grp_inserir, grp_alterar, grp_excluir)
VALUES('48E1E074-37D6-E911-ABD6-F81654FE895D', 1000, 29, 1, 0, 0, 0);
INSERT INTO CORESSO.dbo.SYS_GrupoPermissao
(gru_id, sis_id, mod_id, grp_consultar, grp_inserir, grp_alterar, grp_excluir)
VALUES('48E1E074-37D6-E911-ABD6-F81654FE895D', 1000, 30, 1, 1, 1, 1);
INSERT INTO CORESSO.dbo.SYS_GrupoPermissao
(gru_id, sis_id, mod_id, grp_consultar, grp_inserir, grp_alterar, grp_excluir)
VALUES('48E1E074-37D6-E911-ABD6-F81654FE895D', 1000, 32, 1, 0, 0, 0);
INSERT INTO CORESSO.dbo.SYS_GrupoPermissao
(gru_id, sis_id, mod_id, grp_consultar, grp_inserir, grp_alterar, grp_excluir)
VALUES('48E1E074-37D6-E911-ABD6-F81654FE895D', 1000, 33, 1, 1, 1, 1);
INSERT INTO CORESSO.dbo.SYS_GrupoPermissao
(gru_id, sis_id, mod_id, grp_consultar, grp_inserir, grp_alterar, grp_excluir)
VALUES('48E1E074-37D6-E911-ABD6-F81654FE895D', 1000, 34, 1, 1, 1, 1);
INSERT INTO CORESSO.dbo.SYS_GrupoPermissao
(gru_id, sis_id, mod_id, grp_consultar, grp_inserir, grp_alterar, grp_excluir)
VALUES('48E1E074-37D6-E911-ABD6-F81654FE895D', 1000, 37, 1, 1, 1, 1);
INSERT INTO CORESSO.dbo.SYS_GrupoPermissao
(gru_id, sis_id, mod_id, grp_consultar, grp_inserir, grp_alterar, grp_excluir)
VALUES('48E1E074-37D6-E911-ABD6-F81654FE895D', 1000, 39, 1, 0, 0, 0);
INSERT INTO CORESSO.dbo.SYS_GrupoPermissao
(gru_id, sis_id, mod_id, grp_consultar, grp_inserir, grp_alterar, grp_excluir)
VALUES('48E1E074-37D6-E911-ABD6-F81654FE895D', 1000, 40, 1, 1, 1, 1);
INSERT INTO CORESSO.dbo.SYS_GrupoPermissao
(gru_id, sis_id, mod_id, grp_consultar, grp_inserir, grp_alterar, grp_excluir)
VALUES('48E1E074-37D6-E911-ABD6-F81654FE895D', 1000, 41, 1, 1, 0, 0);
INSERT INTO CORESSO.dbo.SYS_GrupoPermissao
(gru_id, sis_id, mod_id, grp_consultar, grp_inserir, grp_alterar, grp_excluir)
VALUES('48E1E074-37D6-E911-ABD6-F81654FE895D', 1000, 42, 1, 0, 0, 0);
INSERT INTO CORESSO.dbo.SYS_GrupoPermissao
(gru_id, sis_id, mod_id, grp_consultar, grp_inserir, grp_alterar, grp_excluir)
VALUES('48E1E074-37D6-E911-ABD6-F81654FE895D', 1000, 44, 1, 0, 0, 0);
INSERT INTO CORESSO.dbo.SYS_GrupoPermissao
(gru_id, sis_id, mod_id, grp_consultar, grp_inserir, grp_alterar, grp_excluir)
VALUES('48E1E074-37D6-E911-ABD6-F81654FE895D', 1000, 46, 1, 1, 0, 0);
INSERT INTO CORESSO.dbo.SYS_GrupoPermissao
(gru_id, sis_id, mod_id, grp_consultar, grp_inserir, grp_alterar, grp_excluir)
VALUES('48E1E074-37D6-E911-ABD6-F81654FE895D', 1000, 47, 1, 0, 0, 0);
INSERT INTO CORESSO.dbo.SYS_GrupoPermissao
(gru_id, sis_id, mod_id, grp_consultar, grp_inserir, grp_alterar, grp_excluir)
VALUES('48E1E074-37D6-E911-ABD6-F81654FE895D', 1000, 48, 1, 0, 0, 0);
INSERT INTO CORESSO.dbo.SYS_GrupoPermissao
(gru_id, sis_id, mod_id, grp_consultar, grp_inserir, grp_alterar, grp_excluir)
VALUES('48E1E074-37D6-E911-ABD6-F81654FE895D', 1000, 49, 1, 0, 0, 0);
INSERT INTO CORESSO.dbo.SYS_GrupoPermissao
(gru_id, sis_id, mod_id, grp_consultar, grp_inserir, grp_alterar, grp_excluir)
VALUES('48E1E074-37D6-E911-ABD6-F81654FE895D', 1000, 50, 1, 0, 0, 0);
INSERT INTO CORESSO.dbo.SYS_GrupoPermissao
(gru_id, sis_id, mod_id, grp_consultar, grp_inserir, grp_alterar, grp_excluir)
VALUES('48E1E074-37D6-E911-ABD6-F81654FE895D', 1000, 51, 1, 0, 0, 0);
INSERT INTO CORESSO.dbo.SYS_GrupoPermissao
(gru_id, sis_id, mod_id, grp_consultar, grp_inserir, grp_alterar, grp_excluir)
VALUES('48E1E074-37D6-E911-ABD6-F81654FE895D', 1000, 52, 1, 0, 0, 0);
INSERT INTO CORESSO.dbo.SYS_GrupoPermissao
(gru_id, sis_id, mod_id, grp_consultar, grp_inserir, grp_alterar, grp_excluir)
VALUES('48E1E074-37D6-E911-ABD6-F81654FE895D', 1000, 53, 1, 1, 1, 1);
INSERT INTO CORESSO.dbo.SYS_GrupoPermissao
(gru_id, sis_id, mod_id, grp_consultar, grp_inserir, grp_alterar, grp_excluir)
VALUES('48E1E074-37D6-E911-ABD6-F81654FE895D', 1000, 54, 1, 0, 0, 0);
INSERT INTO CORESSO.dbo.SYS_GrupoPermissao
(gru_id, sis_id, mod_id, grp_consultar, grp_inserir, grp_alterar, grp_excluir)
VALUES('48E1E074-37D6-E911-ABD6-F81654FE895D', 1000, 55, 1, 0, 0, 0);
INSERT INTO CORESSO.dbo.SYS_GrupoPermissao
(gru_id, sis_id, mod_id, grp_consultar, grp_inserir, grp_alterar, grp_excluir)
VALUES('48E1E074-37D6-E911-ABD6-F81654FE895D', 1000, 56, 1, 0, 0, 0);
INSERT INTO CORESSO.dbo.SYS_GrupoPermissao
(gru_id, sis_id, mod_id, grp_consultar, grp_inserir, grp_alterar, grp_excluir)
VALUES('48E1E074-37D6-E911-ABD6-F81654FE895D', 1000, 57, 1, 0, 0, 0);
INSERT INTO CORESSO.dbo.SYS_GrupoPermissao
(gru_id, sis_id, mod_id, grp_consultar, grp_inserir, grp_alterar, grp_excluir)
VALUES('48E1E074-37D6-E911-ABD6-F81654FE895D', 1000, 58, 1, 0, 0, 0);
INSERT INTO CORESSO.dbo.SYS_GrupoPermissao
(gru_id, sis_id, mod_id, grp_consultar, grp_inserir, grp_alterar, grp_excluir)
VALUES('48E1E074-37D6-E911-ABD6-F81654FE895D', 1000, 59, 1, 0, 0, 0);
INSERT INTO CORESSO.dbo.SYS_GrupoPermissao
(gru_id, sis_id, mod_id, grp_consultar, grp_inserir, grp_alterar, grp_excluir)
VALUES('48E1E074-37D6-E911-ABD6-F81654FE895D', 1000, 60, 1, 0, 0, 0);
INSERT INTO CORESSO.dbo.SYS_GrupoPermissao
(gru_id, sis_id, mod_id, grp_consultar, grp_inserir, grp_alterar, grp_excluir)
VALUES('48E1E074-37D6-E911-ABD6-F81654FE895D', 1000, 61, 1, 0, 0, 0);
INSERT INTO CORESSO.dbo.SYS_GrupoPermissao
(gru_id, sis_id, mod_id, grp_consultar, grp_inserir, grp_alterar, grp_excluir)
VALUES('48E1E074-37D6-E911-ABD6-F81654FE895D', 1000, 62, 1, 0, 0, 0);
INSERT INTO CORESSO.dbo.SYS_GrupoPermissao
(gru_id, sis_id, mod_id, grp_consultar, grp_inserir, grp_alterar, grp_excluir)
VALUES('48E1E074-37D6-E911-ABD6-F81654FE895D', 1000, 63, 1, 0, 0, 0);
INSERT INTO CORESSO.dbo.SYS_GrupoPermissao
(gru_id, sis_id, mod_id, grp_consultar, grp_inserir, grp_alterar, grp_excluir)
VALUES('48E1E074-37D6-E911-ABD6-F81654FE895D', 1000, 64, 1, 0, 0, 0);
INSERT INTO CORESSO.dbo.SYS_GrupoPermissao
(gru_id, sis_id, mod_id, grp_consultar, grp_inserir, grp_alterar, grp_excluir)
VALUES('48E1E074-37D6-E911-ABD6-F81654FE895D', 1000, 65, 1, 0, 0, 0);
INSERT INTO CORESSO.dbo.SYS_GrupoPermissao
(gru_id, sis_id, mod_id, grp_consultar, grp_inserir, grp_alterar, grp_excluir)
VALUES('48E1E074-37D6-E911-ABD6-F81654FE895D', 1000, 66, 1, 0, 0, 0);
INSERT INTO CORESSO.dbo.SYS_GrupoPermissao
(gru_id, sis_id, mod_id, grp_consultar, grp_inserir, grp_alterar, grp_excluir)
VALUES('48E1E074-37D6-E911-ABD6-F81654FE895D', 1000, 67, 1, 0, 0, 0);
INSERT INTO CORESSO.dbo.SYS_GrupoPermissao
(gru_id, sis_id, mod_id, grp_consultar, grp_inserir, grp_alterar, grp_excluir)
VALUES('48E1E074-37D6-E911-ABD6-F81654FE895D', 1000, 68, 1, 0, 0, 0);
INSERT INTO CORESSO.dbo.SYS_GrupoPermissao
(gru_id, sis_id, mod_id, grp_consultar, grp_inserir, grp_alterar, grp_excluir)
VALUES('48E1E074-37D6-E911-ABD6-F81654FE895D', 1000, 69, 1, 0, 0, 0);
INSERT INTO CORESSO.dbo.SYS_GrupoPermissao
(gru_id, sis_id, mod_id, grp_consultar, grp_inserir, grp_alterar, grp_excluir)
VALUES('48E1E074-37D6-E911-ABD6-F81654FE895D', 1000, 70, 1, 0, 0, 0);
INSERT INTO CORESSO.dbo.SYS_GrupoPermissao
(gru_id, sis_id, mod_id, grp_consultar, grp_inserir, grp_alterar, grp_excluir)
VALUES('49E1E074-37D6-E911-ABD6-F81654FE895D', 1000, 16, 1, 0, 0, 0);
INSERT INTO CORESSO.dbo.SYS_GrupoPermissao
(gru_id, sis_id, mod_id, grp_consultar, grp_inserir, grp_alterar, grp_excluir)
VALUES('49E1E074-37D6-E911-ABD6-F81654FE895D', 1000, 17, 1, 0, 0, 0);
INSERT INTO CORESSO.dbo.SYS_GrupoPermissao
(gru_id, sis_id, mod_id, grp_consultar, grp_inserir, grp_alterar, grp_excluir)
VALUES('49E1E074-37D6-E911-ABD6-F81654FE895D', 1000, 19, 1, 0, 0, 0);
INSERT INTO CORESSO.dbo.SYS_GrupoPermissao
(gru_id, sis_id, mod_id, grp_consultar, grp_inserir, grp_alterar, grp_excluir)
VALUES('49E1E074-37D6-E911-ABD6-F81654FE895D', 1000, 20, 1, 0, 0, 0);
INSERT INTO CORESSO.dbo.SYS_GrupoPermissao
(gru_id, sis_id, mod_id, grp_consultar, grp_inserir, grp_alterar, grp_excluir)
VALUES('49E1E074-37D6-E911-ABD6-F81654FE895D', 1000, 22, 1, 0, 0, 0);
INSERT INTO CORESSO.dbo.SYS_GrupoPermissao
(gru_id, sis_id, mod_id, grp_consultar, grp_inserir, grp_alterar, grp_excluir)
VALUES('49E1E074-37D6-E911-ABD6-F81654FE895D', 1000, 23, 1, 0, 0, 0);
INSERT INTO CORESSO.dbo.SYS_GrupoPermissao
(gru_id, sis_id, mod_id, grp_consultar, grp_inserir, grp_alterar, grp_excluir)
VALUES('49E1E074-37D6-E911-ABD6-F81654FE895D', 1000, 24, 1, 0, 0, 0);
INSERT INTO CORESSO.dbo.SYS_GrupoPermissao
(gru_id, sis_id, mod_id, grp_consultar, grp_inserir, grp_alterar, grp_excluir)
VALUES('49E1E074-37D6-E911-ABD6-F81654FE895D', 1000, 25, 1, 0, 0, 0);
INSERT INTO CORESSO.dbo.SYS_GrupoPermissao
(gru_id, sis_id, mod_id, grp_consultar, grp_inserir, grp_alterar, grp_excluir)
VALUES('49E1E074-37D6-E911-ABD6-F81654FE895D', 1000, 26, 1, 1, 1, 1);
INSERT INTO CORESSO.dbo.SYS_GrupoPermissao
(gru_id, sis_id, mod_id, grp_consultar, grp_inserir, grp_alterar, grp_excluir)
VALUES('49E1E074-37D6-E911-ABD6-F81654FE895D', 1000, 28, 1, 1, 1, 1);
INSERT INTO CORESSO.dbo.SYS_GrupoPermissao
(gru_id, sis_id, mod_id, grp_consultar, grp_inserir, grp_alterar, grp_excluir)
VALUES('49E1E074-37D6-E911-ABD6-F81654FE895D', 1000, 29, 1, 0, 0, 0);
INSERT INTO CORESSO.dbo.SYS_GrupoPermissao
(gru_id, sis_id, mod_id, grp_consultar, grp_inserir, grp_alterar, grp_excluir)
VALUES('49E1E074-37D6-E911-ABD6-F81654FE895D', 1000, 32, 1, 0, 0, 0);
INSERT INTO CORESSO.dbo.SYS_GrupoPermissao
(gru_id, sis_id, mod_id, grp_consultar, grp_inserir, grp_alterar, grp_excluir)
VALUES('49E1E074-37D6-E911-ABD6-F81654FE895D', 1000, 33, 1, 0, 0, 0);
INSERT INTO CORESSO.dbo.SYS_GrupoPermissao
(gru_id, sis_id, mod_id, grp_consultar, grp_inserir, grp_alterar, grp_excluir)
VALUES('49E1E074-37D6-E911-ABD6-F81654FE895D', 1000, 34, 1, 0, 0, 0);
INSERT INTO CORESSO.dbo.SYS_GrupoPermissao
(gru_id, sis_id, mod_id, grp_consultar, grp_inserir, grp_alterar, grp_excluir)
VALUES('49E1E074-37D6-E911-ABD6-F81654FE895D', 1000, 37, 1, 0, 0, 0);
INSERT INTO CORESSO.dbo.SYS_GrupoPermissao
(gru_id, sis_id, mod_id, grp_consultar, grp_inserir, grp_alterar, grp_excluir)
VALUES('49E1E074-37D6-E911-ABD6-F81654FE895D', 1000, 40, 1, 0, 0, 0);
INSERT INTO CORESSO.dbo.SYS_GrupoPermissao
(gru_id, sis_id, mod_id, grp_consultar, grp_inserir, grp_alterar, grp_excluir)
VALUES('49E1E074-37D6-E911-ABD6-F81654FE895D', 1000, 41, 1, 0, 0, 0);
INSERT INTO CORESSO.dbo.SYS_GrupoPermissao
(gru_id, sis_id, mod_id, grp_consultar, grp_inserir, grp_alterar, grp_excluir)
VALUES('49E1E074-37D6-E911-ABD6-F81654FE895D', 1000, 42, 1, 0, 0, 0);
INSERT INTO CORESSO.dbo.SYS_GrupoPermissao
(gru_id, sis_id, mod_id, grp_consultar, grp_inserir, grp_alterar, grp_excluir)
VALUES('49E1E074-37D6-E911-ABD6-F81654FE895D', 1000, 44, 1, 0, 0, 0);
INSERT INTO CORESSO.dbo.SYS_GrupoPermissao
(gru_id, sis_id, mod_id, grp_consultar, grp_inserir, grp_alterar, grp_excluir)
VALUES('49E1E074-37D6-E911-ABD6-F81654FE895D', 1000, 46, 1, 1, 0, 0);
INSERT INTO CORESSO.dbo.SYS_GrupoPermissao
(gru_id, sis_id, mod_id, grp_consultar, grp_inserir, grp_alterar, grp_excluir)
VALUES('49E1E074-37D6-E911-ABD6-F81654FE895D', 1000, 47, 1, 0, 0, 0);
INSERT INTO CORESSO.dbo.SYS_GrupoPermissao
(gru_id, sis_id, mod_id, grp_consultar, grp_inserir, grp_alterar, grp_excluir)
VALUES('49E1E074-37D6-E911-ABD6-F81654FE895D', 1000, 48, 1, 0, 0, 0);
INSERT INTO CORESSO.dbo.SYS_GrupoPermissao
(gru_id, sis_id, mod_id, grp_consultar, grp_inserir, grp_alterar, grp_excluir)
VALUES('49E1E074-37D6-E911-ABD6-F81654FE895D', 1000, 49, 1, 0, 0, 0);
INSERT INTO CORESSO.dbo.SYS_GrupoPermissao
(gru_id, sis_id, mod_id, grp_consultar, grp_inserir, grp_alterar, grp_excluir)
VALUES('49E1E074-37D6-E911-ABD6-F81654FE895D', 1000, 50, 1, 0, 0, 0);
INSERT INTO CORESSO.dbo.SYS_GrupoPermissao
(gru_id, sis_id, mod_id, grp_consultar, grp_inserir, grp_alterar, grp_excluir)
VALUES('49E1E074-37D6-E911-ABD6-F81654FE895D', 1000, 51, 1, 0, 0, 0);
INSERT INTO CORESSO.dbo.SYS_GrupoPermissao
(gru_id, sis_id, mod_id, grp_consultar, grp_inserir, grp_alterar, grp_excluir)
VALUES('49E1E074-37D6-E911-ABD6-F81654FE895D', 1000, 52, 1, 0, 0, 0);
INSERT INTO CORESSO.dbo.SYS_GrupoPermissao
(gru_id, sis_id, mod_id, grp_consultar, grp_inserir, grp_alterar, grp_excluir)
VALUES('49E1E074-37D6-E911-ABD6-F81654FE895D', 1000, 54, 1, 0, 0, 0);
INSERT INTO CORESSO.dbo.SYS_GrupoPermissao
(gru_id, sis_id, mod_id, grp_consultar, grp_inserir, grp_alterar, grp_excluir)
VALUES('49E1E074-37D6-E911-ABD6-F81654FE895D', 1000, 55, 1, 0, 0, 0);
INSERT INTO CORESSO.dbo.SYS_GrupoPermissao
(gru_id, sis_id, mod_id, grp_consultar, grp_inserir, grp_alterar, grp_excluir)
VALUES('49E1E074-37D6-E911-ABD6-F81654FE895D', 1000, 56, 1, 0, 0, 0);
INSERT INTO CORESSO.dbo.SYS_GrupoPermissao
(gru_id, sis_id, mod_id, grp_consultar, grp_inserir, grp_alterar, grp_excluir)
VALUES('49E1E074-37D6-E911-ABD6-F81654FE895D', 1000, 57, 1, 0, 0, 0);
INSERT INTO CORESSO.dbo.SYS_GrupoPermissao
(gru_id, sis_id, mod_id, grp_consultar, grp_inserir, grp_alterar, grp_excluir)
VALUES('49E1E074-37D6-E911-ABD6-F81654FE895D', 1000, 58, 1, 0, 0, 0);
INSERT INTO CORESSO.dbo.SYS_GrupoPermissao
(gru_id, sis_id, mod_id, grp_consultar, grp_inserir, grp_alterar, grp_excluir)
VALUES('49E1E074-37D6-E911-ABD6-F81654FE895D', 1000, 59, 1, 0, 0, 0);
INSERT INTO CORESSO.dbo.SYS_GrupoPermissao
(gru_id, sis_id, mod_id, grp_consultar, grp_inserir, grp_alterar, grp_excluir)
VALUES('49E1E074-37D6-E911-ABD6-F81654FE895D', 1000, 60, 1, 0, 0, 0);
INSERT INTO CORESSO.dbo.SYS_GrupoPermissao
(gru_id, sis_id, mod_id, grp_consultar, grp_inserir, grp_alterar, grp_excluir)
VALUES('49E1E074-37D6-E911-ABD6-F81654FE895D', 1000, 61, 1, 0, 0, 0);
INSERT INTO CORESSO.dbo.SYS_GrupoPermissao
(gru_id, sis_id, mod_id, grp_consultar, grp_inserir, grp_alterar, grp_excluir)
VALUES('49E1E074-37D6-E911-ABD6-F81654FE895D', 1000, 62, 1, 0, 0, 0);
INSERT INTO CORESSO.dbo.SYS_GrupoPermissao
(gru_id, sis_id, mod_id, grp_consultar, grp_inserir, grp_alterar, grp_excluir)
VALUES('49E1E074-37D6-E911-ABD6-F81654FE895D', 1000, 63, 1, 0, 0, 0);
INSERT INTO CORESSO.dbo.SYS_GrupoPermissao
(gru_id, sis_id, mod_id, grp_consultar, grp_inserir, grp_alterar, grp_excluir)
VALUES('49E1E074-37D6-E911-ABD6-F81654FE895D', 1000, 64, 1, 0, 0, 0);
INSERT INTO CORESSO.dbo.SYS_GrupoPermissao
(gru_id, sis_id, mod_id, grp_consultar, grp_inserir, grp_alterar, grp_excluir)
VALUES('49E1E074-37D6-E911-ABD6-F81654FE895D', 1000, 65, 1, 0, 0, 0);
INSERT INTO CORESSO.dbo.SYS_GrupoPermissao
(gru_id, sis_id, mod_id, grp_consultar, grp_inserir, grp_alterar, grp_excluir)
VALUES('49E1E074-37D6-E911-ABD6-F81654FE895D', 1000, 66, 1, 0, 0, 0);
INSERT INTO CORESSO.dbo.SYS_GrupoPermissao
(gru_id, sis_id, mod_id, grp_consultar, grp_inserir, grp_alterar, grp_excluir)
VALUES('49E1E074-37D6-E911-ABD6-F81654FE895D', 1000, 67, 1, 0, 0, 0);
INSERT INTO CORESSO.dbo.SYS_GrupoPermissao
(gru_id, sis_id, mod_id, grp_consultar, grp_inserir, grp_alterar, grp_excluir)
VALUES('49E1E074-37D6-E911-ABD6-F81654FE895D', 1000, 68, 1, 0, 0, 0);
INSERT INTO CORESSO.dbo.SYS_GrupoPermissao
(gru_id, sis_id, mod_id, grp_consultar, grp_inserir, grp_alterar, grp_excluir)
VALUES('49E1E074-37D6-E911-ABD6-F81654FE895D', 1000, 69, 1, 0, 0, 0);
INSERT INTO CORESSO.dbo.SYS_GrupoPermissao
(gru_id, sis_id, mod_id, grp_consultar, grp_inserir, grp_alterar, grp_excluir)
VALUES('49E1E074-37D6-E911-ABD6-F81654FE895D', 1000, 70, 1, 0, 0, 0);
INSERT INTO CORESSO.dbo.SYS_GrupoPermissao
(gru_id, sis_id, mod_id, grp_consultar, grp_inserir, grp_alterar, grp_excluir)
VALUES('4AE1E074-37D6-E911-ABD6-F81654FE895D', 1000, 16, 1, 0, 0, 0);
INSERT INTO CORESSO.dbo.SYS_GrupoPermissao
(gru_id, sis_id, mod_id, grp_consultar, grp_inserir, grp_alterar, grp_excluir)
VALUES('4AE1E074-37D6-E911-ABD6-F81654FE895D', 1000, 17, 1, 0, 0, 0);
INSERT INTO CORESSO.dbo.SYS_GrupoPermissao
(gru_id, sis_id, mod_id, grp_consultar, grp_inserir, grp_alterar, grp_excluir)
VALUES('4AE1E074-37D6-E911-ABD6-F81654FE895D', 1000, 19, 1, 0, 0, 0);
INSERT INTO CORESSO.dbo.SYS_GrupoPermissao
(gru_id, sis_id, mod_id, grp_consultar, grp_inserir, grp_alterar, grp_excluir)
VALUES('4AE1E074-37D6-E911-ABD6-F81654FE895D', 1000, 20, 1, 0, 0, 0);
INSERT INTO CORESSO.dbo.SYS_GrupoPermissao
(gru_id, sis_id, mod_id, grp_consultar, grp_inserir, grp_alterar, grp_excluir)
VALUES('4AE1E074-37D6-E911-ABD6-F81654FE895D', 1000, 22, 1, 0, 0, 0);
INSERT INTO CORESSO.dbo.SYS_GrupoPermissao
(gru_id, sis_id, mod_id, grp_consultar, grp_inserir, grp_alterar, grp_excluir)
VALUES('4AE1E074-37D6-E911-ABD6-F81654FE895D', 1000, 23, 1, 0, 0, 0);
INSERT INTO CORESSO.dbo.SYS_GrupoPermissao
(gru_id, sis_id, mod_id, grp_consultar, grp_inserir, grp_alterar, grp_excluir)
VALUES('4AE1E074-37D6-E911-ABD6-F81654FE895D', 1000, 24, 1, 0, 0, 0);
INSERT INTO CORESSO.dbo.SYS_GrupoPermissao
(gru_id, sis_id, mod_id, grp_consultar, grp_inserir, grp_alterar, grp_excluir)
VALUES('4AE1E074-37D6-E911-ABD6-F81654FE895D', 1000, 25, 1, 0, 0, 0);
INSERT INTO CORESSO.dbo.SYS_GrupoPermissao
(gru_id, sis_id, mod_id, grp_consultar, grp_inserir, grp_alterar, grp_excluir)
VALUES('4AE1E074-37D6-E911-ABD6-F81654FE895D', 1000, 26, 1, 1, 1, 1);
INSERT INTO CORESSO.dbo.SYS_GrupoPermissao
(gru_id, sis_id, mod_id, grp_consultar, grp_inserir, grp_alterar, grp_excluir)
VALUES('4AE1E074-37D6-E911-ABD6-F81654FE895D', 1000, 28, 1, 1, 1, 1);
INSERT INTO CORESSO.dbo.SYS_GrupoPermissao
(gru_id, sis_id, mod_id, grp_consultar, grp_inserir, grp_alterar, grp_excluir)
VALUES('4AE1E074-37D6-E911-ABD6-F81654FE895D', 1000, 29, 1, 0, 0, 0);
INSERT INTO CORESSO.dbo.SYS_GrupoPermissao
(gru_id, sis_id, mod_id, grp_consultar, grp_inserir, grp_alterar, grp_excluir)
VALUES('4AE1E074-37D6-E911-ABD6-F81654FE895D', 1000, 32, 1, 0, 0, 0);
INSERT INTO CORESSO.dbo.SYS_GrupoPermissao
(gru_id, sis_id, mod_id, grp_consultar, grp_inserir, grp_alterar, grp_excluir)
VALUES('4AE1E074-37D6-E911-ABD6-F81654FE895D', 1000, 33, 1, 0, 0, 0);
INSERT INTO CORESSO.dbo.SYS_GrupoPermissao
(gru_id, sis_id, mod_id, grp_consultar, grp_inserir, grp_alterar, grp_excluir)
VALUES('4AE1E074-37D6-E911-ABD6-F81654FE895D', 1000, 34, 1, 0, 0, 0);
INSERT INTO CORESSO.dbo.SYS_GrupoPermissao
(gru_id, sis_id, mod_id, grp_consultar, grp_inserir, grp_alterar, grp_excluir)
VALUES('4AE1E074-37D6-E911-ABD6-F81654FE895D', 1000, 37, 1, 0, 0, 0);
INSERT INTO CORESSO.dbo.SYS_GrupoPermissao
(gru_id, sis_id, mod_id, grp_consultar, grp_inserir, grp_alterar, grp_excluir)
VALUES('4AE1E074-37D6-E911-ABD6-F81654FE895D', 1000, 40, 1, 0, 0, 0);
INSERT INTO CORESSO.dbo.SYS_GrupoPermissao
(gru_id, sis_id, mod_id, grp_consultar, grp_inserir, grp_alterar, grp_excluir)
VALUES('4AE1E074-37D6-E911-ABD6-F81654FE895D', 1000, 42, 1, 0, 0, 0);
INSERT INTO CORESSO.dbo.SYS_GrupoPermissao
(gru_id, sis_id, mod_id, grp_consultar, grp_inserir, grp_alterar, grp_excluir)
VALUES('4AE1E074-37D6-E911-ABD6-F81654FE895D', 1000, 44, 1, 0, 0, 0);
INSERT INTO CORESSO.dbo.SYS_GrupoPermissao
(gru_id, sis_id, mod_id, grp_consultar, grp_inserir, grp_alterar, grp_excluir)
VALUES('4AE1E074-37D6-E911-ABD6-F81654FE895D', 1000, 46, 1, 0, 0, 0);
INSERT INTO CORESSO.dbo.SYS_GrupoPermissao
(gru_id, sis_id, mod_id, grp_consultar, grp_inserir, grp_alterar, grp_excluir)
VALUES('4AE1E074-37D6-E911-ABD6-F81654FE895D', 1000, 47, 1, 0, 0, 0);
INSERT INTO CORESSO.dbo.SYS_GrupoPermissao
(gru_id, sis_id, mod_id, grp_consultar, grp_inserir, grp_alterar, grp_excluir)
VALUES('4AE1E074-37D6-E911-ABD6-F81654FE895D', 1000, 50, 1, 0, 0, 0);
INSERT INTO CORESSO.dbo.SYS_GrupoPermissao
(gru_id, sis_id, mod_id, grp_consultar, grp_inserir, grp_alterar, grp_excluir)
VALUES('4AE1E074-37D6-E911-ABD6-F81654FE895D', 1000, 51, 1, 0, 0, 0);
INSERT INTO CORESSO.dbo.SYS_GrupoPermissao
(gru_id, sis_id, mod_id, grp_consultar, grp_inserir, grp_alterar, grp_excluir)
VALUES('4AE1E074-37D6-E911-ABD6-F81654FE895D', 1000, 52, 1, 0, 0, 0);
INSERT INTO CORESSO.dbo.SYS_GrupoPermissao
(gru_id, sis_id, mod_id, grp_consultar, grp_inserir, grp_alterar, grp_excluir)
VALUES('4AE1E074-37D6-E911-ABD6-F81654FE895D', 1000, 55, 1, 0, 0, 0);
INSERT INTO CORESSO.dbo.SYS_GrupoPermissao
(gru_id, sis_id, mod_id, grp_consultar, grp_inserir, grp_alterar, grp_excluir)
VALUES('4AE1E074-37D6-E911-ABD6-F81654FE895D', 1000, 56, 1, 0, 0, 0);
INSERT INTO CORESSO.dbo.SYS_GrupoPermissao
(gru_id, sis_id, mod_id, grp_consultar, grp_inserir, grp_alterar, grp_excluir)
VALUES('4AE1E074-37D6-E911-ABD6-F81654FE895D', 1000, 57, 1, 0, 0, 0);
INSERT INTO CORESSO.dbo.SYS_GrupoPermissao
(gru_id, sis_id, mod_id, grp_consultar, grp_inserir, grp_alterar, grp_excluir)
VALUES('4AE1E074-37D6-E911-ABD6-F81654FE895D', 1000, 58, 1, 0, 0, 0);
INSERT INTO CORESSO.dbo.SYS_GrupoPermissao
(gru_id, sis_id, mod_id, grp_consultar, grp_inserir, grp_alterar, grp_excluir)
VALUES('4AE1E074-37D6-E911-ABD6-F81654FE895D', 1000, 59, 1, 0, 0, 0);
INSERT INTO CORESSO.dbo.SYS_GrupoPermissao
(gru_id, sis_id, mod_id, grp_consultar, grp_inserir, grp_alterar, grp_excluir)
VALUES('4AE1E074-37D6-E911-ABD6-F81654FE895D', 1000, 60, 1, 0, 0, 0);
INSERT INTO CORESSO.dbo.SYS_GrupoPermissao
(gru_id, sis_id, mod_id, grp_consultar, grp_inserir, grp_alterar, grp_excluir)
VALUES('4AE1E074-37D6-E911-ABD6-F81654FE895D', 1000, 61, 1, 0, 0, 0);
INSERT INTO CORESSO.dbo.SYS_GrupoPermissao
(gru_id, sis_id, mod_id, grp_consultar, grp_inserir, grp_alterar, grp_excluir)
VALUES('4AE1E074-37D6-E911-ABD6-F81654FE895D', 1000, 63, 1, 0, 0, 0);
INSERT INTO CORESSO.dbo.SYS_GrupoPermissao
(gru_id, sis_id, mod_id, grp_consultar, grp_inserir, grp_alterar, grp_excluir)
VALUES('4AE1E074-37D6-E911-ABD6-F81654FE895D', 1000, 64, 1, 0, 0, 0);
INSERT INTO CORESSO.dbo.SYS_GrupoPermissao
(gru_id, sis_id, mod_id, grp_consultar, grp_inserir, grp_alterar, grp_excluir)
VALUES('4AE1E074-37D6-E911-ABD6-F81654FE895D', 1000, 65, 1, 0, 0, 0);
INSERT INTO CORESSO.dbo.SYS_GrupoPermissao
(gru_id, sis_id, mod_id, grp_consultar, grp_inserir, grp_alterar, grp_excluir)
VALUES('4AE1E074-37D6-E911-ABD6-F81654FE895D', 1000, 66, 1, 0, 0, 0);
INSERT INTO CORESSO.dbo.SYS_GrupoPermissao
(gru_id, sis_id, mod_id, grp_consultar, grp_inserir, grp_alterar, grp_excluir)
VALUES('4AE1E074-37D6-E911-ABD6-F81654FE895D', 1000, 68, 1, 0, 0, 0);
INSERT INTO CORESSO.dbo.SYS_GrupoPermissao
(gru_id, sis_id, mod_id, grp_consultar, grp_inserir, grp_alterar, grp_excluir)
VALUES('4AE1E074-37D6-E911-ABD6-F81654FE895D', 1000, 69, 1, 0, 0, 0);
INSERT INTO CORESSO.dbo.SYS_GrupoPermissao
(gru_id, sis_id, mod_id, grp_consultar, grp_inserir, grp_alterar, grp_excluir)
VALUES('4AE1E074-37D6-E911-ABD6-F81654FE895D', 1000, 70, 1, 0, 0, 0);
INSERT INTO CORESSO.dbo.SYS_GrupoPermissao
(gru_id, sis_id, mod_id, grp_consultar, grp_inserir, grp_alterar, grp_excluir)
VALUES('4BE1E074-37D6-E911-ABD6-F81654FE895D', 1000, 16, 1, 0, 0, 0);
INSERT INTO CORESSO.dbo.SYS_GrupoPermissao
(gru_id, sis_id, mod_id, grp_consultar, grp_inserir, grp_alterar, grp_excluir)
VALUES('4BE1E074-37D6-E911-ABD6-F81654FE895D', 1000, 17, 1, 0, 0, 0);
INSERT INTO CORESSO.dbo.SYS_GrupoPermissao
(gru_id, sis_id, mod_id, grp_consultar, grp_inserir, grp_alterar, grp_excluir)
VALUES('4BE1E074-37D6-E911-ABD6-F81654FE895D', 1000, 19, 1, 0, 0, 0);
INSERT INTO CORESSO.dbo.SYS_GrupoPermissao
(gru_id, sis_id, mod_id, grp_consultar, grp_inserir, grp_alterar, grp_excluir)
VALUES('4BE1E074-37D6-E911-ABD6-F81654FE895D', 1000, 20, 1, 0, 0, 0);
INSERT INTO CORESSO.dbo.SYS_GrupoPermissao
(gru_id, sis_id, mod_id, grp_consultar, grp_inserir, grp_alterar, grp_excluir)
VALUES('4BE1E074-37D6-E911-ABD6-F81654FE895D', 1000, 22, 1, 0, 0, 0);
INSERT INTO CORESSO.dbo.SYS_GrupoPermissao
(gru_id, sis_id, mod_id, grp_consultar, grp_inserir, grp_alterar, grp_excluir)
VALUES('4BE1E074-37D6-E911-ABD6-F81654FE895D', 1000, 23, 1, 0, 0, 0);
INSERT INTO CORESSO.dbo.SYS_GrupoPermissao
(gru_id, sis_id, mod_id, grp_consultar, grp_inserir, grp_alterar, grp_excluir)
VALUES('4BE1E074-37D6-E911-ABD6-F81654FE895D', 1000, 24, 1, 0, 0, 0);
INSERT INTO CORESSO.dbo.SYS_GrupoPermissao
(gru_id, sis_id, mod_id, grp_consultar, grp_inserir, grp_alterar, grp_excluir)
VALUES('4BE1E074-37D6-E911-ABD6-F81654FE895D', 1000, 25, 1, 0, 0, 0);
INSERT INTO CORESSO.dbo.SYS_GrupoPermissao
(gru_id, sis_id, mod_id, grp_consultar, grp_inserir, grp_alterar, grp_excluir)
VALUES('4BE1E074-37D6-E911-ABD6-F81654FE895D', 1000, 26, 1, 1, 1, 1);
INSERT INTO CORESSO.dbo.SYS_GrupoPermissao
(gru_id, sis_id, mod_id, grp_consultar, grp_inserir, grp_alterar, grp_excluir)
VALUES('4BE1E074-37D6-E911-ABD6-F81654FE895D', 1000, 28, 1, 1, 1, 1);
INSERT INTO CORESSO.dbo.SYS_GrupoPermissao
(gru_id, sis_id, mod_id, grp_consultar, grp_inserir, grp_alterar, grp_excluir)
VALUES('4BE1E074-37D6-E911-ABD6-F81654FE895D', 1000, 29, 1, 0, 0, 0);
INSERT INTO CORESSO.dbo.SYS_GrupoPermissao
(gru_id, sis_id, mod_id, grp_consultar, grp_inserir, grp_alterar, grp_excluir)
VALUES('4BE1E074-37D6-E911-ABD6-F81654FE895D', 1000, 32, 1, 0, 0, 0);
INSERT INTO CORESSO.dbo.SYS_GrupoPermissao
(gru_id, sis_id, mod_id, grp_consultar, grp_inserir, grp_alterar, grp_excluir)
VALUES('4BE1E074-37D6-E911-ABD6-F81654FE895D', 1000, 33, 1, 0, 0, 0);
INSERT INTO CORESSO.dbo.SYS_GrupoPermissao
(gru_id, sis_id, mod_id, grp_consultar, grp_inserir, grp_alterar, grp_excluir)
VALUES('4BE1E074-37D6-E911-ABD6-F81654FE895D', 1000, 34, 1, 0, 0, 0);
INSERT INTO CORESSO.dbo.SYS_GrupoPermissao
(gru_id, sis_id, mod_id, grp_consultar, grp_inserir, grp_alterar, grp_excluir)
VALUES('4BE1E074-37D6-E911-ABD6-F81654FE895D', 1000, 37, 1, 0, 0, 0);
INSERT INTO CORESSO.dbo.SYS_GrupoPermissao
(gru_id, sis_id, mod_id, grp_consultar, grp_inserir, grp_alterar, grp_excluir)
VALUES('4BE1E074-37D6-E911-ABD6-F81654FE895D', 1000, 40, 1, 0, 0, 0);
INSERT INTO CORESSO.dbo.SYS_GrupoPermissao
(gru_id, sis_id, mod_id, grp_consultar, grp_inserir, grp_alterar, grp_excluir)
VALUES('4BE1E074-37D6-E911-ABD6-F81654FE895D', 1000, 41, 1, 0, 0, 0);
INSERT INTO CORESSO.dbo.SYS_GrupoPermissao
(gru_id, sis_id, mod_id, grp_consultar, grp_inserir, grp_alterar, grp_excluir)
VALUES('4BE1E074-37D6-E911-ABD6-F81654FE895D', 1000, 42, 1, 0, 0, 0);
INSERT INTO CORESSO.dbo.SYS_GrupoPermissao
(gru_id, sis_id, mod_id, grp_consultar, grp_inserir, grp_alterar, grp_excluir)
VALUES('4BE1E074-37D6-E911-ABD6-F81654FE895D', 1000, 44, 1, 0, 0, 0);
INSERT INTO CORESSO.dbo.SYS_GrupoPermissao
(gru_id, sis_id, mod_id, grp_consultar, grp_inserir, grp_alterar, grp_excluir)
VALUES('4BE1E074-37D6-E911-ABD6-F81654FE895D', 1000, 46, 1, 0, 0, 0);
INSERT INTO CORESSO.dbo.SYS_GrupoPermissao
(gru_id, sis_id, mod_id, grp_consultar, grp_inserir, grp_alterar, grp_excluir)
VALUES('4BE1E074-37D6-E911-ABD6-F81654FE895D', 1000, 47, 1, 0, 0, 0);
INSERT INTO CORESSO.dbo.SYS_GrupoPermissao
(gru_id, sis_id, mod_id, grp_consultar, grp_inserir, grp_alterar, grp_excluir)
VALUES('4BE1E074-37D6-E911-ABD6-F81654FE895D', 1000, 48, 1, 0, 0, 0);
INSERT INTO CORESSO.dbo.SYS_GrupoPermissao
(gru_id, sis_id, mod_id, grp_consultar, grp_inserir, grp_alterar, grp_excluir)
VALUES('4BE1E074-37D6-E911-ABD6-F81654FE895D', 1000, 49, 1, 0, 0, 0);
INSERT INTO CORESSO.dbo.SYS_GrupoPermissao
(gru_id, sis_id, mod_id, grp_consultar, grp_inserir, grp_alterar, grp_excluir)
VALUES('4BE1E074-37D6-E911-ABD6-F81654FE895D', 1000, 50, 1, 0, 0, 0);
INSERT INTO CORESSO.dbo.SYS_GrupoPermissao
(gru_id, sis_id, mod_id, grp_consultar, grp_inserir, grp_alterar, grp_excluir)
VALUES('4BE1E074-37D6-E911-ABD6-F81654FE895D', 1000, 51, 1, 0, 0, 0);
INSERT INTO CORESSO.dbo.SYS_GrupoPermissao
(gru_id, sis_id, mod_id, grp_consultar, grp_inserir, grp_alterar, grp_excluir)
VALUES('4BE1E074-37D6-E911-ABD6-F81654FE895D', 1000, 52, 1, 0, 0, 0);
INSERT INTO CORESSO.dbo.SYS_GrupoPermissao
(gru_id, sis_id, mod_id, grp_consultar, grp_inserir, grp_alterar, grp_excluir)
VALUES('4BE1E074-37D6-E911-ABD6-F81654FE895D', 1000, 54, 1, 0, 0, 0);
INSERT INTO CORESSO.dbo.SYS_GrupoPermissao
(gru_id, sis_id, mod_id, grp_consultar, grp_inserir, grp_alterar, grp_excluir)
VALUES('4BE1E074-37D6-E911-ABD6-F81654FE895D', 1000, 55, 1, 0, 0, 0);
INSERT INTO CORESSO.dbo.SYS_GrupoPermissao
(gru_id, sis_id, mod_id, grp_consultar, grp_inserir, grp_alterar, grp_excluir)
VALUES('4BE1E074-37D6-E911-ABD6-F81654FE895D', 1000, 56, 1, 0, 0, 0);
INSERT INTO CORESSO.dbo.SYS_GrupoPermissao
(gru_id, sis_id, mod_id, grp_consultar, grp_inserir, grp_alterar, grp_excluir)
VALUES('4BE1E074-37D6-E911-ABD6-F81654FE895D', 1000, 57, 1, 0, 0, 0);
INSERT INTO CORESSO.dbo.SYS_GrupoPermissao
(gru_id, sis_id, mod_id, grp_consultar, grp_inserir, grp_alterar, grp_excluir)
VALUES('4BE1E074-37D6-E911-ABD6-F81654FE895D', 1000, 58, 1, 0, 0, 0);
INSERT INTO CORESSO.dbo.SYS_GrupoPermissao
(gru_id, sis_id, mod_id, grp_consultar, grp_inserir, grp_alterar, grp_excluir)
VALUES('4BE1E074-37D6-E911-ABD6-F81654FE895D', 1000, 59, 1, 0, 0, 0);
INSERT INTO CORESSO.dbo.SYS_GrupoPermissao
(gru_id, sis_id, mod_id, grp_consultar, grp_inserir, grp_alterar, grp_excluir)
VALUES('4BE1E074-37D6-E911-ABD6-F81654FE895D', 1000, 60, 1, 0, 0, 0);
INSERT INTO CORESSO.dbo.SYS_GrupoPermissao
(gru_id, sis_id, mod_id, grp_consultar, grp_inserir, grp_alterar, grp_excluir)
VALUES('4BE1E074-37D6-E911-ABD6-F81654FE895D', 1000, 61, 1, 0, 0, 0);
INSERT INTO CORESSO.dbo.SYS_GrupoPermissao
(gru_id, sis_id, mod_id, grp_consultar, grp_inserir, grp_alterar, grp_excluir)
VALUES('4BE1E074-37D6-E911-ABD6-F81654FE895D', 1000, 63, 1, 0, 0, 0);
INSERT INTO CORESSO.dbo.SYS_GrupoPermissao
(gru_id, sis_id, mod_id, grp_consultar, grp_inserir, grp_alterar, grp_excluir)
VALUES('4BE1E074-37D6-E911-ABD6-F81654FE895D', 1000, 64, 1, 0, 0, 0);
INSERT INTO CORESSO.dbo.SYS_GrupoPermissao
(gru_id, sis_id, mod_id, grp_consultar, grp_inserir, grp_alterar, grp_excluir)
VALUES('4BE1E074-37D6-E911-ABD6-F81654FE895D', 1000, 65, 1, 0, 0, 0);
INSERT INTO CORESSO.dbo.SYS_GrupoPermissao
(gru_id, sis_id, mod_id, grp_consultar, grp_inserir, grp_alterar, grp_excluir)
VALUES('4BE1E074-37D6-E911-ABD6-F81654FE895D', 1000, 66, 1, 0, 0, 0);
INSERT INTO CORESSO.dbo.SYS_GrupoPermissao
(gru_id, sis_id, mod_id, grp_consultar, grp_inserir, grp_alterar, grp_excluir)
VALUES('4BE1E074-37D6-E911-ABD6-F81654FE895D', 1000, 68, 1, 0, 0, 0);
INSERT INTO CORESSO.dbo.SYS_GrupoPermissao
(gru_id, sis_id, mod_id, grp_consultar, grp_inserir, grp_alterar, grp_excluir)
VALUES('4BE1E074-37D6-E911-ABD6-F81654FE895D', 1000, 69, 1, 0, 0, 0);
INSERT INTO CORESSO.dbo.SYS_GrupoPermissao
(gru_id, sis_id, mod_id, grp_consultar, grp_inserir, grp_alterar, grp_excluir)
VALUES('4BE1E074-37D6-E911-ABD6-F81654FE895D', 1000, 70, 1, 0, 0, 0);
INSERT INTO CORESSO.dbo.SYS_GrupoPermissao
(gru_id, sis_id, mod_id, grp_consultar, grp_inserir, grp_alterar, grp_excluir)
VALUES('4CE1E074-37D6-E911-ABD6-F81654FE895D', 1000, 16, 1, 0, 0, 0);
INSERT INTO CORESSO.dbo.SYS_GrupoPermissao
(gru_id, sis_id, mod_id, grp_consultar, grp_inserir, grp_alterar, grp_excluir)
VALUES('4CE1E074-37D6-E911-ABD6-F81654FE895D', 1000, 17, 1, 0, 0, 0);
INSERT INTO CORESSO.dbo.SYS_GrupoPermissao
(gru_id, sis_id, mod_id, grp_consultar, grp_inserir, grp_alterar, grp_excluir)
VALUES('4CE1E074-37D6-E911-ABD6-F81654FE895D', 1000, 19, 1, 0, 0, 0);
INSERT INTO CORESSO.dbo.SYS_GrupoPermissao
(gru_id, sis_id, mod_id, grp_consultar, grp_inserir, grp_alterar, grp_excluir)
VALUES('4CE1E074-37D6-E911-ABD6-F81654FE895D', 1000, 20, 1, 0, 0, 0);
INSERT INTO CORESSO.dbo.SYS_GrupoPermissao
(gru_id, sis_id, mod_id, grp_consultar, grp_inserir, grp_alterar, grp_excluir)
VALUES('4CE1E074-37D6-E911-ABD6-F81654FE895D', 1000, 22, 1, 0, 0, 0);
INSERT INTO CORESSO.dbo.SYS_GrupoPermissao
(gru_id, sis_id, mod_id, grp_consultar, grp_inserir, grp_alterar, grp_excluir)
VALUES('4CE1E074-37D6-E911-ABD6-F81654FE895D', 1000, 23, 1, 0, 0, 0);
INSERT INTO CORESSO.dbo.SYS_GrupoPermissao
(gru_id, sis_id, mod_id, grp_consultar, grp_inserir, grp_alterar, grp_excluir)
VALUES('4CE1E074-37D6-E911-ABD6-F81654FE895D', 1000, 24, 1, 0, 0, 0);
INSERT INTO CORESSO.dbo.SYS_GrupoPermissao
(gru_id, sis_id, mod_id, grp_consultar, grp_inserir, grp_alterar, grp_excluir)
VALUES('4CE1E074-37D6-E911-ABD6-F81654FE895D', 1000, 25, 1, 0, 0, 0);
INSERT INTO CORESSO.dbo.SYS_GrupoPermissao
(gru_id, sis_id, mod_id, grp_consultar, grp_inserir, grp_alterar, grp_excluir)
VALUES('4CE1E074-37D6-E911-ABD6-F81654FE895D', 1000, 26, 1, 1, 1, 1);
INSERT INTO CORESSO.dbo.SYS_GrupoPermissao
(gru_id, sis_id, mod_id, grp_consultar, grp_inserir, grp_alterar, grp_excluir)
VALUES('4CE1E074-37D6-E911-ABD6-F81654FE895D', 1000, 28, 1, 1, 1, 1);
INSERT INTO CORESSO.dbo.SYS_GrupoPermissao
(gru_id, sis_id, mod_id, grp_consultar, grp_inserir, grp_alterar, grp_excluir)
VALUES('4CE1E074-37D6-E911-ABD6-F81654FE895D', 1000, 29, 1, 0, 0, 0);
INSERT INTO CORESSO.dbo.SYS_GrupoPermissao
(gru_id, sis_id, mod_id, grp_consultar, grp_inserir, grp_alterar, grp_excluir)
VALUES('4CE1E074-37D6-E911-ABD6-F81654FE895D', 1000, 32, 1, 0, 0, 0);
INSERT INTO CORESSO.dbo.SYS_GrupoPermissao
(gru_id, sis_id, mod_id, grp_consultar, grp_inserir, grp_alterar, grp_excluir)
VALUES('4CE1E074-37D6-E911-ABD6-F81654FE895D', 1000, 33, 1, 0, 0, 0);
INSERT INTO CORESSO.dbo.SYS_GrupoPermissao
(gru_id, sis_id, mod_id, grp_consultar, grp_inserir, grp_alterar, grp_excluir)
VALUES('4CE1E074-37D6-E911-ABD6-F81654FE895D', 1000, 34, 1, 0, 0, 0);
INSERT INTO CORESSO.dbo.SYS_GrupoPermissao
(gru_id, sis_id, mod_id, grp_consultar, grp_inserir, grp_alterar, grp_excluir)
VALUES('4CE1E074-37D6-E911-ABD6-F81654FE895D', 1000, 37, 1, 0, 0, 0);
INSERT INTO CORESSO.dbo.SYS_GrupoPermissao
(gru_id, sis_id, mod_id, grp_consultar, grp_inserir, grp_alterar, grp_excluir)
VALUES('4CE1E074-37D6-E911-ABD6-F81654FE895D', 1000, 40, 1, 0, 0, 0);
INSERT INTO CORESSO.dbo.SYS_GrupoPermissao
(gru_id, sis_id, mod_id, grp_consultar, grp_inserir, grp_alterar, grp_excluir)
VALUES('4CE1E074-37D6-E911-ABD6-F81654FE895D', 1000, 41, 1, 0, 0, 0);
INSERT INTO CORESSO.dbo.SYS_GrupoPermissao
(gru_id, sis_id, mod_id, grp_consultar, grp_inserir, grp_alterar, grp_excluir)
VALUES('4CE1E074-37D6-E911-ABD6-F81654FE895D', 1000, 42, 1, 0, 0, 0);
INSERT INTO CORESSO.dbo.SYS_GrupoPermissao
(gru_id, sis_id, mod_id, grp_consultar, grp_inserir, grp_alterar, grp_excluir)
VALUES('4CE1E074-37D6-E911-ABD6-F81654FE895D', 1000, 44, 1, 0, 0, 0);
INSERT INTO CORESSO.dbo.SYS_GrupoPermissao
(gru_id, sis_id, mod_id, grp_consultar, grp_inserir, grp_alterar, grp_excluir)
VALUES('4CE1E074-37D6-E911-ABD6-F81654FE895D', 1000, 46, 1, 0, 0, 0);
INSERT INTO CORESSO.dbo.SYS_GrupoPermissao
(gru_id, sis_id, mod_id, grp_consultar, grp_inserir, grp_alterar, grp_excluir)
VALUES('4CE1E074-37D6-E911-ABD6-F81654FE895D', 1000, 47, 1, 0, 0, 0);
INSERT INTO CORESSO.dbo.SYS_GrupoPermissao
(gru_id, sis_id, mod_id, grp_consultar, grp_inserir, grp_alterar, grp_excluir)
VALUES('4CE1E074-37D6-E911-ABD6-F81654FE895D', 1000, 48, 1, 0, 0, 0);
INSERT INTO CORESSO.dbo.SYS_GrupoPermissao
(gru_id, sis_id, mod_id, grp_consultar, grp_inserir, grp_alterar, grp_excluir)
VALUES('4CE1E074-37D6-E911-ABD6-F81654FE895D', 1000, 49, 1, 0, 0, 0);
INSERT INTO CORESSO.dbo.SYS_GrupoPermissao
(gru_id, sis_id, mod_id, grp_consultar, grp_inserir, grp_alterar, grp_excluir)
VALUES('4CE1E074-37D6-E911-ABD6-F81654FE895D', 1000, 50, 1, 0, 0, 0);
INSERT INTO CORESSO.dbo.SYS_GrupoPermissao
(gru_id, sis_id, mod_id, grp_consultar, grp_inserir, grp_alterar, grp_excluir)
VALUES('4CE1E074-37D6-E911-ABD6-F81654FE895D', 1000, 51, 1, 0, 0, 0);
INSERT INTO CORESSO.dbo.SYS_GrupoPermissao
(gru_id, sis_id, mod_id, grp_consultar, grp_inserir, grp_alterar, grp_excluir)
VALUES('4CE1E074-37D6-E911-ABD6-F81654FE895D', 1000, 52, 1, 0, 0, 0);
INSERT INTO CORESSO.dbo.SYS_GrupoPermissao
(gru_id, sis_id, mod_id, grp_consultar, grp_inserir, grp_alterar, grp_excluir)
VALUES('4CE1E074-37D6-E911-ABD6-F81654FE895D', 1000, 54, 1, 0, 0, 0);
INSERT INTO CORESSO.dbo.SYS_GrupoPermissao
(gru_id, sis_id, mod_id, grp_consultar, grp_inserir, grp_alterar, grp_excluir)
VALUES('4CE1E074-37D6-E911-ABD6-F81654FE895D', 1000, 55, 1, 0, 0, 0);
INSERT INTO CORESSO.dbo.SYS_GrupoPermissao
(gru_id, sis_id, mod_id, grp_consultar, grp_inserir, grp_alterar, grp_excluir)
VALUES('4CE1E074-37D6-E911-ABD6-F81654FE895D', 1000, 56, 1, 0, 0, 0);
INSERT INTO CORESSO.dbo.SYS_GrupoPermissao
(gru_id, sis_id, mod_id, grp_consultar, grp_inserir, grp_alterar, grp_excluir)
VALUES('4CE1E074-37D6-E911-ABD6-F81654FE895D', 1000, 57, 1, 0, 0, 0);
INSERT INTO CORESSO.dbo.SYS_GrupoPermissao
(gru_id, sis_id, mod_id, grp_consultar, grp_inserir, grp_alterar, grp_excluir)
VALUES('4CE1E074-37D6-E911-ABD6-F81654FE895D', 1000, 58, 1, 0, 0, 0);
INSERT INTO CORESSO.dbo.SYS_GrupoPermissao
(gru_id, sis_id, mod_id, grp_consultar, grp_inserir, grp_alterar, grp_excluir)
VALUES('4CE1E074-37D6-E911-ABD6-F81654FE895D', 1000, 59, 1, 0, 0, 0);
INSERT INTO CORESSO.dbo.SYS_GrupoPermissao
(gru_id, sis_id, mod_id, grp_consultar, grp_inserir, grp_alterar, grp_excluir)
VALUES('4CE1E074-37D6-E911-ABD6-F81654FE895D', 1000, 60, 1, 0, 0, 0);
INSERT INTO CORESSO.dbo.SYS_GrupoPermissao
(gru_id, sis_id, mod_id, grp_consultar, grp_inserir, grp_alterar, grp_excluir)
VALUES('4CE1E074-37D6-E911-ABD6-F81654FE895D', 1000, 61, 1, 0, 0, 0);
INSERT INTO CORESSO.dbo.SYS_GrupoPermissao
(gru_id, sis_id, mod_id, grp_consultar, grp_inserir, grp_alterar, grp_excluir)
VALUES('4CE1E074-37D6-E911-ABD6-F81654FE895D', 1000, 63, 1, 0, 0, 0);
INSERT INTO CORESSO.dbo.SYS_GrupoPermissao
(gru_id, sis_id, mod_id, grp_consultar, grp_inserir, grp_alterar, grp_excluir)
VALUES('4CE1E074-37D6-E911-ABD6-F81654FE895D', 1000, 64, 1, 0, 0, 0);
INSERT INTO CORESSO.dbo.SYS_GrupoPermissao
(gru_id, sis_id, mod_id, grp_consultar, grp_inserir, grp_alterar, grp_excluir)
VALUES('4CE1E074-37D6-E911-ABD6-F81654FE895D', 1000, 65, 1, 0, 0, 0);
INSERT INTO CORESSO.dbo.SYS_GrupoPermissao
(gru_id, sis_id, mod_id, grp_consultar, grp_inserir, grp_alterar, grp_excluir)
VALUES('4CE1E074-37D6-E911-ABD6-F81654FE895D', 1000, 66, 1, 0, 0, 0);
INSERT INTO CORESSO.dbo.SYS_GrupoPermissao
(gru_id, sis_id, mod_id, grp_consultar, grp_inserir, grp_alterar, grp_excluir)
VALUES('4CE1E074-37D6-E911-ABD6-F81654FE895D', 1000, 68, 1, 0, 0, 0);
INSERT INTO CORESSO.dbo.SYS_GrupoPermissao
(gru_id, sis_id, mod_id, grp_consultar, grp_inserir, grp_alterar, grp_excluir)
VALUES('4CE1E074-37D6-E911-ABD6-F81654FE895D', 1000, 69, 1, 0, 0, 0);
INSERT INTO CORESSO.dbo.SYS_GrupoPermissao
(gru_id, sis_id, mod_id, grp_consultar, grp_inserir, grp_alterar, grp_excluir)
VALUES('4CE1E074-37D6-E911-ABD6-F81654FE895D', 1000, 70, 1, 0, 0, 0);
INSERT INTO CORESSO.dbo.SYS_GrupoPermissao
(gru_id, sis_id, mod_id, grp_consultar, grp_inserir, grp_alterar, grp_excluir)
VALUES('4DE1E074-37D6-E911-ABD6-F81654FE895D', 1000, 16, 1, 0, 0, 0);
INSERT INTO CORESSO.dbo.SYS_GrupoPermissao
(gru_id, sis_id, mod_id, grp_consultar, grp_inserir, grp_alterar, grp_excluir)
VALUES('4DE1E074-37D6-E911-ABD6-F81654FE895D', 1000, 17, 1, 0, 0, 0);
INSERT INTO CORESSO.dbo.SYS_GrupoPermissao
(gru_id, sis_id, mod_id, grp_consultar, grp_inserir, grp_alterar, grp_excluir)
VALUES('4DE1E074-37D6-E911-ABD6-F81654FE895D', 1000, 19, 1, 0, 0, 0);
INSERT INTO CORESSO.dbo.SYS_GrupoPermissao
(gru_id, sis_id, mod_id, grp_consultar, grp_inserir, grp_alterar, grp_excluir)
VALUES('4DE1E074-37D6-E911-ABD6-F81654FE895D', 1000, 20, 1, 0, 0, 0);
INSERT INTO CORESSO.dbo.SYS_GrupoPermissao
(gru_id, sis_id, mod_id, grp_consultar, grp_inserir, grp_alterar, grp_excluir)
VALUES('4DE1E074-37D6-E911-ABD6-F81654FE895D', 1000, 22, 1, 0, 0, 0);
INSERT INTO CORESSO.dbo.SYS_GrupoPermissao
(gru_id, sis_id, mod_id, grp_consultar, grp_inserir, grp_alterar, grp_excluir)
VALUES('4DE1E074-37D6-E911-ABD6-F81654FE895D', 1000, 23, 1, 1, 0, 0);
INSERT INTO CORESSO.dbo.SYS_GrupoPermissao
(gru_id, sis_id, mod_id, grp_consultar, grp_inserir, grp_alterar, grp_excluir)
VALUES('4DE1E074-37D6-E911-ABD6-F81654FE895D', 1000, 24, 1, 0, 0, 0);
INSERT INTO CORESSO.dbo.SYS_GrupoPermissao
(gru_id, sis_id, mod_id, grp_consultar, grp_inserir, grp_alterar, grp_excluir)
VALUES('4DE1E074-37D6-E911-ABD6-F81654FE895D', 1000, 25, 1, 0, 0, 0);
INSERT INTO CORESSO.dbo.SYS_GrupoPermissao
(gru_id, sis_id, mod_id, grp_consultar, grp_inserir, grp_alterar, grp_excluir)
VALUES('4DE1E074-37D6-E911-ABD6-F81654FE895D', 1000, 26, 1, 1, 1, 1);
INSERT INTO CORESSO.dbo.SYS_GrupoPermissao
(gru_id, sis_id, mod_id, grp_consultar, grp_inserir, grp_alterar, grp_excluir)
VALUES('4DE1E074-37D6-E911-ABD6-F81654FE895D', 1000, 28, 1, 1, 1, 1);
INSERT INTO CORESSO.dbo.SYS_GrupoPermissao
(gru_id, sis_id, mod_id, grp_consultar, grp_inserir, grp_alterar, grp_excluir)
VALUES('4DE1E074-37D6-E911-ABD6-F81654FE895D', 1000, 29, 1, 0, 0, 0);
INSERT INTO CORESSO.dbo.SYS_GrupoPermissao
(gru_id, sis_id, mod_id, grp_consultar, grp_inserir, grp_alterar, grp_excluir)
VALUES('4DE1E074-37D6-E911-ABD6-F81654FE895D', 1000, 32, 1, 0, 0, 0);
INSERT INTO CORESSO.dbo.SYS_GrupoPermissao
(gru_id, sis_id, mod_id, grp_consultar, grp_inserir, grp_alterar, grp_excluir)
VALUES('4DE1E074-37D6-E911-ABD6-F81654FE895D', 1000, 33, 1, 0, 0, 0);
INSERT INTO CORESSO.dbo.SYS_GrupoPermissao
(gru_id, sis_id, mod_id, grp_consultar, grp_inserir, grp_alterar, grp_excluir)
VALUES('4DE1E074-37D6-E911-ABD6-F81654FE895D', 1000, 34, 1, 0, 0, 0);
INSERT INTO CORESSO.dbo.SYS_GrupoPermissao
(gru_id, sis_id, mod_id, grp_consultar, grp_inserir, grp_alterar, grp_excluir)
VALUES('4DE1E074-37D6-E911-ABD6-F81654FE895D', 1000, 37, 1, 0, 0, 0);
INSERT INTO CORESSO.dbo.SYS_GrupoPermissao
(gru_id, sis_id, mod_id, grp_consultar, grp_inserir, grp_alterar, grp_excluir)
VALUES('4DE1E074-37D6-E911-ABD6-F81654FE895D', 1000, 40, 1, 0, 0, 0);
INSERT INTO CORESSO.dbo.SYS_GrupoPermissao
(gru_id, sis_id, mod_id, grp_consultar, grp_inserir, grp_alterar, grp_excluir)
VALUES('4DE1E074-37D6-E911-ABD6-F81654FE895D', 1000, 41, 1, 0, 0, 0);
INSERT INTO CORESSO.dbo.SYS_GrupoPermissao
(gru_id, sis_id, mod_id, grp_consultar, grp_inserir, grp_alterar, grp_excluir)
VALUES('4DE1E074-37D6-E911-ABD6-F81654FE895D', 1000, 42, 1, 0, 0, 0);
INSERT INTO CORESSO.dbo.SYS_GrupoPermissao
(gru_id, sis_id, mod_id, grp_consultar, grp_inserir, grp_alterar, grp_excluir)
VALUES('4DE1E074-37D6-E911-ABD6-F81654FE895D', 1000, 44, 1, 0, 0, 0);
INSERT INTO CORESSO.dbo.SYS_GrupoPermissao
(gru_id, sis_id, mod_id, grp_consultar, grp_inserir, grp_alterar, grp_excluir)
VALUES('4DE1E074-37D6-E911-ABD6-F81654FE895D', 1000, 46, 1, 0, 0, 0);
INSERT INTO CORESSO.dbo.SYS_GrupoPermissao
(gru_id, sis_id, mod_id, grp_consultar, grp_inserir, grp_alterar, grp_excluir)
VALUES('4DE1E074-37D6-E911-ABD6-F81654FE895D', 1000, 47, 1, 0, 0, 0);
INSERT INTO CORESSO.dbo.SYS_GrupoPermissao
(gru_id, sis_id, mod_id, grp_consultar, grp_inserir, grp_alterar, grp_excluir)
VALUES('4DE1E074-37D6-E911-ABD6-F81654FE895D', 1000, 48, 1, 0, 0, 0);
INSERT INTO CORESSO.dbo.SYS_GrupoPermissao
(gru_id, sis_id, mod_id, grp_consultar, grp_inserir, grp_alterar, grp_excluir)
VALUES('4DE1E074-37D6-E911-ABD6-F81654FE895D', 1000, 49, 1, 0, 0, 0);
INSERT INTO CORESSO.dbo.SYS_GrupoPermissao
(gru_id, sis_id, mod_id, grp_consultar, grp_inserir, grp_alterar, grp_excluir)
VALUES('4DE1E074-37D6-E911-ABD6-F81654FE895D', 1000, 50, 1, 0, 0, 0);
INSERT INTO CORESSO.dbo.SYS_GrupoPermissao
(gru_id, sis_id, mod_id, grp_consultar, grp_inserir, grp_alterar, grp_excluir)
VALUES('4DE1E074-37D6-E911-ABD6-F81654FE895D', 1000, 51, 1, 0, 0, 0);
INSERT INTO CORESSO.dbo.SYS_GrupoPermissao
(gru_id, sis_id, mod_id, grp_consultar, grp_inserir, grp_alterar, grp_excluir)
VALUES('4DE1E074-37D6-E911-ABD6-F81654FE895D', 1000, 52, 1, 0, 0, 0);
INSERT INTO CORESSO.dbo.SYS_GrupoPermissao
(gru_id, sis_id, mod_id, grp_consultar, grp_inserir, grp_alterar, grp_excluir)
VALUES('4DE1E074-37D6-E911-ABD6-F81654FE895D', 1000, 54, 1, 0, 0, 0);
INSERT INTO CORESSO.dbo.SYS_GrupoPermissao
(gru_id, sis_id, mod_id, grp_consultar, grp_inserir, grp_alterar, grp_excluir)
VALUES('4DE1E074-37D6-E911-ABD6-F81654FE895D', 1000, 55, 1, 0, 0, 0);
INSERT INTO CORESSO.dbo.SYS_GrupoPermissao
(gru_id, sis_id, mod_id, grp_consultar, grp_inserir, grp_alterar, grp_excluir)
VALUES('4DE1E074-37D6-E911-ABD6-F81654FE895D', 1000, 56, 1, 0, 0, 0);
INSERT INTO CORESSO.dbo.SYS_GrupoPermissao
(gru_id, sis_id, mod_id, grp_consultar, grp_inserir, grp_alterar, grp_excluir)
VALUES('4DE1E074-37D6-E911-ABD6-F81654FE895D', 1000, 57, 1, 0, 0, 0);
INSERT INTO CORESSO.dbo.SYS_GrupoPermissao
(gru_id, sis_id, mod_id, grp_consultar, grp_inserir, grp_alterar, grp_excluir)
VALUES('4DE1E074-37D6-E911-ABD6-F81654FE895D', 1000, 58, 1, 0, 0, 0);
INSERT INTO CORESSO.dbo.SYS_GrupoPermissao
(gru_id, sis_id, mod_id, grp_consultar, grp_inserir, grp_alterar, grp_excluir)
VALUES('4DE1E074-37D6-E911-ABD6-F81654FE895D', 1000, 59, 1, 0, 0, 0);
INSERT INTO CORESSO.dbo.SYS_GrupoPermissao
(gru_id, sis_id, mod_id, grp_consultar, grp_inserir, grp_alterar, grp_excluir)
VALUES('4DE1E074-37D6-E911-ABD6-F81654FE895D', 1000, 60, 1, 0, 0, 0);
INSERT INTO CORESSO.dbo.SYS_GrupoPermissao
(gru_id, sis_id, mod_id, grp_consultar, grp_inserir, grp_alterar, grp_excluir)
VALUES('4DE1E074-37D6-E911-ABD6-F81654FE895D', 1000, 61, 1, 0, 0, 0);
INSERT INTO CORESSO.dbo.SYS_GrupoPermissao
(gru_id, sis_id, mod_id, grp_consultar, grp_inserir, grp_alterar, grp_excluir)
VALUES('4DE1E074-37D6-E911-ABD6-F81654FE895D', 1000, 62, 1, 0, 0, 0);
INSERT INTO CORESSO.dbo.SYS_GrupoPermissao
(gru_id, sis_id, mod_id, grp_consultar, grp_inserir, grp_alterar, grp_excluir)
VALUES('4DE1E074-37D6-E911-ABD6-F81654FE895D', 1000, 63, 1, 0, 0, 0);
INSERT INTO CORESSO.dbo.SYS_GrupoPermissao
(gru_id, sis_id, mod_id, grp_consultar, grp_inserir, grp_alterar, grp_excluir)
VALUES('4DE1E074-37D6-E911-ABD6-F81654FE895D', 1000, 64, 1, 0, 0, 0);
INSERT INTO CORESSO.dbo.SYS_GrupoPermissao
(gru_id, sis_id, mod_id, grp_consultar, grp_inserir, grp_alterar, grp_excluir)
VALUES('4DE1E074-37D6-E911-ABD6-F81654FE895D', 1000, 65, 1, 0, 0, 0);
INSERT INTO CORESSO.dbo.SYS_GrupoPermissao
(gru_id, sis_id, mod_id, grp_consultar, grp_inserir, grp_alterar, grp_excluir)
VALUES('4DE1E074-37D6-E911-ABD6-F81654FE895D', 1000, 66, 1, 0, 0, 0);
INSERT INTO CORESSO.dbo.SYS_GrupoPermissao
(gru_id, sis_id, mod_id, grp_consultar, grp_inserir, grp_alterar, grp_excluir)
VALUES('4DE1E074-37D6-E911-ABD6-F81654FE895D', 1000, 67, 1, 0, 0, 0);
INSERT INTO CORESSO.dbo.SYS_GrupoPermissao
(gru_id, sis_id, mod_id, grp_consultar, grp_inserir, grp_alterar, grp_excluir)
VALUES('4DE1E074-37D6-E911-ABD6-F81654FE895D', 1000, 68, 1, 0, 0, 0);
INSERT INTO CORESSO.dbo.SYS_GrupoPermissao
(gru_id, sis_id, mod_id, grp_consultar, grp_inserir, grp_alterar, grp_excluir)
VALUES('4DE1E074-37D6-E911-ABD6-F81654FE895D', 1000, 69, 1, 0, 0, 0);
INSERT INTO CORESSO.dbo.SYS_GrupoPermissao
(gru_id, sis_id, mod_id, grp_consultar, grp_inserir, grp_alterar, grp_excluir)
VALUES('4DE1E074-37D6-E911-ABD6-F81654FE895D', 1000, 70, 1, 0, 0, 0);
INSERT INTO CORESSO.dbo.SYS_GrupoPermissao
(gru_id, sis_id, mod_id, grp_consultar, grp_inserir, grp_alterar, grp_excluir)
VALUES('4EE1E074-37D6-E911-ABD6-F81654FE895D', 1000, 16, 1, 0, 0, 0);
INSERT INTO CORESSO.dbo.SYS_GrupoPermissao
(gru_id, sis_id, mod_id, grp_consultar, grp_inserir, grp_alterar, grp_excluir)
VALUES('4EE1E074-37D6-E911-ABD6-F81654FE895D', 1000, 17, 1, 0, 0, 0);
INSERT INTO CORESSO.dbo.SYS_GrupoPermissao
(gru_id, sis_id, mod_id, grp_consultar, grp_inserir, grp_alterar, grp_excluir)
VALUES('4EE1E074-37D6-E911-ABD6-F81654FE895D', 1000, 19, 1, 0, 0, 0);
INSERT INTO CORESSO.dbo.SYS_GrupoPermissao
(gru_id, sis_id, mod_id, grp_consultar, grp_inserir, grp_alterar, grp_excluir)
VALUES('4EE1E074-37D6-E911-ABD6-F81654FE895D', 1000, 20, 1, 0, 0, 0);
INSERT INTO CORESSO.dbo.SYS_GrupoPermissao
(gru_id, sis_id, mod_id, grp_consultar, grp_inserir, grp_alterar, grp_excluir)
VALUES('4EE1E074-37D6-E911-ABD6-F81654FE895D', 1000, 22, 1, 0, 0, 0);
INSERT INTO CORESSO.dbo.SYS_GrupoPermissao
(gru_id, sis_id, mod_id, grp_consultar, grp_inserir, grp_alterar, grp_excluir)
VALUES('4EE1E074-37D6-E911-ABD6-F81654FE895D', 1000, 23, 1, 1, 0, 0);
INSERT INTO CORESSO.dbo.SYS_GrupoPermissao
(gru_id, sis_id, mod_id, grp_consultar, grp_inserir, grp_alterar, grp_excluir)
VALUES('4EE1E074-37D6-E911-ABD6-F81654FE895D', 1000, 24, 1, 0, 0, 0);
INSERT INTO CORESSO.dbo.SYS_GrupoPermissao
(gru_id, sis_id, mod_id, grp_consultar, grp_inserir, grp_alterar, grp_excluir)
VALUES('4EE1E074-37D6-E911-ABD6-F81654FE895D', 1000, 25, 1, 0, 0, 0);
INSERT INTO CORESSO.dbo.SYS_GrupoPermissao
(gru_id, sis_id, mod_id, grp_consultar, grp_inserir, grp_alterar, grp_excluir)
VALUES('4EE1E074-37D6-E911-ABD6-F81654FE895D', 1000, 26, 1, 1, 1, 1);
INSERT INTO CORESSO.dbo.SYS_GrupoPermissao
(gru_id, sis_id, mod_id, grp_consultar, grp_inserir, grp_alterar, grp_excluir)
VALUES('4EE1E074-37D6-E911-ABD6-F81654FE895D', 1000, 28, 1, 1, 1, 1);
INSERT INTO CORESSO.dbo.SYS_GrupoPermissao
(gru_id, sis_id, mod_id, grp_consultar, grp_inserir, grp_alterar, grp_excluir)
VALUES('4EE1E074-37D6-E911-ABD6-F81654FE895D', 1000, 29, 1, 0, 0, 0);
INSERT INTO CORESSO.dbo.SYS_GrupoPermissao
(gru_id, sis_id, mod_id, grp_consultar, grp_inserir, grp_alterar, grp_excluir)
VALUES('4EE1E074-37D6-E911-ABD6-F81654FE895D', 1000, 32, 1, 0, 0, 0);
INSERT INTO CORESSO.dbo.SYS_GrupoPermissao
(gru_id, sis_id, mod_id, grp_consultar, grp_inserir, grp_alterar, grp_excluir)
VALUES('4EE1E074-37D6-E911-ABD6-F81654FE895D', 1000, 33, 1, 0, 0, 0);
INSERT INTO CORESSO.dbo.SYS_GrupoPermissao
(gru_id, sis_id, mod_id, grp_consultar, grp_inserir, grp_alterar, grp_excluir)
VALUES('4EE1E074-37D6-E911-ABD6-F81654FE895D', 1000, 34, 1, 0, 0, 0);
INSERT INTO CORESSO.dbo.SYS_GrupoPermissao
(gru_id, sis_id, mod_id, grp_consultar, grp_inserir, grp_alterar, grp_excluir)
VALUES('4EE1E074-37D6-E911-ABD6-F81654FE895D', 1000, 37, 1, 0, 0, 0);
INSERT INTO CORESSO.dbo.SYS_GrupoPermissao
(gru_id, sis_id, mod_id, grp_consultar, grp_inserir, grp_alterar, grp_excluir)
VALUES('4EE1E074-37D6-E911-ABD6-F81654FE895D', 1000, 40, 1, 0, 0, 0);
INSERT INTO CORESSO.dbo.SYS_GrupoPermissao
(gru_id, sis_id, mod_id, grp_consultar, grp_inserir, grp_alterar, grp_excluir)
VALUES('4EE1E074-37D6-E911-ABD6-F81654FE895D', 1000, 41, 1, 1, 0, 0);
INSERT INTO CORESSO.dbo.SYS_GrupoPermissao
(gru_id, sis_id, mod_id, grp_consultar, grp_inserir, grp_alterar, grp_excluir)
VALUES('4EE1E074-37D6-E911-ABD6-F81654FE895D', 1000, 42, 1, 0, 0, 0);
INSERT INTO CORESSO.dbo.SYS_GrupoPermissao
(gru_id, sis_id, mod_id, grp_consultar, grp_inserir, grp_alterar, grp_excluir)
VALUES('4EE1E074-37D6-E911-ABD6-F81654FE895D', 1000, 44, 1, 0, 0, 0);
INSERT INTO CORESSO.dbo.SYS_GrupoPermissao
(gru_id, sis_id, mod_id, grp_consultar, grp_inserir, grp_alterar, grp_excluir)
VALUES('4EE1E074-37D6-E911-ABD6-F81654FE895D', 1000, 46, 1, 0, 0, 0);
INSERT INTO CORESSO.dbo.SYS_GrupoPermissao
(gru_id, sis_id, mod_id, grp_consultar, grp_inserir, grp_alterar, grp_excluir)
VALUES('4EE1E074-37D6-E911-ABD6-F81654FE895D', 1000, 47, 1, 0, 0, 0);
INSERT INTO CORESSO.dbo.SYS_GrupoPermissao
(gru_id, sis_id, mod_id, grp_consultar, grp_inserir, grp_alterar, grp_excluir)
VALUES('4EE1E074-37D6-E911-ABD6-F81654FE895D', 1000, 48, 1, 0, 0, 0);
INSERT INTO CORESSO.dbo.SYS_GrupoPermissao
(gru_id, sis_id, mod_id, grp_consultar, grp_inserir, grp_alterar, grp_excluir)
VALUES('4EE1E074-37D6-E911-ABD6-F81654FE895D', 1000, 49, 1, 0, 0, 0);
INSERT INTO CORESSO.dbo.SYS_GrupoPermissao
(gru_id, sis_id, mod_id, grp_consultar, grp_inserir, grp_alterar, grp_excluir)
VALUES('4EE1E074-37D6-E911-ABD6-F81654FE895D', 1000, 50, 1, 0, 0, 0);
INSERT INTO CORESSO.dbo.SYS_GrupoPermissao
(gru_id, sis_id, mod_id, grp_consultar, grp_inserir, grp_alterar, grp_excluir)
VALUES('4EE1E074-37D6-E911-ABD6-F81654FE895D', 1000, 51, 1, 0, 0, 0);
INSERT INTO CORESSO.dbo.SYS_GrupoPermissao
(gru_id, sis_id, mod_id, grp_consultar, grp_inserir, grp_alterar, grp_excluir)
VALUES('4EE1E074-37D6-E911-ABD6-F81654FE895D', 1000, 52, 1, 0, 0, 0);
INSERT INTO CORESSO.dbo.SYS_GrupoPermissao
(gru_id, sis_id, mod_id, grp_consultar, grp_inserir, grp_alterar, grp_excluir)
VALUES('4EE1E074-37D6-E911-ABD6-F81654FE895D', 1000, 54, 1, 0, 0, 0);
INSERT INTO CORESSO.dbo.SYS_GrupoPermissao
(gru_id, sis_id, mod_id, grp_consultar, grp_inserir, grp_alterar, grp_excluir)
VALUES('4EE1E074-37D6-E911-ABD6-F81654FE895D', 1000, 55, 1, 0, 0, 0);
INSERT INTO CORESSO.dbo.SYS_GrupoPermissao
(gru_id, sis_id, mod_id, grp_consultar, grp_inserir, grp_alterar, grp_excluir)
VALUES('4EE1E074-37D6-E911-ABD6-F81654FE895D', 1000, 56, 1, 0, 0, 0);
INSERT INTO CORESSO.dbo.SYS_GrupoPermissao
(gru_id, sis_id, mod_id, grp_consultar, grp_inserir, grp_alterar, grp_excluir)
VALUES('4EE1E074-37D6-E911-ABD6-F81654FE895D', 1000, 57, 1, 0, 0, 0);
INSERT INTO CORESSO.dbo.SYS_GrupoPermissao
(gru_id, sis_id, mod_id, grp_consultar, grp_inserir, grp_alterar, grp_excluir)
VALUES('4EE1E074-37D6-E911-ABD6-F81654FE895D', 1000, 58, 1, 0, 0, 0);
INSERT INTO CORESSO.dbo.SYS_GrupoPermissao
(gru_id, sis_id, mod_id, grp_consultar, grp_inserir, grp_alterar, grp_excluir)
VALUES('4EE1E074-37D6-E911-ABD6-F81654FE895D', 1000, 59, 1, 0, 0, 0);
INSERT INTO CORESSO.dbo.SYS_GrupoPermissao
(gru_id, sis_id, mod_id, grp_consultar, grp_inserir, grp_alterar, grp_excluir)
VALUES('4EE1E074-37D6-E911-ABD6-F81654FE895D', 1000, 60, 1, 0, 0, 0);
INSERT INTO CORESSO.dbo.SYS_GrupoPermissao
(gru_id, sis_id, mod_id, grp_consultar, grp_inserir, grp_alterar, grp_excluir)
VALUES('4EE1E074-37D6-E911-ABD6-F81654FE895D', 1000, 61, 1, 0, 0, 0);
INSERT INTO CORESSO.dbo.SYS_GrupoPermissao
(gru_id, sis_id, mod_id, grp_consultar, grp_inserir, grp_alterar, grp_excluir)
VALUES('4EE1E074-37D6-E911-ABD6-F81654FE895D', 1000, 63, 1, 0, 0, 0);
INSERT INTO CORESSO.dbo.SYS_GrupoPermissao
(gru_id, sis_id, mod_id, grp_consultar, grp_inserir, grp_alterar, grp_excluir)
VALUES('4EE1E074-37D6-E911-ABD6-F81654FE895D', 1000, 64, 1, 0, 0, 0);
INSERT INTO CORESSO.dbo.SYS_GrupoPermissao
(gru_id, sis_id, mod_id, grp_consultar, grp_inserir, grp_alterar, grp_excluir)
VALUES('4EE1E074-37D6-E911-ABD6-F81654FE895D', 1000, 65, 1, 0, 0, 0);
INSERT INTO CORESSO.dbo.SYS_GrupoPermissao
(gru_id, sis_id, mod_id, grp_consultar, grp_inserir, grp_alterar, grp_excluir)
VALUES('4EE1E074-37D6-E911-ABD6-F81654FE895D', 1000, 66, 1, 0, 0, 0);
INSERT INTO CORESSO.dbo.SYS_GrupoPermissao
(gru_id, sis_id, mod_id, grp_consultar, grp_inserir, grp_alterar, grp_excluir)
VALUES('4EE1E074-37D6-E911-ABD6-F81654FE895D', 1000, 68, 1, 0, 0, 0);
INSERT INTO CORESSO.dbo.SYS_GrupoPermissao
(gru_id, sis_id, mod_id, grp_consultar, grp_inserir, grp_alterar, grp_excluir)
VALUES('4EE1E074-37D6-E911-ABD6-F81654FE895D', 1000, 69, 1, 0, 0, 0);
INSERT INTO CORESSO.dbo.SYS_GrupoPermissao
(gru_id, sis_id, mod_id, grp_consultar, grp_inserir, grp_alterar, grp_excluir)
VALUES('4EE1E074-37D6-E911-ABD6-F81654FE895D', 1000, 70, 1, 0, 0, 0);
INSERT INTO CORESSO.dbo.SYS_GrupoPermissao
(gru_id, sis_id, mod_id, grp_consultar, grp_inserir, grp_alterar, grp_excluir)
VALUES('4FE1E074-37D6-E911-ABD6-F81654FE895D', 1000, 16, 1, 0, 0, 0);
INSERT INTO CORESSO.dbo.SYS_GrupoPermissao
(gru_id, sis_id, mod_id, grp_consultar, grp_inserir, grp_alterar, grp_excluir)
VALUES('4FE1E074-37D6-E911-ABD6-F81654FE895D', 1000, 17, 1, 0, 0, 0);
INSERT INTO CORESSO.dbo.SYS_GrupoPermissao
(gru_id, sis_id, mod_id, grp_consultar, grp_inserir, grp_alterar, grp_excluir)
VALUES('4FE1E074-37D6-E911-ABD6-F81654FE895D', 1000, 19, 1, 0, 0, 0);
INSERT INTO CORESSO.dbo.SYS_GrupoPermissao
(gru_id, sis_id, mod_id, grp_consultar, grp_inserir, grp_alterar, grp_excluir)
VALUES('4FE1E074-37D6-E911-ABD6-F81654FE895D', 1000, 20, 1, 0, 0, 0);
INSERT INTO CORESSO.dbo.SYS_GrupoPermissao
(gru_id, sis_id, mod_id, grp_consultar, grp_inserir, grp_alterar, grp_excluir)
VALUES('4FE1E074-37D6-E911-ABD6-F81654FE895D', 1000, 22, 1, 0, 0, 0);
INSERT INTO CORESSO.dbo.SYS_GrupoPermissao
(gru_id, sis_id, mod_id, grp_consultar, grp_inserir, grp_alterar, grp_excluir)
VALUES('4FE1E074-37D6-E911-ABD6-F81654FE895D', 1000, 23, 1, 1, 0, 0);
INSERT INTO CORESSO.dbo.SYS_GrupoPermissao
(gru_id, sis_id, mod_id, grp_consultar, grp_inserir, grp_alterar, grp_excluir)
VALUES('4FE1E074-37D6-E911-ABD6-F81654FE895D', 1000, 24, 1, 0, 0, 0);
INSERT INTO CORESSO.dbo.SYS_GrupoPermissao
(gru_id, sis_id, mod_id, grp_consultar, grp_inserir, grp_alterar, grp_excluir)
VALUES('4FE1E074-37D6-E911-ABD6-F81654FE895D', 1000, 25, 1, 0, 0, 0);
INSERT INTO CORESSO.dbo.SYS_GrupoPermissao
(gru_id, sis_id, mod_id, grp_consultar, grp_inserir, grp_alterar, grp_excluir)
VALUES('4FE1E074-37D6-E911-ABD6-F81654FE895D', 1000, 26, 1, 1, 1, 1);
INSERT INTO CORESSO.dbo.SYS_GrupoPermissao
(gru_id, sis_id, mod_id, grp_consultar, grp_inserir, grp_alterar, grp_excluir)
VALUES('4FE1E074-37D6-E911-ABD6-F81654FE895D', 1000, 28, 1, 1, 1, 1);
INSERT INTO CORESSO.dbo.SYS_GrupoPermissao
(gru_id, sis_id, mod_id, grp_consultar, grp_inserir, grp_alterar, grp_excluir)
VALUES('4FE1E074-37D6-E911-ABD6-F81654FE895D', 1000, 29, 1, 0, 0, 0);
INSERT INTO CORESSO.dbo.SYS_GrupoPermissao
(gru_id, sis_id, mod_id, grp_consultar, grp_inserir, grp_alterar, grp_excluir)
VALUES('4FE1E074-37D6-E911-ABD6-F81654FE895D', 1000, 32, 1, 0, 0, 0);
INSERT INTO CORESSO.dbo.SYS_GrupoPermissao
(gru_id, sis_id, mod_id, grp_consultar, grp_inserir, grp_alterar, grp_excluir)
VALUES('4FE1E074-37D6-E911-ABD6-F81654FE895D', 1000, 33, 1, 0, 0, 0);
INSERT INTO CORESSO.dbo.SYS_GrupoPermissao
(gru_id, sis_id, mod_id, grp_consultar, grp_inserir, grp_alterar, grp_excluir)
VALUES('4FE1E074-37D6-E911-ABD6-F81654FE895D', 1000, 34, 1, 0, 0, 0);
INSERT INTO CORESSO.dbo.SYS_GrupoPermissao
(gru_id, sis_id, mod_id, grp_consultar, grp_inserir, grp_alterar, grp_excluir)
VALUES('4FE1E074-37D6-E911-ABD6-F81654FE895D', 1000, 37, 1, 0, 0, 0);
INSERT INTO CORESSO.dbo.SYS_GrupoPermissao
(gru_id, sis_id, mod_id, grp_consultar, grp_inserir, grp_alterar, grp_excluir)
VALUES('4FE1E074-37D6-E911-ABD6-F81654FE895D', 1000, 40, 1, 0, 0, 0);
INSERT INTO CORESSO.dbo.SYS_GrupoPermissao
(gru_id, sis_id, mod_id, grp_consultar, grp_inserir, grp_alterar, grp_excluir)
VALUES('4FE1E074-37D6-E911-ABD6-F81654FE895D', 1000, 41, 1, 0, 0, 0);
INSERT INTO CORESSO.dbo.SYS_GrupoPermissao
(gru_id, sis_id, mod_id, grp_consultar, grp_inserir, grp_alterar, grp_excluir)
VALUES('4FE1E074-37D6-E911-ABD6-F81654FE895D', 1000, 42, 1, 0, 0, 0);
INSERT INTO CORESSO.dbo.SYS_GrupoPermissao
(gru_id, sis_id, mod_id, grp_consultar, grp_inserir, grp_alterar, grp_excluir)
VALUES('4FE1E074-37D6-E911-ABD6-F81654FE895D', 1000, 44, 1, 0, 0, 0);
INSERT INTO CORESSO.dbo.SYS_GrupoPermissao
(gru_id, sis_id, mod_id, grp_consultar, grp_inserir, grp_alterar, grp_excluir)
VALUES('4FE1E074-37D6-E911-ABD6-F81654FE895D', 1000, 46, 1, 0, 0, 0);
INSERT INTO CORESSO.dbo.SYS_GrupoPermissao
(gru_id, sis_id, mod_id, grp_consultar, grp_inserir, grp_alterar, grp_excluir)
VALUES('4FE1E074-37D6-E911-ABD6-F81654FE895D', 1000, 47, 1, 0, 0, 0);
INSERT INTO CORESSO.dbo.SYS_GrupoPermissao
(gru_id, sis_id, mod_id, grp_consultar, grp_inserir, grp_alterar, grp_excluir)
VALUES('4FE1E074-37D6-E911-ABD6-F81654FE895D', 1000, 48, 1, 0, 0, 0);
INSERT INTO CORESSO.dbo.SYS_GrupoPermissao
(gru_id, sis_id, mod_id, grp_consultar, grp_inserir, grp_alterar, grp_excluir)
VALUES('4FE1E074-37D6-E911-ABD6-F81654FE895D', 1000, 49, 1, 0, 0, 0);
INSERT INTO CORESSO.dbo.SYS_GrupoPermissao
(gru_id, sis_id, mod_id, grp_consultar, grp_inserir, grp_alterar, grp_excluir)
VALUES('4FE1E074-37D6-E911-ABD6-F81654FE895D', 1000, 50, 1, 0, 0, 0);
INSERT INTO CORESSO.dbo.SYS_GrupoPermissao
(gru_id, sis_id, mod_id, grp_consultar, grp_inserir, grp_alterar, grp_excluir)
VALUES('4FE1E074-37D6-E911-ABD6-F81654FE895D', 1000, 51, 1, 0, 0, 0);
INSERT INTO CORESSO.dbo.SYS_GrupoPermissao
(gru_id, sis_id, mod_id, grp_consultar, grp_inserir, grp_alterar, grp_excluir)
VALUES('4FE1E074-37D6-E911-ABD6-F81654FE895D', 1000, 52, 1, 0, 0, 0);
INSERT INTO CORESSO.dbo.SYS_GrupoPermissao
(gru_id, sis_id, mod_id, grp_consultar, grp_inserir, grp_alterar, grp_excluir)
VALUES('4FE1E074-37D6-E911-ABD6-F81654FE895D', 1000, 54, 1, 0, 0, 0);
INSERT INTO CORESSO.dbo.SYS_GrupoPermissao
(gru_id, sis_id, mod_id, grp_consultar, grp_inserir, grp_alterar, grp_excluir)
VALUES('4FE1E074-37D6-E911-ABD6-F81654FE895D', 1000, 55, 1, 0, 0, 0);
INSERT INTO CORESSO.dbo.SYS_GrupoPermissao
(gru_id, sis_id, mod_id, grp_consultar, grp_inserir, grp_alterar, grp_excluir)
VALUES('4FE1E074-37D6-E911-ABD6-F81654FE895D', 1000, 56, 1, 0, 0, 0);
INSERT INTO CORESSO.dbo.SYS_GrupoPermissao
(gru_id, sis_id, mod_id, grp_consultar, grp_inserir, grp_alterar, grp_excluir)
VALUES('4FE1E074-37D6-E911-ABD6-F81654FE895D', 1000, 57, 1, 0, 0, 0);
INSERT INTO CORESSO.dbo.SYS_GrupoPermissao
(gru_id, sis_id, mod_id, grp_consultar, grp_inserir, grp_alterar, grp_excluir)
VALUES('4FE1E074-37D6-E911-ABD6-F81654FE895D', 1000, 58, 1, 0, 0, 0);
INSERT INTO CORESSO.dbo.SYS_GrupoPermissao
(gru_id, sis_id, mod_id, grp_consultar, grp_inserir, grp_alterar, grp_excluir)
VALUES('4FE1E074-37D6-E911-ABD6-F81654FE895D', 1000, 59, 1, 0, 0, 0);
INSERT INTO CORESSO.dbo.SYS_GrupoPermissao
(gru_id, sis_id, mod_id, grp_consultar, grp_inserir, grp_alterar, grp_excluir)
VALUES('4FE1E074-37D6-E911-ABD6-F81654FE895D', 1000, 60, 1, 0, 0, 0);
INSERT INTO CORESSO.dbo.SYS_GrupoPermissao
(gru_id, sis_id, mod_id, grp_consultar, grp_inserir, grp_alterar, grp_excluir)
VALUES('4FE1E074-37D6-E911-ABD6-F81654FE895D', 1000, 61, 1, 0, 0, 0);
INSERT INTO CORESSO.dbo.SYS_GrupoPermissao
(gru_id, sis_id, mod_id, grp_consultar, grp_inserir, grp_alterar, grp_excluir)
VALUES('4FE1E074-37D6-E911-ABD6-F81654FE895D', 1000, 62, 1, 0, 0, 0);
INSERT INTO CORESSO.dbo.SYS_GrupoPermissao
(gru_id, sis_id, mod_id, grp_consultar, grp_inserir, grp_alterar, grp_excluir)
VALUES('4FE1E074-37D6-E911-ABD6-F81654FE895D', 1000, 63, 1, 0, 0, 0);
INSERT INTO CORESSO.dbo.SYS_GrupoPermissao
(gru_id, sis_id, mod_id, grp_consultar, grp_inserir, grp_alterar, grp_excluir)
VALUES('4FE1E074-37D6-E911-ABD6-F81654FE895D', 1000, 64, 1, 0, 0, 0);
INSERT INTO CORESSO.dbo.SYS_GrupoPermissao
(gru_id, sis_id, mod_id, grp_consultar, grp_inserir, grp_alterar, grp_excluir)
VALUES('4FE1E074-37D6-E911-ABD6-F81654FE895D', 1000, 65, 1, 0, 0, 0);
INSERT INTO CORESSO.dbo.SYS_GrupoPermissao
(gru_id, sis_id, mod_id, grp_consultar, grp_inserir, grp_alterar, grp_excluir)
VALUES('4FE1E074-37D6-E911-ABD6-F81654FE895D', 1000, 66, 1, 0, 0, 0);
INSERT INTO CORESSO.dbo.SYS_GrupoPermissao
(gru_id, sis_id, mod_id, grp_consultar, grp_inserir, grp_alterar, grp_excluir)
VALUES('4FE1E074-37D6-E911-ABD6-F81654FE895D', 1000, 67, 1, 0, 0, 0);
INSERT INTO CORESSO.dbo.SYS_GrupoPermissao
(gru_id, sis_id, mod_id, grp_consultar, grp_inserir, grp_alterar, grp_excluir)
VALUES('4FE1E074-37D6-E911-ABD6-F81654FE895D', 1000, 68, 1, 0, 0, 0);
INSERT INTO CORESSO.dbo.SYS_GrupoPermissao
(gru_id, sis_id, mod_id, grp_consultar, grp_inserir, grp_alterar, grp_excluir)
VALUES('4FE1E074-37D6-E911-ABD6-F81654FE895D', 1000, 69, 1, 0, 0, 0);
INSERT INTO CORESSO.dbo.SYS_GrupoPermissao
(gru_id, sis_id, mod_id, grp_consultar, grp_inserir, grp_alterar, grp_excluir)
VALUES('4FE1E074-37D6-E911-ABD6-F81654FE895D', 1000, 70, 1, 0, 0, 0);
INSERT INTO CORESSO.dbo.SYS_GrupoPermissao
(gru_id, sis_id, mod_id, grp_consultar, grp_inserir, grp_alterar, grp_excluir)
VALUES('50E1E074-37D6-E911-ABD6-F81654FE895D', 1000, 16, 1, 0, 0, 0);
INSERT INTO CORESSO.dbo.SYS_GrupoPermissao
(gru_id, sis_id, mod_id, grp_consultar, grp_inserir, grp_alterar, grp_excluir)
VALUES('50E1E074-37D6-E911-ABD6-F81654FE895D', 1000, 17, 1, 0, 0, 0);
INSERT INTO CORESSO.dbo.SYS_GrupoPermissao
(gru_id, sis_id, mod_id, grp_consultar, grp_inserir, grp_alterar, grp_excluir)
VALUES('50E1E074-37D6-E911-ABD6-F81654FE895D', 1000, 19, 1, 0, 0, 0);
INSERT INTO CORESSO.dbo.SYS_GrupoPermissao
(gru_id, sis_id, mod_id, grp_consultar, grp_inserir, grp_alterar, grp_excluir)
VALUES('50E1E074-37D6-E911-ABD6-F81654FE895D', 1000, 20, 1, 0, 0, 0);
INSERT INTO CORESSO.dbo.SYS_GrupoPermissao
(gru_id, sis_id, mod_id, grp_consultar, grp_inserir, grp_alterar, grp_excluir)
VALUES('50E1E074-37D6-E911-ABD6-F81654FE895D', 1000, 22, 1, 0, 0, 0);
INSERT INTO CORESSO.dbo.SYS_GrupoPermissao
(gru_id, sis_id, mod_id, grp_consultar, grp_inserir, grp_alterar, grp_excluir)
VALUES('50E1E074-37D6-E911-ABD6-F81654FE895D', 1000, 23, 1, 0, 0, 0);
INSERT INTO CORESSO.dbo.SYS_GrupoPermissao
(gru_id, sis_id, mod_id, grp_consultar, grp_inserir, grp_alterar, grp_excluir)
VALUES('50E1E074-37D6-E911-ABD6-F81654FE895D', 1000, 24, 1, 0, 0, 0);
INSERT INTO CORESSO.dbo.SYS_GrupoPermissao
(gru_id, sis_id, mod_id, grp_consultar, grp_inserir, grp_alterar, grp_excluir)
VALUES('50E1E074-37D6-E911-ABD6-F81654FE895D', 1000, 25, 1, 0, 0, 0);
INSERT INTO CORESSO.dbo.SYS_GrupoPermissao
(gru_id, sis_id, mod_id, grp_consultar, grp_inserir, grp_alterar, grp_excluir)
VALUES('50E1E074-37D6-E911-ABD6-F81654FE895D', 1000, 26, 1, 1, 1, 1);
INSERT INTO CORESSO.dbo.SYS_GrupoPermissao
(gru_id, sis_id, mod_id, grp_consultar, grp_inserir, grp_alterar, grp_excluir)
VALUES('50E1E074-37D6-E911-ABD6-F81654FE895D', 1000, 28, 1, 1, 1, 1);
INSERT INTO CORESSO.dbo.SYS_GrupoPermissao
(gru_id, sis_id, mod_id, grp_consultar, grp_inserir, grp_alterar, grp_excluir)
VALUES('50E1E074-37D6-E911-ABD6-F81654FE895D', 1000, 29, 1, 0, 0, 0);
INSERT INTO CORESSO.dbo.SYS_GrupoPermissao
(gru_id, sis_id, mod_id, grp_consultar, grp_inserir, grp_alterar, grp_excluir)
VALUES('50E1E074-37D6-E911-ABD6-F81654FE895D', 1000, 32, 1, 0, 0, 0);
INSERT INTO CORESSO.dbo.SYS_GrupoPermissao
(gru_id, sis_id, mod_id, grp_consultar, grp_inserir, grp_alterar, grp_excluir)
VALUES('50E1E074-37D6-E911-ABD6-F81654FE895D', 1000, 33, 1, 0, 0, 0);
INSERT INTO CORESSO.dbo.SYS_GrupoPermissao
(gru_id, sis_id, mod_id, grp_consultar, grp_inserir, grp_alterar, grp_excluir)
VALUES('50E1E074-37D6-E911-ABD6-F81654FE895D', 1000, 34, 1, 0, 0, 0);
INSERT INTO CORESSO.dbo.SYS_GrupoPermissao
(gru_id, sis_id, mod_id, grp_consultar, grp_inserir, grp_alterar, grp_excluir)
VALUES('50E1E074-37D6-E911-ABD6-F81654FE895D', 1000, 37, 1, 0, 0, 0);
INSERT INTO CORESSO.dbo.SYS_GrupoPermissao
(gru_id, sis_id, mod_id, grp_consultar, grp_inserir, grp_alterar, grp_excluir)
VALUES('50E1E074-37D6-E911-ABD6-F81654FE895D', 1000, 40, 1, 0, 0, 0);
INSERT INTO CORESSO.dbo.SYS_GrupoPermissao
(gru_id, sis_id, mod_id, grp_consultar, grp_inserir, grp_alterar, grp_excluir)
VALUES('50E1E074-37D6-E911-ABD6-F81654FE895D', 1000, 42, 1, 0, 0, 0);
INSERT INTO CORESSO.dbo.SYS_GrupoPermissao
(gru_id, sis_id, mod_id, grp_consultar, grp_inserir, grp_alterar, grp_excluir)
VALUES('50E1E074-37D6-E911-ABD6-F81654FE895D', 1000, 44, 1, 0, 0, 0);
INSERT INTO CORESSO.dbo.SYS_GrupoPermissao
(gru_id, sis_id, mod_id, grp_consultar, grp_inserir, grp_alterar, grp_excluir)
VALUES('50E1E074-37D6-E911-ABD6-F81654FE895D', 1000, 46, 1, 0, 0, 0);
INSERT INTO CORESSO.dbo.SYS_GrupoPermissao
(gru_id, sis_id, mod_id, grp_consultar, grp_inserir, grp_alterar, grp_excluir)
VALUES('50E1E074-37D6-E911-ABD6-F81654FE895D', 1000, 47, 1, 0, 0, 0);
INSERT INTO CORESSO.dbo.SYS_GrupoPermissao
(gru_id, sis_id, mod_id, grp_consultar, grp_inserir, grp_alterar, grp_excluir)
VALUES('50E1E074-37D6-E911-ABD6-F81654FE895D', 1000, 48, 1, 0, 0, 0);
INSERT INTO CORESSO.dbo.SYS_GrupoPermissao
(gru_id, sis_id, mod_id, grp_consultar, grp_inserir, grp_alterar, grp_excluir)
VALUES('50E1E074-37D6-E911-ABD6-F81654FE895D', 1000, 49, 1, 0, 0, 0);
INSERT INTO CORESSO.dbo.SYS_GrupoPermissao
(gru_id, sis_id, mod_id, grp_consultar, grp_inserir, grp_alterar, grp_excluir)
VALUES('50E1E074-37D6-E911-ABD6-F81654FE895D', 1000, 50, 1, 0, 0, 0);
INSERT INTO CORESSO.dbo.SYS_GrupoPermissao
(gru_id, sis_id, mod_id, grp_consultar, grp_inserir, grp_alterar, grp_excluir)
VALUES('50E1E074-37D6-E911-ABD6-F81654FE895D', 1000, 51, 1, 0, 0, 0);
INSERT INTO CORESSO.dbo.SYS_GrupoPermissao
(gru_id, sis_id, mod_id, grp_consultar, grp_inserir, grp_alterar, grp_excluir)
VALUES('50E1E074-37D6-E911-ABD6-F81654FE895D', 1000, 52, 1, 0, 0, 0);
INSERT INTO CORESSO.dbo.SYS_GrupoPermissao
(gru_id, sis_id, mod_id, grp_consultar, grp_inserir, grp_alterar, grp_excluir)
VALUES('50E1E074-37D6-E911-ABD6-F81654FE895D', 1000, 54, 1, 0, 0, 0);
INSERT INTO CORESSO.dbo.SYS_GrupoPermissao
(gru_id, sis_id, mod_id, grp_consultar, grp_inserir, grp_alterar, grp_excluir)
VALUES('50E1E074-37D6-E911-ABD6-F81654FE895D', 1000, 55, 1, 0, 0, 0);
INSERT INTO CORESSO.dbo.SYS_GrupoPermissao
(gru_id, sis_id, mod_id, grp_consultar, grp_inserir, grp_alterar, grp_excluir)
VALUES('50E1E074-37D6-E911-ABD6-F81654FE895D', 1000, 56, 1, 0, 0, 0);
INSERT INTO CORESSO.dbo.SYS_GrupoPermissao
(gru_id, sis_id, mod_id, grp_consultar, grp_inserir, grp_alterar, grp_excluir)
VALUES('50E1E074-37D6-E911-ABD6-F81654FE895D', 1000, 57, 1, 0, 0, 0);
INSERT INTO CORESSO.dbo.SYS_GrupoPermissao
(gru_id, sis_id, mod_id, grp_consultar, grp_inserir, grp_alterar, grp_excluir)
VALUES('50E1E074-37D6-E911-ABD6-F81654FE895D', 1000, 58, 1, 0, 0, 0);
INSERT INTO CORESSO.dbo.SYS_GrupoPermissao
(gru_id, sis_id, mod_id, grp_consultar, grp_inserir, grp_alterar, grp_excluir)
VALUES('50E1E074-37D6-E911-ABD6-F81654FE895D', 1000, 59, 1, 0, 0, 0);
INSERT INTO CORESSO.dbo.SYS_GrupoPermissao
(gru_id, sis_id, mod_id, grp_consultar, grp_inserir, grp_alterar, grp_excluir)
VALUES('50E1E074-37D6-E911-ABD6-F81654FE895D', 1000, 60, 1, 0, 0, 0);
INSERT INTO CORESSO.dbo.SYS_GrupoPermissao
(gru_id, sis_id, mod_id, grp_consultar, grp_inserir, grp_alterar, grp_excluir)
VALUES('50E1E074-37D6-E911-ABD6-F81654FE895D', 1000, 61, 1, 0, 0, 0);
INSERT INTO CORESSO.dbo.SYS_GrupoPermissao
(gru_id, sis_id, mod_id, grp_consultar, grp_inserir, grp_alterar, grp_excluir)
VALUES('50E1E074-37D6-E911-ABD6-F81654FE895D', 1000, 62, 1, 0, 0, 0);
INSERT INTO CORESSO.dbo.SYS_GrupoPermissao
(gru_id, sis_id, mod_id, grp_consultar, grp_inserir, grp_alterar, grp_excluir)
VALUES('50E1E074-37D6-E911-ABD6-F81654FE895D', 1000, 63, 1, 0, 0, 0);
INSERT INTO CORESSO.dbo.SYS_GrupoPermissao
(gru_id, sis_id, mod_id, grp_consultar, grp_inserir, grp_alterar, grp_excluir)
VALUES('50E1E074-37D6-E911-ABD6-F81654FE895D', 1000, 64, 1, 0, 0, 0);
INSERT INTO CORESSO.dbo.SYS_GrupoPermissao
(gru_id, sis_id, mod_id, grp_consultar, grp_inserir, grp_alterar, grp_excluir)
VALUES('50E1E074-37D6-E911-ABD6-F81654FE895D', 1000, 65, 1, 0, 0, 0);
INSERT INTO CORESSO.dbo.SYS_GrupoPermissao
(gru_id, sis_id, mod_id, grp_consultar, grp_inserir, grp_alterar, grp_excluir)
VALUES('50E1E074-37D6-E911-ABD6-F81654FE895D', 1000, 66, 1, 0, 0, 0);
INSERT INTO CORESSO.dbo.SYS_GrupoPermissao
(gru_id, sis_id, mod_id, grp_consultar, grp_inserir, grp_alterar, grp_excluir)
VALUES('50E1E074-37D6-E911-ABD6-F81654FE895D', 1000, 67, 1, 0, 0, 0);
INSERT INTO CORESSO.dbo.SYS_GrupoPermissao
(gru_id, sis_id, mod_id, grp_consultar, grp_inserir, grp_alterar, grp_excluir)
VALUES('50E1E074-37D6-E911-ABD6-F81654FE895D', 1000, 68, 1, 0, 0, 0);
INSERT INTO CORESSO.dbo.SYS_GrupoPermissao
(gru_id, sis_id, mod_id, grp_consultar, grp_inserir, grp_alterar, grp_excluir)
VALUES('50E1E074-37D6-E911-ABD6-F81654FE895D', 1000, 69, 1, 0, 0, 0);
INSERT INTO CORESSO.dbo.SYS_GrupoPermissao
(gru_id, sis_id, mod_id, grp_consultar, grp_inserir, grp_alterar, grp_excluir)
VALUES('50E1E074-37D6-E911-ABD6-F81654FE895D', 1000, 70, 1, 0, 0, 0);
INSERT INTO CORESSO.dbo.SYS_GrupoPermissao
(gru_id, sis_id, mod_id, grp_consultar, grp_inserir, grp_alterar, grp_excluir)
VALUES('51E1E074-37D6-E911-ABD6-F81654FE895D', 1000, 16, 1, 0, 0, 0);
INSERT INTO CORESSO.dbo.SYS_GrupoPermissao
(gru_id, sis_id, mod_id, grp_consultar, grp_inserir, grp_alterar, grp_excluir)
VALUES('51E1E074-37D6-E911-ABD6-F81654FE895D', 1000, 17, 1, 0, 0, 0);
INSERT INTO CORESSO.dbo.SYS_GrupoPermissao
(gru_id, sis_id, mod_id, grp_consultar, grp_inserir, grp_alterar, grp_excluir)
VALUES('51E1E074-37D6-E911-ABD6-F81654FE895D', 1000, 19, 1, 0, 0, 0);
INSERT INTO CORESSO.dbo.SYS_GrupoPermissao
(gru_id, sis_id, mod_id, grp_consultar, grp_inserir, grp_alterar, grp_excluir)
VALUES('51E1E074-37D6-E911-ABD6-F81654FE895D', 1000, 20, 1, 0, 0, 0);
INSERT INTO CORESSO.dbo.SYS_GrupoPermissao
(gru_id, sis_id, mod_id, grp_consultar, grp_inserir, grp_alterar, grp_excluir)
VALUES('51E1E074-37D6-E911-ABD6-F81654FE895D', 1000, 22, 1, 0, 0, 0);
INSERT INTO CORESSO.dbo.SYS_GrupoPermissao
(gru_id, sis_id, mod_id, grp_consultar, grp_inserir, grp_alterar, grp_excluir)
VALUES('51E1E074-37D6-E911-ABD6-F81654FE895D', 1000, 23, 1, 0, 0, 0);
INSERT INTO CORESSO.dbo.SYS_GrupoPermissao
(gru_id, sis_id, mod_id, grp_consultar, grp_inserir, grp_alterar, grp_excluir)
VALUES('51E1E074-37D6-E911-ABD6-F81654FE895D', 1000, 25, 1, 0, 0, 0);
INSERT INTO CORESSO.dbo.SYS_GrupoPermissao
(gru_id, sis_id, mod_id, grp_consultar, grp_inserir, grp_alterar, grp_excluir)
VALUES('51E1E074-37D6-E911-ABD6-F81654FE895D', 1000, 26, 1, 1, 1, 1);
INSERT INTO CORESSO.dbo.SYS_GrupoPermissao
(gru_id, sis_id, mod_id, grp_consultar, grp_inserir, grp_alterar, grp_excluir)
VALUES('51E1E074-37D6-E911-ABD6-F81654FE895D', 1000, 28, 1, 1, 1, 1);
INSERT INTO CORESSO.dbo.SYS_GrupoPermissao
(gru_id, sis_id, mod_id, grp_consultar, grp_inserir, grp_alterar, grp_excluir)
VALUES('51E1E074-37D6-E911-ABD6-F81654FE895D', 1000, 29, 1, 0, 0, 0);
INSERT INTO CORESSO.dbo.SYS_GrupoPermissao
(gru_id, sis_id, mod_id, grp_consultar, grp_inserir, grp_alterar, grp_excluir)
VALUES('51E1E074-37D6-E911-ABD6-F81654FE895D', 1000, 32, 1, 0, 0, 0);
INSERT INTO CORESSO.dbo.SYS_GrupoPermissao
(gru_id, sis_id, mod_id, grp_consultar, grp_inserir, grp_alterar, grp_excluir)
VALUES('51E1E074-37D6-E911-ABD6-F81654FE895D', 1000, 33, 1, 0, 0, 0);
INSERT INTO CORESSO.dbo.SYS_GrupoPermissao
(gru_id, sis_id, mod_id, grp_consultar, grp_inserir, grp_alterar, grp_excluir)
VALUES('51E1E074-37D6-E911-ABD6-F81654FE895D', 1000, 34, 1, 0, 0, 0);
INSERT INTO CORESSO.dbo.SYS_GrupoPermissao
(gru_id, sis_id, mod_id, grp_consultar, grp_inserir, grp_alterar, grp_excluir)
VALUES('51E1E074-37D6-E911-ABD6-F81654FE895D', 1000, 37, 1, 0, 0, 0);
INSERT INTO CORESSO.dbo.SYS_GrupoPermissao
(gru_id, sis_id, mod_id, grp_consultar, grp_inserir, grp_alterar, grp_excluir)
VALUES('51E1E074-37D6-E911-ABD6-F81654FE895D', 1000, 40, 1, 0, 0, 0);
INSERT INTO CORESSO.dbo.SYS_GrupoPermissao
(gru_id, sis_id, mod_id, grp_consultar, grp_inserir, grp_alterar, grp_excluir)
VALUES('51E1E074-37D6-E911-ABD6-F81654FE895D', 1000, 42, 1, 0, 0, 0);
INSERT INTO CORESSO.dbo.SYS_GrupoPermissao
(gru_id, sis_id, mod_id, grp_consultar, grp_inserir, grp_alterar, grp_excluir)
VALUES('51E1E074-37D6-E911-ABD6-F81654FE895D', 1000, 44, 1, 0, 0, 0);
INSERT INTO CORESSO.dbo.SYS_GrupoPermissao
(gru_id, sis_id, mod_id, grp_consultar, grp_inserir, grp_alterar, grp_excluir)
VALUES('51E1E074-37D6-E911-ABD6-F81654FE895D', 1000, 47, 1, 0, 0, 0);
INSERT INTO CORESSO.dbo.SYS_GrupoPermissao
(gru_id, sis_id, mod_id, grp_consultar, grp_inserir, grp_alterar, grp_excluir)
VALUES('51E1E074-37D6-E911-ABD6-F81654FE895D', 1000, 48, 1, 0, 0, 0);
INSERT INTO CORESSO.dbo.SYS_GrupoPermissao
(gru_id, sis_id, mod_id, grp_consultar, grp_inserir, grp_alterar, grp_excluir)
VALUES('51E1E074-37D6-E911-ABD6-F81654FE895D', 1000, 49, 1, 0, 0, 0);
INSERT INTO CORESSO.dbo.SYS_GrupoPermissao
(gru_id, sis_id, mod_id, grp_consultar, grp_inserir, grp_alterar, grp_excluir)
VALUES('51E1E074-37D6-E911-ABD6-F81654FE895D', 1000, 50, 1, 0, 0, 0);
INSERT INTO CORESSO.dbo.SYS_GrupoPermissao
(gru_id, sis_id, mod_id, grp_consultar, grp_inserir, grp_alterar, grp_excluir)
VALUES('51E1E074-37D6-E911-ABD6-F81654FE895D', 1000, 51, 1, 0, 0, 0);
INSERT INTO CORESSO.dbo.SYS_GrupoPermissao
(gru_id, sis_id, mod_id, grp_consultar, grp_inserir, grp_alterar, grp_excluir)
VALUES('51E1E074-37D6-E911-ABD6-F81654FE895D', 1000, 52, 1, 0, 0, 0);
INSERT INTO CORESSO.dbo.SYS_GrupoPermissao
(gru_id, sis_id, mod_id, grp_consultar, grp_inserir, grp_alterar, grp_excluir)
VALUES('51E1E074-37D6-E911-ABD6-F81654FE895D', 1000, 54, 1, 0, 0, 0);
INSERT INTO CORESSO.dbo.SYS_GrupoPermissao
(gru_id, sis_id, mod_id, grp_consultar, grp_inserir, grp_alterar, grp_excluir)
VALUES('51E1E074-37D6-E911-ABD6-F81654FE895D', 1000, 55, 1, 0, 0, 0);
INSERT INTO CORESSO.dbo.SYS_GrupoPermissao
(gru_id, sis_id, mod_id, grp_consultar, grp_inserir, grp_alterar, grp_excluir)
VALUES('51E1E074-37D6-E911-ABD6-F81654FE895D', 1000, 56, 1, 0, 0, 0);
INSERT INTO CORESSO.dbo.SYS_GrupoPermissao
(gru_id, sis_id, mod_id, grp_consultar, grp_inserir, grp_alterar, grp_excluir)
VALUES('51E1E074-37D6-E911-ABD6-F81654FE895D', 1000, 57, 1, 0, 0, 0);
INSERT INTO CORESSO.dbo.SYS_GrupoPermissao
(gru_id, sis_id, mod_id, grp_consultar, grp_inserir, grp_alterar, grp_excluir)
VALUES('51E1E074-37D6-E911-ABD6-F81654FE895D', 1000, 58, 1, 0, 0, 0);
INSERT INTO CORESSO.dbo.SYS_GrupoPermissao
(gru_id, sis_id, mod_id, grp_consultar, grp_inserir, grp_alterar, grp_excluir)
VALUES('51E1E074-37D6-E911-ABD6-F81654FE895D', 1000, 59, 1, 0, 0, 0);
INSERT INTO CORESSO.dbo.SYS_GrupoPermissao
(gru_id, sis_id, mod_id, grp_consultar, grp_inserir, grp_alterar, grp_excluir)
VALUES('51E1E074-37D6-E911-ABD6-F81654FE895D', 1000, 60, 1, 0, 0, 0);
INSERT INTO CORESSO.dbo.SYS_GrupoPermissao
(gru_id, sis_id, mod_id, grp_consultar, grp_inserir, grp_alterar, grp_excluir)
VALUES('51E1E074-37D6-E911-ABD6-F81654FE895D', 1000, 63, 1, 0, 0, 0);
INSERT INTO CORESSO.dbo.SYS_GrupoPermissao
(gru_id, sis_id, mod_id, grp_consultar, grp_inserir, grp_alterar, grp_excluir)
VALUES('51E1E074-37D6-E911-ABD6-F81654FE895D', 1000, 64, 1, 0, 0, 0);
INSERT INTO CORESSO.dbo.SYS_GrupoPermissao
(gru_id, sis_id, mod_id, grp_consultar, grp_inserir, grp_alterar, grp_excluir)
VALUES('51E1E074-37D6-E911-ABD6-F81654FE895D', 1000, 65, 1, 0, 0, 0);
INSERT INTO CORESSO.dbo.SYS_GrupoPermissao
(gru_id, sis_id, mod_id, grp_consultar, grp_inserir, grp_alterar, grp_excluir)
VALUES('51E1E074-37D6-E911-ABD6-F81654FE895D', 1000, 66, 1, 0, 0, 0);
INSERT INTO CORESSO.dbo.SYS_GrupoPermissao
(gru_id, sis_id, mod_id, grp_consultar, grp_inserir, grp_alterar, grp_excluir)
VALUES('51E1E074-37D6-E911-ABD6-F81654FE895D', 1000, 68, 1, 0, 0, 0);
INSERT INTO CORESSO.dbo.SYS_GrupoPermissao
(gru_id, sis_id, mod_id, grp_consultar, grp_inserir, grp_alterar, grp_excluir)
VALUES('52E1E074-37D6-E911-ABD6-F81654FE895D', 1000, 16, 1, 0, 0, 0);
INSERT INTO CORESSO.dbo.SYS_GrupoPermissao
(gru_id, sis_id, mod_id, grp_consultar, grp_inserir, grp_alterar, grp_excluir)
VALUES('52E1E074-37D6-E911-ABD6-F81654FE895D', 1000, 17, 1, 0, 0, 0);
INSERT INTO CORESSO.dbo.SYS_GrupoPermissao
(gru_id, sis_id, mod_id, grp_consultar, grp_inserir, grp_alterar, grp_excluir)
VALUES('52E1E074-37D6-E911-ABD6-F81654FE895D', 1000, 19, 1, 0, 0, 0);
INSERT INTO CORESSO.dbo.SYS_GrupoPermissao
(gru_id, sis_id, mod_id, grp_consultar, grp_inserir, grp_alterar, grp_excluir)
VALUES('52E1E074-37D6-E911-ABD6-F81654FE895D', 1000, 20, 1, 0, 0, 0);
INSERT INTO CORESSO.dbo.SYS_GrupoPermissao
(gru_id, sis_id, mod_id, grp_consultar, grp_inserir, grp_alterar, grp_excluir)
VALUES('52E1E074-37D6-E911-ABD6-F81654FE895D', 1000, 22, 1, 0, 0, 0);
INSERT INTO CORESSO.dbo.SYS_GrupoPermissao
(gru_id, sis_id, mod_id, grp_consultar, grp_inserir, grp_alterar, grp_excluir)
VALUES('52E1E074-37D6-E911-ABD6-F81654FE895D', 1000, 23, 1, 1, 0, 0);
INSERT INTO CORESSO.dbo.SYS_GrupoPermissao
(gru_id, sis_id, mod_id, grp_consultar, grp_inserir, grp_alterar, grp_excluir)
VALUES('52E1E074-37D6-E911-ABD6-F81654FE895D', 1000, 24, 1, 0, 0, 0);
INSERT INTO CORESSO.dbo.SYS_GrupoPermissao
(gru_id, sis_id, mod_id, grp_consultar, grp_inserir, grp_alterar, grp_excluir)
VALUES('52E1E074-37D6-E911-ABD6-F81654FE895D', 1000, 25, 1, 0, 0, 0);
INSERT INTO CORESSO.dbo.SYS_GrupoPermissao
(gru_id, sis_id, mod_id, grp_consultar, grp_inserir, grp_alterar, grp_excluir)
VALUES('52E1E074-37D6-E911-ABD6-F81654FE895D', 1000, 26, 1, 1, 1, 1);
INSERT INTO CORESSO.dbo.SYS_GrupoPermissao
(gru_id, sis_id, mod_id, grp_consultar, grp_inserir, grp_alterar, grp_excluir)
VALUES('52E1E074-37D6-E911-ABD6-F81654FE895D', 1000, 28, 1, 1, 1, 1);
INSERT INTO CORESSO.dbo.SYS_GrupoPermissao
(gru_id, sis_id, mod_id, grp_consultar, grp_inserir, grp_alterar, grp_excluir)
VALUES('52E1E074-37D6-E911-ABD6-F81654FE895D', 1000, 29, 1, 0, 0, 0);
INSERT INTO CORESSO.dbo.SYS_GrupoPermissao
(gru_id, sis_id, mod_id, grp_consultar, grp_inserir, grp_alterar, grp_excluir)
VALUES('52E1E074-37D6-E911-ABD6-F81654FE895D', 1000, 30, 1, 1, 1, 1);
INSERT INTO CORESSO.dbo.SYS_GrupoPermissao
(gru_id, sis_id, mod_id, grp_consultar, grp_inserir, grp_alterar, grp_excluir)
VALUES('52E1E074-37D6-E911-ABD6-F81654FE895D', 1000, 32, 1, 0, 0, 0);
INSERT INTO CORESSO.dbo.SYS_GrupoPermissao
(gru_id, sis_id, mod_id, grp_consultar, grp_inserir, grp_alterar, grp_excluir)
VALUES('52E1E074-37D6-E911-ABD6-F81654FE895D', 1000, 33, 1, 0, 0, 0);
INSERT INTO CORESSO.dbo.SYS_GrupoPermissao
(gru_id, sis_id, mod_id, grp_consultar, grp_inserir, grp_alterar, grp_excluir)
VALUES('52E1E074-37D6-E911-ABD6-F81654FE895D', 1000, 34, 1, 0, 0, 0);
INSERT INTO CORESSO.dbo.SYS_GrupoPermissao
(gru_id, sis_id, mod_id, grp_consultar, grp_inserir, grp_alterar, grp_excluir)
VALUES('52E1E074-37D6-E911-ABD6-F81654FE895D', 1000, 37, 1, 0, 0, 0);
INSERT INTO CORESSO.dbo.SYS_GrupoPermissao
(gru_id, sis_id, mod_id, grp_consultar, grp_inserir, grp_alterar, grp_excluir)
VALUES('52E1E074-37D6-E911-ABD6-F81654FE895D', 1000, 40, 1, 0, 0, 0);
INSERT INTO CORESSO.dbo.SYS_GrupoPermissao
(gru_id, sis_id, mod_id, grp_consultar, grp_inserir, grp_alterar, grp_excluir)
VALUES('52E1E074-37D6-E911-ABD6-F81654FE895D', 1000, 41, 1, 0, 0, 0);
INSERT INTO CORESSO.dbo.SYS_GrupoPermissao
(gru_id, sis_id, mod_id, grp_consultar, grp_inserir, grp_alterar, grp_excluir)
VALUES('52E1E074-37D6-E911-ABD6-F81654FE895D', 1000, 42, 1, 0, 0, 0);
INSERT INTO CORESSO.dbo.SYS_GrupoPermissao
(gru_id, sis_id, mod_id, grp_consultar, grp_inserir, grp_alterar, grp_excluir)
VALUES('52E1E074-37D6-E911-ABD6-F81654FE895D', 1000, 44, 1, 0, 0, 0);
INSERT INTO CORESSO.dbo.SYS_GrupoPermissao
(gru_id, sis_id, mod_id, grp_consultar, grp_inserir, grp_alterar, grp_excluir)
VALUES('52E1E074-37D6-E911-ABD6-F81654FE895D', 1000, 46, 1, 0, 0, 0);
INSERT INTO CORESSO.dbo.SYS_GrupoPermissao
(gru_id, sis_id, mod_id, grp_consultar, grp_inserir, grp_alterar, grp_excluir)
VALUES('52E1E074-37D6-E911-ABD6-F81654FE895D', 1000, 47, 1, 0, 0, 0);
INSERT INTO CORESSO.dbo.SYS_GrupoPermissao
(gru_id, sis_id, mod_id, grp_consultar, grp_inserir, grp_alterar, grp_excluir)
VALUES('52E1E074-37D6-E911-ABD6-F81654FE895D', 1000, 48, 1, 0, 0, 0);
INSERT INTO CORESSO.dbo.SYS_GrupoPermissao
(gru_id, sis_id, mod_id, grp_consultar, grp_inserir, grp_alterar, grp_excluir)
VALUES('52E1E074-37D6-E911-ABD6-F81654FE895D', 1000, 49, 1, 0, 0, 0);
INSERT INTO CORESSO.dbo.SYS_GrupoPermissao
(gru_id, sis_id, mod_id, grp_consultar, grp_inserir, grp_alterar, grp_excluir)
VALUES('52E1E074-37D6-E911-ABD6-F81654FE895D', 1000, 50, 1, 0, 0, 0);
INSERT INTO CORESSO.dbo.SYS_GrupoPermissao
(gru_id, sis_id, mod_id, grp_consultar, grp_inserir, grp_alterar, grp_excluir)
VALUES('52E1E074-37D6-E911-ABD6-F81654FE895D', 1000, 51, 1, 0, 0, 0);
INSERT INTO CORESSO.dbo.SYS_GrupoPermissao
(gru_id, sis_id, mod_id, grp_consultar, grp_inserir, grp_alterar, grp_excluir)
VALUES('52E1E074-37D6-E911-ABD6-F81654FE895D', 1000, 52, 1, 0, 0, 0);
INSERT INTO CORESSO.dbo.SYS_GrupoPermissao
(gru_id, sis_id, mod_id, grp_consultar, grp_inserir, grp_alterar, grp_excluir)
VALUES('52E1E074-37D6-E911-ABD6-F81654FE895D', 1000, 54, 1, 0, 0, 0);
INSERT INTO CORESSO.dbo.SYS_GrupoPermissao
(gru_id, sis_id, mod_id, grp_consultar, grp_inserir, grp_alterar, grp_excluir)
VALUES('52E1E074-37D6-E911-ABD6-F81654FE895D', 1000, 55, 1, 0, 0, 0);
INSERT INTO CORESSO.dbo.SYS_GrupoPermissao
(gru_id, sis_id, mod_id, grp_consultar, grp_inserir, grp_alterar, grp_excluir)
VALUES('52E1E074-37D6-E911-ABD6-F81654FE895D', 1000, 56, 1, 0, 0, 0);
INSERT INTO CORESSO.dbo.SYS_GrupoPermissao
(gru_id, sis_id, mod_id, grp_consultar, grp_inserir, grp_alterar, grp_excluir)
VALUES('52E1E074-37D6-E911-ABD6-F81654FE895D', 1000, 57, 1, 0, 0, 0);
INSERT INTO CORESSO.dbo.SYS_GrupoPermissao
(gru_id, sis_id, mod_id, grp_consultar, grp_inserir, grp_alterar, grp_excluir)
VALUES('52E1E074-37D6-E911-ABD6-F81654FE895D', 1000, 58, 1, 0, 0, 0);
INSERT INTO CORESSO.dbo.SYS_GrupoPermissao
(gru_id, sis_id, mod_id, grp_consultar, grp_inserir, grp_alterar, grp_excluir)
VALUES('52E1E074-37D6-E911-ABD6-F81654FE895D', 1000, 59, 1, 0, 0, 0);
INSERT INTO CORESSO.dbo.SYS_GrupoPermissao
(gru_id, sis_id, mod_id, grp_consultar, grp_inserir, grp_alterar, grp_excluir)
VALUES('52E1E074-37D6-E911-ABD6-F81654FE895D', 1000, 60, 1, 0, 0, 0);
INSERT INTO CORESSO.dbo.SYS_GrupoPermissao
(gru_id, sis_id, mod_id, grp_consultar, grp_inserir, grp_alterar, grp_excluir)
VALUES('52E1E074-37D6-E911-ABD6-F81654FE895D', 1000, 61, 1, 0, 0, 0);
INSERT INTO CORESSO.dbo.SYS_GrupoPermissao
(gru_id, sis_id, mod_id, grp_consultar, grp_inserir, grp_alterar, grp_excluir)
VALUES('52E1E074-37D6-E911-ABD6-F81654FE895D', 1000, 63, 1, 0, 0, 0);
INSERT INTO CORESSO.dbo.SYS_GrupoPermissao
(gru_id, sis_id, mod_id, grp_consultar, grp_inserir, grp_alterar, grp_excluir)
VALUES('52E1E074-37D6-E911-ABD6-F81654FE895D', 1000, 64, 1, 0, 0, 0);
INSERT INTO CORESSO.dbo.SYS_GrupoPermissao
(gru_id, sis_id, mod_id, grp_consultar, grp_inserir, grp_alterar, grp_excluir)
VALUES('52E1E074-37D6-E911-ABD6-F81654FE895D', 1000, 65, 1, 0, 0, 0);
INSERT INTO CORESSO.dbo.SYS_GrupoPermissao
(gru_id, sis_id, mod_id, grp_consultar, grp_inserir, grp_alterar, grp_excluir)
VALUES('52E1E074-37D6-E911-ABD6-F81654FE895D', 1000, 66, 1, 0, 0, 0);
INSERT INTO CORESSO.dbo.SYS_GrupoPermissao
(gru_id, sis_id, mod_id, grp_consultar, grp_inserir, grp_alterar, grp_excluir)
VALUES('52E1E074-37D6-E911-ABD6-F81654FE895D', 1000, 68, 1, 0, 0, 0);
INSERT INTO CORESSO.dbo.SYS_GrupoPermissao
(gru_id, sis_id, mod_id, grp_consultar, grp_inserir, grp_alterar, grp_excluir)
VALUES('52E1E074-37D6-E911-ABD6-F81654FE895D', 1000, 69, 1, 0, 0, 0);
INSERT INTO CORESSO.dbo.SYS_GrupoPermissao
(gru_id, sis_id, mod_id, grp_consultar, grp_inserir, grp_alterar, grp_excluir)
VALUES('52E1E074-37D6-E911-ABD6-F81654FE895D', 1000, 70, 1, 0, 0, 0);
INSERT INTO CORESSO.dbo.SYS_GrupoPermissao
(gru_id, sis_id, mod_id, grp_consultar, grp_inserir, grp_alterar, grp_excluir)
VALUES('53E1E074-37D6-E911-ABD6-F81654FE895D', 1000, 16, 1, 0, 0, 0);
INSERT INTO CORESSO.dbo.SYS_GrupoPermissao
(gru_id, sis_id, mod_id, grp_consultar, grp_inserir, grp_alterar, grp_excluir)
VALUES('53E1E074-37D6-E911-ABD6-F81654FE895D', 1000, 17, 1, 0, 0, 0);
INSERT INTO CORESSO.dbo.SYS_GrupoPermissao
(gru_id, sis_id, mod_id, grp_consultar, grp_inserir, grp_alterar, grp_excluir)
VALUES('53E1E074-37D6-E911-ABD6-F81654FE895D', 1000, 19, 1, 0, 0, 0);
INSERT INTO CORESSO.dbo.SYS_GrupoPermissao
(gru_id, sis_id, mod_id, grp_consultar, grp_inserir, grp_alterar, grp_excluir)
VALUES('53E1E074-37D6-E911-ABD6-F81654FE895D', 1000, 20, 1, 0, 0, 0);
INSERT INTO CORESSO.dbo.SYS_GrupoPermissao
(gru_id, sis_id, mod_id, grp_consultar, grp_inserir, grp_alterar, grp_excluir)
VALUES('53E1E074-37D6-E911-ABD6-F81654FE895D', 1000, 22, 1, 0, 0, 0);
INSERT INTO CORESSO.dbo.SYS_GrupoPermissao
(gru_id, sis_id, mod_id, grp_consultar, grp_inserir, grp_alterar, grp_excluir)
VALUES('53E1E074-37D6-E911-ABD6-F81654FE895D', 1000, 23, 1, 1, 0, 0);
INSERT INTO CORESSO.dbo.SYS_GrupoPermissao
(gru_id, sis_id, mod_id, grp_consultar, grp_inserir, grp_alterar, grp_excluir)
VALUES('53E1E074-37D6-E911-ABD6-F81654FE895D', 1000, 24, 1, 0, 0, 0);
INSERT INTO CORESSO.dbo.SYS_GrupoPermissao
(gru_id, sis_id, mod_id, grp_consultar, grp_inserir, grp_alterar, grp_excluir)
VALUES('53E1E074-37D6-E911-ABD6-F81654FE895D', 1000, 25, 1, 0, 0, 0);
INSERT INTO CORESSO.dbo.SYS_GrupoPermissao
(gru_id, sis_id, mod_id, grp_consultar, grp_inserir, grp_alterar, grp_excluir)
VALUES('53E1E074-37D6-E911-ABD6-F81654FE895D', 1000, 26, 1, 1, 1, 1);
INSERT INTO CORESSO.dbo.SYS_GrupoPermissao
(gru_id, sis_id, mod_id, grp_consultar, grp_inserir, grp_alterar, grp_excluir)
VALUES('53E1E074-37D6-E911-ABD6-F81654FE895D', 1000, 28, 1, 1, 1, 1);
INSERT INTO CORESSO.dbo.SYS_GrupoPermissao
(gru_id, sis_id, mod_id, grp_consultar, grp_inserir, grp_alterar, grp_excluir)
VALUES('53E1E074-37D6-E911-ABD6-F81654FE895D', 1000, 29, 1, 0, 0, 0);
INSERT INTO CORESSO.dbo.SYS_GrupoPermissao
(gru_id, sis_id, mod_id, grp_consultar, grp_inserir, grp_alterar, grp_excluir)
VALUES('53E1E074-37D6-E911-ABD6-F81654FE895D', 1000, 32, 1, 0, 0, 0);
INSERT INTO CORESSO.dbo.SYS_GrupoPermissao
(gru_id, sis_id, mod_id, grp_consultar, grp_inserir, grp_alterar, grp_excluir)
VALUES('53E1E074-37D6-E911-ABD6-F81654FE895D', 1000, 33, 1, 0, 0, 0);
INSERT INTO CORESSO.dbo.SYS_GrupoPermissao
(gru_id, sis_id, mod_id, grp_consultar, grp_inserir, grp_alterar, grp_excluir)
VALUES('53E1E074-37D6-E911-ABD6-F81654FE895D', 1000, 34, 1, 0, 0, 0);
INSERT INTO CORESSO.dbo.SYS_GrupoPermissao
(gru_id, sis_id, mod_id, grp_consultar, grp_inserir, grp_alterar, grp_excluir)
VALUES('53E1E074-37D6-E911-ABD6-F81654FE895D', 1000, 37, 1, 0, 0, 0);
INSERT INTO CORESSO.dbo.SYS_GrupoPermissao
(gru_id, sis_id, mod_id, grp_consultar, grp_inserir, grp_alterar, grp_excluir)
VALUES('53E1E074-37D6-E911-ABD6-F81654FE895D', 1000, 40, 1, 0, 0, 0);
INSERT INTO CORESSO.dbo.SYS_GrupoPermissao
(gru_id, sis_id, mod_id, grp_consultar, grp_inserir, grp_alterar, grp_excluir)
VALUES('53E1E074-37D6-E911-ABD6-F81654FE895D', 1000, 41, 1, 0, 0, 0);
INSERT INTO CORESSO.dbo.SYS_GrupoPermissao
(gru_id, sis_id, mod_id, grp_consultar, grp_inserir, grp_alterar, grp_excluir)
VALUES('53E1E074-37D6-E911-ABD6-F81654FE895D', 1000, 42, 1, 0, 0, 0);
INSERT INTO CORESSO.dbo.SYS_GrupoPermissao
(gru_id, sis_id, mod_id, grp_consultar, grp_inserir, grp_alterar, grp_excluir)
VALUES('53E1E074-37D6-E911-ABD6-F81654FE895D', 1000, 44, 1, 0, 0, 0);
INSERT INTO CORESSO.dbo.SYS_GrupoPermissao
(gru_id, sis_id, mod_id, grp_consultar, grp_inserir, grp_alterar, grp_excluir)
VALUES('53E1E074-37D6-E911-ABD6-F81654FE895D', 1000, 46, 1, 0, 0, 0);
INSERT INTO CORESSO.dbo.SYS_GrupoPermissao
(gru_id, sis_id, mod_id, grp_consultar, grp_inserir, grp_alterar, grp_excluir)
VALUES('53E1E074-37D6-E911-ABD6-F81654FE895D', 1000, 47, 1, 0, 0, 0);
INSERT INTO CORESSO.dbo.SYS_GrupoPermissao
(gru_id, sis_id, mod_id, grp_consultar, grp_inserir, grp_alterar, grp_excluir)
VALUES('53E1E074-37D6-E911-ABD6-F81654FE895D', 1000, 48, 1, 0, 0, 0);
INSERT INTO CORESSO.dbo.SYS_GrupoPermissao
(gru_id, sis_id, mod_id, grp_consultar, grp_inserir, grp_alterar, grp_excluir)
VALUES('53E1E074-37D6-E911-ABD6-F81654FE895D', 1000, 49, 1, 0, 0, 0);
INSERT INTO CORESSO.dbo.SYS_GrupoPermissao
(gru_id, sis_id, mod_id, grp_consultar, grp_inserir, grp_alterar, grp_excluir)
VALUES('53E1E074-37D6-E911-ABD6-F81654FE895D', 1000, 50, 1, 0, 0, 0);
INSERT INTO CORESSO.dbo.SYS_GrupoPermissao
(gru_id, sis_id, mod_id, grp_consultar, grp_inserir, grp_alterar, grp_excluir)
VALUES('53E1E074-37D6-E911-ABD6-F81654FE895D', 1000, 51, 1, 0, 0, 0);
INSERT INTO CORESSO.dbo.SYS_GrupoPermissao
(gru_id, sis_id, mod_id, grp_consultar, grp_inserir, grp_alterar, grp_excluir)
VALUES('53E1E074-37D6-E911-ABD6-F81654FE895D', 1000, 52, 1, 0, 0, 0);
INSERT INTO CORESSO.dbo.SYS_GrupoPermissao
(gru_id, sis_id, mod_id, grp_consultar, grp_inserir, grp_alterar, grp_excluir)
VALUES('53E1E074-37D6-E911-ABD6-F81654FE895D', 1000, 54, 1, 0, 0, 0);
INSERT INTO CORESSO.dbo.SYS_GrupoPermissao
(gru_id, sis_id, mod_id, grp_consultar, grp_inserir, grp_alterar, grp_excluir)
VALUES('53E1E074-37D6-E911-ABD6-F81654FE895D', 1000, 55, 1, 0, 0, 0);
INSERT INTO CORESSO.dbo.SYS_GrupoPermissao
(gru_id, sis_id, mod_id, grp_consultar, grp_inserir, grp_alterar, grp_excluir)
VALUES('53E1E074-37D6-E911-ABD6-F81654FE895D', 1000, 56, 1, 0, 0, 0);
INSERT INTO CORESSO.dbo.SYS_GrupoPermissao
(gru_id, sis_id, mod_id, grp_consultar, grp_inserir, grp_alterar, grp_excluir)
VALUES('53E1E074-37D6-E911-ABD6-F81654FE895D', 1000, 57, 1, 0, 0, 0);
INSERT INTO CORESSO.dbo.SYS_GrupoPermissao
(gru_id, sis_id, mod_id, grp_consultar, grp_inserir, grp_alterar, grp_excluir)
VALUES('53E1E074-37D6-E911-ABD6-F81654FE895D', 1000, 58, 1, 0, 0, 0);
INSERT INTO CORESSO.dbo.SYS_GrupoPermissao
(gru_id, sis_id, mod_id, grp_consultar, grp_inserir, grp_alterar, grp_excluir)
VALUES('53E1E074-37D6-E911-ABD6-F81654FE895D', 1000, 59, 1, 0, 0, 0);
INSERT INTO CORESSO.dbo.SYS_GrupoPermissao
(gru_id, sis_id, mod_id, grp_consultar, grp_inserir, grp_alterar, grp_excluir)
VALUES('53E1E074-37D6-E911-ABD6-F81654FE895D', 1000, 60, 1, 0, 0, 0);
INSERT INTO CORESSO.dbo.SYS_GrupoPermissao
(gru_id, sis_id, mod_id, grp_consultar, grp_inserir, grp_alterar, grp_excluir)
VALUES('53E1E074-37D6-E911-ABD6-F81654FE895D', 1000, 61, 1, 0, 0, 0);
INSERT INTO CORESSO.dbo.SYS_GrupoPermissao
(gru_id, sis_id, mod_id, grp_consultar, grp_inserir, grp_alterar, grp_excluir)
VALUES('53E1E074-37D6-E911-ABD6-F81654FE895D', 1000, 63, 1, 0, 0, 0);
INSERT INTO CORESSO.dbo.SYS_GrupoPermissao
(gru_id, sis_id, mod_id, grp_consultar, grp_inserir, grp_alterar, grp_excluir)
VALUES('53E1E074-37D6-E911-ABD6-F81654FE895D', 1000, 64, 1, 0, 0, 0);
INSERT INTO CORESSO.dbo.SYS_GrupoPermissao
(gru_id, sis_id, mod_id, grp_consultar, grp_inserir, grp_alterar, grp_excluir)
VALUES('53E1E074-37D6-E911-ABD6-F81654FE895D', 1000, 65, 1, 0, 0, 0);
INSERT INTO CORESSO.dbo.SYS_GrupoPermissao
(gru_id, sis_id, mod_id, grp_consultar, grp_inserir, grp_alterar, grp_excluir)
VALUES('53E1E074-37D6-E911-ABD6-F81654FE895D', 1000, 66, 1, 0, 0, 0);
INSERT INTO CORESSO.dbo.SYS_GrupoPermissao
(gru_id, sis_id, mod_id, grp_consultar, grp_inserir, grp_alterar, grp_excluir)
VALUES('53E1E074-37D6-E911-ABD6-F81654FE895D', 1000, 68, 1, 0, 0, 0);
INSERT INTO CORESSO.dbo.SYS_GrupoPermissao
(gru_id, sis_id, mod_id, grp_consultar, grp_inserir, grp_alterar, grp_excluir)
VALUES('54E1E074-37D6-E911-ABD6-F81654FE895D', 1000, 16, 1, 0, 0, 0);
INSERT INTO CORESSO.dbo.SYS_GrupoPermissao
(gru_id, sis_id, mod_id, grp_consultar, grp_inserir, grp_alterar, grp_excluir)
VALUES('54E1E074-37D6-E911-ABD6-F81654FE895D', 1000, 17, 1, 0, 0, 0);
INSERT INTO CORESSO.dbo.SYS_GrupoPermissao
(gru_id, sis_id, mod_id, grp_consultar, grp_inserir, grp_alterar, grp_excluir)
VALUES('54E1E074-37D6-E911-ABD6-F81654FE895D', 1000, 19, 1, 0, 0, 0);
INSERT INTO CORESSO.dbo.SYS_GrupoPermissao
(gru_id, sis_id, mod_id, grp_consultar, grp_inserir, grp_alterar, grp_excluir)
VALUES('54E1E074-37D6-E911-ABD6-F81654FE895D', 1000, 20, 1, 0, 0, 0);
INSERT INTO CORESSO.dbo.SYS_GrupoPermissao
(gru_id, sis_id, mod_id, grp_consultar, grp_inserir, grp_alterar, grp_excluir)
VALUES('54E1E074-37D6-E911-ABD6-F81654FE895D', 1000, 22, 1, 0, 0, 0);
INSERT INTO CORESSO.dbo.SYS_GrupoPermissao
(gru_id, sis_id, mod_id, grp_consultar, grp_inserir, grp_alterar, grp_excluir)
VALUES('54E1E074-37D6-E911-ABD6-F81654FE895D', 1000, 23, 1, 1, 0, 0);
INSERT INTO CORESSO.dbo.SYS_GrupoPermissao
(gru_id, sis_id, mod_id, grp_consultar, grp_inserir, grp_alterar, grp_excluir)
VALUES('54E1E074-37D6-E911-ABD6-F81654FE895D', 1000, 24, 1, 0, 0, 0);
INSERT INTO CORESSO.dbo.SYS_GrupoPermissao
(gru_id, sis_id, mod_id, grp_consultar, grp_inserir, grp_alterar, grp_excluir)
VALUES('54E1E074-37D6-E911-ABD6-F81654FE895D', 1000, 25, 1, 0, 0, 0);
INSERT INTO CORESSO.dbo.SYS_GrupoPermissao
(gru_id, sis_id, mod_id, grp_consultar, grp_inserir, grp_alterar, grp_excluir)
VALUES('54E1E074-37D6-E911-ABD6-F81654FE895D', 1000, 26, 1, 1, 1, 1);
INSERT INTO CORESSO.dbo.SYS_GrupoPermissao
(gru_id, sis_id, mod_id, grp_consultar, grp_inserir, grp_alterar, grp_excluir)
VALUES('54E1E074-37D6-E911-ABD6-F81654FE895D', 1000, 28, 1, 1, 1, 1);
INSERT INTO CORESSO.dbo.SYS_GrupoPermissao
(gru_id, sis_id, mod_id, grp_consultar, grp_inserir, grp_alterar, grp_excluir)
VALUES('54E1E074-37D6-E911-ABD6-F81654FE895D', 1000, 29, 1, 0, 0, 0);
INSERT INTO CORESSO.dbo.SYS_GrupoPermissao
(gru_id, sis_id, mod_id, grp_consultar, grp_inserir, grp_alterar, grp_excluir)
VALUES('54E1E074-37D6-E911-ABD6-F81654FE895D', 1000, 32, 1, 0, 0, 0);
INSERT INTO CORESSO.dbo.SYS_GrupoPermissao
(gru_id, sis_id, mod_id, grp_consultar, grp_inserir, grp_alterar, grp_excluir)
VALUES('54E1E074-37D6-E911-ABD6-F81654FE895D', 1000, 33, 1, 0, 0, 0);
INSERT INTO CORESSO.dbo.SYS_GrupoPermissao
(gru_id, sis_id, mod_id, grp_consultar, grp_inserir, grp_alterar, grp_excluir)
VALUES('54E1E074-37D6-E911-ABD6-F81654FE895D', 1000, 34, 1, 0, 0, 0);
INSERT INTO CORESSO.dbo.SYS_GrupoPermissao
(gru_id, sis_id, mod_id, grp_consultar, grp_inserir, grp_alterar, grp_excluir)
VALUES('54E1E074-37D6-E911-ABD6-F81654FE895D', 1000, 37, 1, 0, 0, 0);
INSERT INTO CORESSO.dbo.SYS_GrupoPermissao
(gru_id, sis_id, mod_id, grp_consultar, grp_inserir, grp_alterar, grp_excluir)
VALUES('54E1E074-37D6-E911-ABD6-F81654FE895D', 1000, 40, 1, 0, 0, 0);
INSERT INTO CORESSO.dbo.SYS_GrupoPermissao
(gru_id, sis_id, mod_id, grp_consultar, grp_inserir, grp_alterar, grp_excluir)
VALUES('54E1E074-37D6-E911-ABD6-F81654FE895D', 1000, 41, 1, 0, 0, 0);
INSERT INTO CORESSO.dbo.SYS_GrupoPermissao
(gru_id, sis_id, mod_id, grp_consultar, grp_inserir, grp_alterar, grp_excluir)
VALUES('54E1E074-37D6-E911-ABD6-F81654FE895D', 1000, 42, 1, 0, 0, 0);
INSERT INTO CORESSO.dbo.SYS_GrupoPermissao
(gru_id, sis_id, mod_id, grp_consultar, grp_inserir, grp_alterar, grp_excluir)
VALUES('54E1E074-37D6-E911-ABD6-F81654FE895D', 1000, 44, 1, 0, 0, 0);
INSERT INTO CORESSO.dbo.SYS_GrupoPermissao
(gru_id, sis_id, mod_id, grp_consultar, grp_inserir, grp_alterar, grp_excluir)
VALUES('54E1E074-37D6-E911-ABD6-F81654FE895D', 1000, 46, 1, 0, 0, 0);
INSERT INTO CORESSO.dbo.SYS_GrupoPermissao
(gru_id, sis_id, mod_id, grp_consultar, grp_inserir, grp_alterar, grp_excluir)
VALUES('54E1E074-37D6-E911-ABD6-F81654FE895D', 1000, 47, 1, 0, 0, 0);
INSERT INTO CORESSO.dbo.SYS_GrupoPermissao
(gru_id, sis_id, mod_id, grp_consultar, grp_inserir, grp_alterar, grp_excluir)
VALUES('54E1E074-37D6-E911-ABD6-F81654FE895D', 1000, 48, 1, 0, 0, 0);
INSERT INTO CORESSO.dbo.SYS_GrupoPermissao
(gru_id, sis_id, mod_id, grp_consultar, grp_inserir, grp_alterar, grp_excluir)
VALUES('54E1E074-37D6-E911-ABD6-F81654FE895D', 1000, 49, 1, 0, 0, 0);
INSERT INTO CORESSO.dbo.SYS_GrupoPermissao
(gru_id, sis_id, mod_id, grp_consultar, grp_inserir, grp_alterar, grp_excluir)
VALUES('54E1E074-37D6-E911-ABD6-F81654FE895D', 1000, 50, 1, 0, 0, 0);
INSERT INTO CORESSO.dbo.SYS_GrupoPermissao
(gru_id, sis_id, mod_id, grp_consultar, grp_inserir, grp_alterar, grp_excluir)
VALUES('54E1E074-37D6-E911-ABD6-F81654FE895D', 1000, 51, 1, 0, 0, 0);
INSERT INTO CORESSO.dbo.SYS_GrupoPermissao
(gru_id, sis_id, mod_id, grp_consultar, grp_inserir, grp_alterar, grp_excluir)
VALUES('54E1E074-37D6-E911-ABD6-F81654FE895D', 1000, 52, 1, 0, 0, 0);
INSERT INTO CORESSO.dbo.SYS_GrupoPermissao
(gru_id, sis_id, mod_id, grp_consultar, grp_inserir, grp_alterar, grp_excluir)
VALUES('54E1E074-37D6-E911-ABD6-F81654FE895D', 1000, 54, 1, 0, 0, 0);
INSERT INTO CORESSO.dbo.SYS_GrupoPermissao
(gru_id, sis_id, mod_id, grp_consultar, grp_inserir, grp_alterar, grp_excluir)
VALUES('54E1E074-37D6-E911-ABD6-F81654FE895D', 1000, 55, 1, 0, 0, 0);
INSERT INTO CORESSO.dbo.SYS_GrupoPermissao
(gru_id, sis_id, mod_id, grp_consultar, grp_inserir, grp_alterar, grp_excluir)
VALUES('54E1E074-37D6-E911-ABD6-F81654FE895D', 1000, 56, 1, 0, 0, 0);
INSERT INTO CORESSO.dbo.SYS_GrupoPermissao
(gru_id, sis_id, mod_id, grp_consultar, grp_inserir, grp_alterar, grp_excluir)
VALUES('54E1E074-37D6-E911-ABD6-F81654FE895D', 1000, 57, 1, 0, 0, 0);
INSERT INTO CORESSO.dbo.SYS_GrupoPermissao
(gru_id, sis_id, mod_id, grp_consultar, grp_inserir, grp_alterar, grp_excluir)
VALUES('54E1E074-37D6-E911-ABD6-F81654FE895D', 1000, 58, 1, 0, 0, 0);
INSERT INTO CORESSO.dbo.SYS_GrupoPermissao
(gru_id, sis_id, mod_id, grp_consultar, grp_inserir, grp_alterar, grp_excluir)
VALUES('54E1E074-37D6-E911-ABD6-F81654FE895D', 1000, 59, 1, 0, 0, 0);
INSERT INTO CORESSO.dbo.SYS_GrupoPermissao
(gru_id, sis_id, mod_id, grp_consultar, grp_inserir, grp_alterar, grp_excluir)
VALUES('54E1E074-37D6-E911-ABD6-F81654FE895D', 1000, 60, 1, 0, 0, 0);
INSERT INTO CORESSO.dbo.SYS_GrupoPermissao
(gru_id, sis_id, mod_id, grp_consultar, grp_inserir, grp_alterar, grp_excluir)
VALUES('54E1E074-37D6-E911-ABD6-F81654FE895D', 1000, 61, 1, 0, 0, 0);
INSERT INTO CORESSO.dbo.SYS_GrupoPermissao
(gru_id, sis_id, mod_id, grp_consultar, grp_inserir, grp_alterar, grp_excluir)
VALUES('54E1E074-37D6-E911-ABD6-F81654FE895D', 1000, 63, 1, 0, 0, 0);
INSERT INTO CORESSO.dbo.SYS_GrupoPermissao
(gru_id, sis_id, mod_id, grp_consultar, grp_inserir, grp_alterar, grp_excluir)
VALUES('54E1E074-37D6-E911-ABD6-F81654FE895D', 1000, 64, 1, 0, 0, 0);
INSERT INTO CORESSO.dbo.SYS_GrupoPermissao
(gru_id, sis_id, mod_id, grp_consultar, grp_inserir, grp_alterar, grp_excluir)
VALUES('54E1E074-37D6-E911-ABD6-F81654FE895D', 1000, 65, 1, 0, 0, 0);
INSERT INTO CORESSO.dbo.SYS_GrupoPermissao
(gru_id, sis_id, mod_id, grp_consultar, grp_inserir, grp_alterar, grp_excluir)
VALUES('54E1E074-37D6-E911-ABD6-F81654FE895D', 1000, 66, 1, 0, 0, 0);
INSERT INTO CORESSO.dbo.SYS_GrupoPermissao
(gru_id, sis_id, mod_id, grp_consultar, grp_inserir, grp_alterar, grp_excluir)
VALUES('54E1E074-37D6-E911-ABD6-F81654FE895D', 1000, 68, 1, 0, 0, 0);
INSERT INTO CORESSO.dbo.SYS_GrupoPermissao
(gru_id, sis_id, mod_id, grp_consultar, grp_inserir, grp_alterar, grp_excluir)
VALUES('55E1E074-37D6-E911-ABD6-F81654FE895D', 1000, 16, 1, 0, 0, 0);
INSERT INTO CORESSO.dbo.SYS_GrupoPermissao
(gru_id, sis_id, mod_id, grp_consultar, grp_inserir, grp_alterar, grp_excluir)
VALUES('55E1E074-37D6-E911-ABD6-F81654FE895D', 1000, 17, 1, 0, 0, 0);
INSERT INTO CORESSO.dbo.SYS_GrupoPermissao
(gru_id, sis_id, mod_id, grp_consultar, grp_inserir, grp_alterar, grp_excluir)
VALUES('55E1E074-37D6-E911-ABD6-F81654FE895D', 1000, 19, 1, 0, 0, 0);
INSERT INTO CORESSO.dbo.SYS_GrupoPermissao
(gru_id, sis_id, mod_id, grp_consultar, grp_inserir, grp_alterar, grp_excluir)
VALUES('55E1E074-37D6-E911-ABD6-F81654FE895D', 1000, 20, 1, 0, 0, 0);
INSERT INTO CORESSO.dbo.SYS_GrupoPermissao
(gru_id, sis_id, mod_id, grp_consultar, grp_inserir, grp_alterar, grp_excluir)
VALUES('55E1E074-37D6-E911-ABD6-F81654FE895D', 1000, 22, 1, 0, 0, 0);
INSERT INTO CORESSO.dbo.SYS_GrupoPermissao
(gru_id, sis_id, mod_id, grp_consultar, grp_inserir, grp_alterar, grp_excluir)
VALUES('55E1E074-37D6-E911-ABD6-F81654FE895D', 1000, 23, 1, 1, 0, 0);
INSERT INTO CORESSO.dbo.SYS_GrupoPermissao
(gru_id, sis_id, mod_id, grp_consultar, grp_inserir, grp_alterar, grp_excluir)
VALUES('55E1E074-37D6-E911-ABD6-F81654FE895D', 1000, 24, 1, 0, 0, 0);
INSERT INTO CORESSO.dbo.SYS_GrupoPermissao
(gru_id, sis_id, mod_id, grp_consultar, grp_inserir, grp_alterar, grp_excluir)
VALUES('55E1E074-37D6-E911-ABD6-F81654FE895D', 1000, 25, 1, 0, 0, 0);
INSERT INTO CORESSO.dbo.SYS_GrupoPermissao
(gru_id, sis_id, mod_id, grp_consultar, grp_inserir, grp_alterar, grp_excluir)
VALUES('55E1E074-37D6-E911-ABD6-F81654FE895D', 1000, 26, 1, 1, 1, 1);
INSERT INTO CORESSO.dbo.SYS_GrupoPermissao
(gru_id, sis_id, mod_id, grp_consultar, grp_inserir, grp_alterar, grp_excluir)
VALUES('55E1E074-37D6-E911-ABD6-F81654FE895D', 1000, 28, 1, 1, 1, 1);
INSERT INTO CORESSO.dbo.SYS_GrupoPermissao
(gru_id, sis_id, mod_id, grp_consultar, grp_inserir, grp_alterar, grp_excluir)
VALUES('55E1E074-37D6-E911-ABD6-F81654FE895D', 1000, 29, 1, 0, 0, 0);
INSERT INTO CORESSO.dbo.SYS_GrupoPermissao
(gru_id, sis_id, mod_id, grp_consultar, grp_inserir, grp_alterar, grp_excluir)
VALUES('55E1E074-37D6-E911-ABD6-F81654FE895D', 1000, 32, 1, 0, 0, 0);
INSERT INTO CORESSO.dbo.SYS_GrupoPermissao
(gru_id, sis_id, mod_id, grp_consultar, grp_inserir, grp_alterar, grp_excluir)
VALUES('55E1E074-37D6-E911-ABD6-F81654FE895D', 1000, 33, 1, 0, 0, 0);
INSERT INTO CORESSO.dbo.SYS_GrupoPermissao
(gru_id, sis_id, mod_id, grp_consultar, grp_inserir, grp_alterar, grp_excluir)
VALUES('55E1E074-37D6-E911-ABD6-F81654FE895D', 1000, 34, 1, 0, 0, 0);
INSERT INTO CORESSO.dbo.SYS_GrupoPermissao
(gru_id, sis_id, mod_id, grp_consultar, grp_inserir, grp_alterar, grp_excluir)
VALUES('55E1E074-37D6-E911-ABD6-F81654FE895D', 1000, 37, 1, 0, 0, 0);
INSERT INTO CORESSO.dbo.SYS_GrupoPermissao
(gru_id, sis_id, mod_id, grp_consultar, grp_inserir, grp_alterar, grp_excluir)
VALUES('55E1E074-37D6-E911-ABD6-F81654FE895D', 1000, 40, 1, 0, 0, 0);
INSERT INTO CORESSO.dbo.SYS_GrupoPermissao
(gru_id, sis_id, mod_id, grp_consultar, grp_inserir, grp_alterar, grp_excluir)
VALUES('55E1E074-37D6-E911-ABD6-F81654FE895D', 1000, 41, 1, 0, 0, 0);
INSERT INTO CORESSO.dbo.SYS_GrupoPermissao
(gru_id, sis_id, mod_id, grp_consultar, grp_inserir, grp_alterar, grp_excluir)
VALUES('55E1E074-37D6-E911-ABD6-F81654FE895D', 1000, 42, 1, 0, 0, 0);
INSERT INTO CORESSO.dbo.SYS_GrupoPermissao
(gru_id, sis_id, mod_id, grp_consultar, grp_inserir, grp_alterar, grp_excluir)
VALUES('55E1E074-37D6-E911-ABD6-F81654FE895D', 1000, 44, 1, 0, 0, 0);
INSERT INTO CORESSO.dbo.SYS_GrupoPermissao
(gru_id, sis_id, mod_id, grp_consultar, grp_inserir, grp_alterar, grp_excluir)
VALUES('55E1E074-37D6-E911-ABD6-F81654FE895D', 1000, 46, 1, 1, 0, 0);
INSERT INTO CORESSO.dbo.SYS_GrupoPermissao
(gru_id, sis_id, mod_id, grp_consultar, grp_inserir, grp_alterar, grp_excluir)
VALUES('55E1E074-37D6-E911-ABD6-F81654FE895D', 1000, 47, 1, 0, 0, 0);
INSERT INTO CORESSO.dbo.SYS_GrupoPermissao
(gru_id, sis_id, mod_id, grp_consultar, grp_inserir, grp_alterar, grp_excluir)
VALUES('55E1E074-37D6-E911-ABD6-F81654FE895D', 1000, 48, 1, 0, 0, 0);
INSERT INTO CORESSO.dbo.SYS_GrupoPermissao
(gru_id, sis_id, mod_id, grp_consultar, grp_inserir, grp_alterar, grp_excluir)
VALUES('55E1E074-37D6-E911-ABD6-F81654FE895D', 1000, 49, 1, 0, 0, 0);
INSERT INTO CORESSO.dbo.SYS_GrupoPermissao
(gru_id, sis_id, mod_id, grp_consultar, grp_inserir, grp_alterar, grp_excluir)
VALUES('55E1E074-37D6-E911-ABD6-F81654FE895D', 1000, 50, 1, 0, 0, 0);
INSERT INTO CORESSO.dbo.SYS_GrupoPermissao
(gru_id, sis_id, mod_id, grp_consultar, grp_inserir, grp_alterar, grp_excluir)
VALUES('55E1E074-37D6-E911-ABD6-F81654FE895D', 1000, 51, 1, 0, 0, 0);
INSERT INTO CORESSO.dbo.SYS_GrupoPermissao
(gru_id, sis_id, mod_id, grp_consultar, grp_inserir, grp_alterar, grp_excluir)
VALUES('55E1E074-37D6-E911-ABD6-F81654FE895D', 1000, 52, 1, 0, 0, 0);
INSERT INTO CORESSO.dbo.SYS_GrupoPermissao
(gru_id, sis_id, mod_id, grp_consultar, grp_inserir, grp_alterar, grp_excluir)
VALUES('55E1E074-37D6-E911-ABD6-F81654FE895D', 1000, 54, 1, 0, 0, 0);
INSERT INTO CORESSO.dbo.SYS_GrupoPermissao
(gru_id, sis_id, mod_id, grp_consultar, grp_inserir, grp_alterar, grp_excluir)
VALUES('55E1E074-37D6-E911-ABD6-F81654FE895D', 1000, 55, 1, 0, 0, 0);
INSERT INTO CORESSO.dbo.SYS_GrupoPermissao
(gru_id, sis_id, mod_id, grp_consultar, grp_inserir, grp_alterar, grp_excluir)
VALUES('55E1E074-37D6-E911-ABD6-F81654FE895D', 1000, 56, 1, 0, 0, 0);
INSERT INTO CORESSO.dbo.SYS_GrupoPermissao
(gru_id, sis_id, mod_id, grp_consultar, grp_inserir, grp_alterar, grp_excluir)
VALUES('55E1E074-37D6-E911-ABD6-F81654FE895D', 1000, 57, 1, 0, 0, 0);
INSERT INTO CORESSO.dbo.SYS_GrupoPermissao
(gru_id, sis_id, mod_id, grp_consultar, grp_inserir, grp_alterar, grp_excluir)
VALUES('55E1E074-37D6-E911-ABD6-F81654FE895D', 1000, 58, 1, 0, 0, 0);
INSERT INTO CORESSO.dbo.SYS_GrupoPermissao
(gru_id, sis_id, mod_id, grp_consultar, grp_inserir, grp_alterar, grp_excluir)
VALUES('55E1E074-37D6-E911-ABD6-F81654FE895D', 1000, 59, 1, 0, 0, 0);
INSERT INTO CORESSO.dbo.SYS_GrupoPermissao
(gru_id, sis_id, mod_id, grp_consultar, grp_inserir, grp_alterar, grp_excluir)
VALUES('55E1E074-37D6-E911-ABD6-F81654FE895D', 1000, 60, 1, 0, 0, 0);
INSERT INTO CORESSO.dbo.SYS_GrupoPermissao
(gru_id, sis_id, mod_id, grp_consultar, grp_inserir, grp_alterar, grp_excluir)
VALUES('55E1E074-37D6-E911-ABD6-F81654FE895D', 1000, 61, 1, 0, 0, 0);
INSERT INTO CORESSO.dbo.SYS_GrupoPermissao
(gru_id, sis_id, mod_id, grp_consultar, grp_inserir, grp_alterar, grp_excluir)
VALUES('55E1E074-37D6-E911-ABD6-F81654FE895D', 1000, 63, 1, 0, 0, 0);
INSERT INTO CORESSO.dbo.SYS_GrupoPermissao
(gru_id, sis_id, mod_id, grp_consultar, grp_inserir, grp_alterar, grp_excluir)
VALUES('55E1E074-37D6-E911-ABD6-F81654FE895D', 1000, 64, 1, 0, 0, 0);
INSERT INTO CORESSO.dbo.SYS_GrupoPermissao
(gru_id, sis_id, mod_id, grp_consultar, grp_inserir, grp_alterar, grp_excluir)
VALUES('55E1E074-37D6-E911-ABD6-F81654FE895D', 1000, 65, 1, 0, 0, 0);
INSERT INTO CORESSO.dbo.SYS_GrupoPermissao
(gru_id, sis_id, mod_id, grp_consultar, grp_inserir, grp_alterar, grp_excluir)
VALUES('55E1E074-37D6-E911-ABD6-F81654FE895D', 1000, 66, 1, 0, 0, 0);
INSERT INTO CORESSO.dbo.SYS_GrupoPermissao
(gru_id, sis_id, mod_id, grp_consultar, grp_inserir, grp_alterar, grp_excluir)
VALUES('55E1E074-37D6-E911-ABD6-F81654FE895D', 1000, 68, 1, 0, 0, 0);
INSERT INTO CORESSO.dbo.SYS_GrupoPermissao
(gru_id, sis_id, mod_id, grp_consultar, grp_inserir, grp_alterar, grp_excluir)
VALUES('55E1E074-37D6-E911-ABD6-F81654FE895D', 1000, 69, 1, 0, 0, 0);
INSERT INTO CORESSO.dbo.SYS_GrupoPermissao
(gru_id, sis_id, mod_id, grp_consultar, grp_inserir, grp_alterar, grp_excluir)
VALUES('55E1E074-37D6-E911-ABD6-F81654FE895D', 1000, 70, 1, 0, 0, 0);
INSERT INTO CORESSO.dbo.SYS_GrupoPermissao
(gru_id, sis_id, mod_id, grp_consultar, grp_inserir, grp_alterar, grp_excluir)
VALUES('56E1E074-37D6-E911-ABD6-F81654FE895D', 1000, 16, 1, 0, 0, 0);
INSERT INTO CORESSO.dbo.SYS_GrupoPermissao
(gru_id, sis_id, mod_id, grp_consultar, grp_inserir, grp_alterar, grp_excluir)
VALUES('56E1E074-37D6-E911-ABD6-F81654FE895D', 1000, 17, 1, 0, 0, 0);
INSERT INTO CORESSO.dbo.SYS_GrupoPermissao
(gru_id, sis_id, mod_id, grp_consultar, grp_inserir, grp_alterar, grp_excluir)
VALUES('56E1E074-37D6-E911-ABD6-F81654FE895D', 1000, 19, 1, 0, 0, 0);
INSERT INTO CORESSO.dbo.SYS_GrupoPermissao
(gru_id, sis_id, mod_id, grp_consultar, grp_inserir, grp_alterar, grp_excluir)
VALUES('56E1E074-37D6-E911-ABD6-F81654FE895D', 1000, 20, 1, 0, 0, 0);
INSERT INTO CORESSO.dbo.SYS_GrupoPermissao
(gru_id, sis_id, mod_id, grp_consultar, grp_inserir, grp_alterar, grp_excluir)
VALUES('56E1E074-37D6-E911-ABD6-F81654FE895D', 1000, 22, 1, 0, 0, 0);
INSERT INTO CORESSO.dbo.SYS_GrupoPermissao
(gru_id, sis_id, mod_id, grp_consultar, grp_inserir, grp_alterar, grp_excluir)
VALUES('56E1E074-37D6-E911-ABD6-F81654FE895D', 1000, 23, 1, 1, 0, 0);
INSERT INTO CORESSO.dbo.SYS_GrupoPermissao
(gru_id, sis_id, mod_id, grp_consultar, grp_inserir, grp_alterar, grp_excluir)
VALUES('56E1E074-37D6-E911-ABD6-F81654FE895D', 1000, 24, 1, 0, 0, 0);
INSERT INTO CORESSO.dbo.SYS_GrupoPermissao
(gru_id, sis_id, mod_id, grp_consultar, grp_inserir, grp_alterar, grp_excluir)
VALUES('56E1E074-37D6-E911-ABD6-F81654FE895D', 1000, 25, 1, 0, 0, 0);
INSERT INTO CORESSO.dbo.SYS_GrupoPermissao
(gru_id, sis_id, mod_id, grp_consultar, grp_inserir, grp_alterar, grp_excluir)
VALUES('56E1E074-37D6-E911-ABD6-F81654FE895D', 1000, 26, 1, 1, 1, 1);
INSERT INTO CORESSO.dbo.SYS_GrupoPermissao
(gru_id, sis_id, mod_id, grp_consultar, grp_inserir, grp_alterar, grp_excluir)
VALUES('56E1E074-37D6-E911-ABD6-F81654FE895D', 1000, 28, 1, 1, 1, 1);
INSERT INTO CORESSO.dbo.SYS_GrupoPermissao
(gru_id, sis_id, mod_id, grp_consultar, grp_inserir, grp_alterar, grp_excluir)
VALUES('56E1E074-37D6-E911-ABD6-F81654FE895D', 1000, 29, 1, 0, 0, 0);
INSERT INTO CORESSO.dbo.SYS_GrupoPermissao
(gru_id, sis_id, mod_id, grp_consultar, grp_inserir, grp_alterar, grp_excluir)
VALUES('56E1E074-37D6-E911-ABD6-F81654FE895D', 1000, 32, 1, 0, 0, 0);
INSERT INTO CORESSO.dbo.SYS_GrupoPermissao
(gru_id, sis_id, mod_id, grp_consultar, grp_inserir, grp_alterar, grp_excluir)
VALUES('56E1E074-37D6-E911-ABD6-F81654FE895D', 1000, 33, 1, 0, 0, 0);
INSERT INTO CORESSO.dbo.SYS_GrupoPermissao
(gru_id, sis_id, mod_id, grp_consultar, grp_inserir, grp_alterar, grp_excluir)
VALUES('56E1E074-37D6-E911-ABD6-F81654FE895D', 1000, 34, 1, 0, 0, 0);
INSERT INTO CORESSO.dbo.SYS_GrupoPermissao
(gru_id, sis_id, mod_id, grp_consultar, grp_inserir, grp_alterar, grp_excluir)
VALUES('56E1E074-37D6-E911-ABD6-F81654FE895D', 1000, 37, 1, 0, 0, 0);
INSERT INTO CORESSO.dbo.SYS_GrupoPermissao
(gru_id, sis_id, mod_id, grp_consultar, grp_inserir, grp_alterar, grp_excluir)
VALUES('56E1E074-37D6-E911-ABD6-F81654FE895D', 1000, 40, 1, 0, 0, 0);
INSERT INTO CORESSO.dbo.SYS_GrupoPermissao
(gru_id, sis_id, mod_id, grp_consultar, grp_inserir, grp_alterar, grp_excluir)
VALUES('56E1E074-37D6-E911-ABD6-F81654FE895D', 1000, 41, 1, 0, 0, 0);
INSERT INTO CORESSO.dbo.SYS_GrupoPermissao
(gru_id, sis_id, mod_id, grp_consultar, grp_inserir, grp_alterar, grp_excluir)
VALUES('56E1E074-37D6-E911-ABD6-F81654FE895D', 1000, 42, 1, 0, 0, 0);
INSERT INTO CORESSO.dbo.SYS_GrupoPermissao
(gru_id, sis_id, mod_id, grp_consultar, grp_inserir, grp_alterar, grp_excluir)
VALUES('56E1E074-37D6-E911-ABD6-F81654FE895D', 1000, 44, 1, 0, 0, 0);
INSERT INTO CORESSO.dbo.SYS_GrupoPermissao
(gru_id, sis_id, mod_id, grp_consultar, grp_inserir, grp_alterar, grp_excluir)
VALUES('56E1E074-37D6-E911-ABD6-F81654FE895D', 1000, 46, 1, 1, 0, 0);
INSERT INTO CORESSO.dbo.SYS_GrupoPermissao
(gru_id, sis_id, mod_id, grp_consultar, grp_inserir, grp_alterar, grp_excluir)
VALUES('56E1E074-37D6-E911-ABD6-F81654FE895D', 1000, 47, 1, 0, 0, 0);
INSERT INTO CORESSO.dbo.SYS_GrupoPermissao
(gru_id, sis_id, mod_id, grp_consultar, grp_inserir, grp_alterar, grp_excluir)
VALUES('56E1E074-37D6-E911-ABD6-F81654FE895D', 1000, 50, 1, 0, 0, 0);
INSERT INTO CORESSO.dbo.SYS_GrupoPermissao
(gru_id, sis_id, mod_id, grp_consultar, grp_inserir, grp_alterar, grp_excluir)
VALUES('56E1E074-37D6-E911-ABD6-F81654FE895D', 1000, 51, 1, 0, 0, 0);
INSERT INTO CORESSO.dbo.SYS_GrupoPermissao
(gru_id, sis_id, mod_id, grp_consultar, grp_inserir, grp_alterar, grp_excluir)
VALUES('56E1E074-37D6-E911-ABD6-F81654FE895D', 1000, 52, 1, 0, 0, 0);
INSERT INTO CORESSO.dbo.SYS_GrupoPermissao
(gru_id, sis_id, mod_id, grp_consultar, grp_inserir, grp_alterar, grp_excluir)
VALUES('56E1E074-37D6-E911-ABD6-F81654FE895D', 1000, 55, 1, 0, 0, 0);
INSERT INTO CORESSO.dbo.SYS_GrupoPermissao
(gru_id, sis_id, mod_id, grp_consultar, grp_inserir, grp_alterar, grp_excluir)
VALUES('56E1E074-37D6-E911-ABD6-F81654FE895D', 1000, 56, 1, 0, 0, 0);
INSERT INTO CORESSO.dbo.SYS_GrupoPermissao
(gru_id, sis_id, mod_id, grp_consultar, grp_inserir, grp_alterar, grp_excluir)
VALUES('56E1E074-37D6-E911-ABD6-F81654FE895D', 1000, 57, 1, 0, 0, 0);
INSERT INTO CORESSO.dbo.SYS_GrupoPermissao
(gru_id, sis_id, mod_id, grp_consultar, grp_inserir, grp_alterar, grp_excluir)
VALUES('56E1E074-37D6-E911-ABD6-F81654FE895D', 1000, 58, 1, 0, 0, 0);
INSERT INTO CORESSO.dbo.SYS_GrupoPermissao
(gru_id, sis_id, mod_id, grp_consultar, grp_inserir, grp_alterar, grp_excluir)
VALUES('56E1E074-37D6-E911-ABD6-F81654FE895D', 1000, 59, 1, 0, 0, 0);
INSERT INTO CORESSO.dbo.SYS_GrupoPermissao
(gru_id, sis_id, mod_id, grp_consultar, grp_inserir, grp_alterar, grp_excluir)
VALUES('56E1E074-37D6-E911-ABD6-F81654FE895D', 1000, 60, 1, 0, 0, 0);
INSERT INTO CORESSO.dbo.SYS_GrupoPermissao
(gru_id, sis_id, mod_id, grp_consultar, grp_inserir, grp_alterar, grp_excluir)
VALUES('56E1E074-37D6-E911-ABD6-F81654FE895D', 1000, 61, 1, 0, 0, 0);
INSERT INTO CORESSO.dbo.SYS_GrupoPermissao
(gru_id, sis_id, mod_id, grp_consultar, grp_inserir, grp_alterar, grp_excluir)
VALUES('56E1E074-37D6-E911-ABD6-F81654FE895D', 1000, 63, 1, 0, 0, 0);
INSERT INTO CORESSO.dbo.SYS_GrupoPermissao
(gru_id, sis_id, mod_id, grp_consultar, grp_inserir, grp_alterar, grp_excluir)
VALUES('56E1E074-37D6-E911-ABD6-F81654FE895D', 1000, 64, 1, 0, 0, 0);
INSERT INTO CORESSO.dbo.SYS_GrupoPermissao
(gru_id, sis_id, mod_id, grp_consultar, grp_inserir, grp_alterar, grp_excluir)
VALUES('56E1E074-37D6-E911-ABD6-F81654FE895D', 1000, 65, 1, 0, 0, 0);
INSERT INTO CORESSO.dbo.SYS_GrupoPermissao
(gru_id, sis_id, mod_id, grp_consultar, grp_inserir, grp_alterar, grp_excluir)
VALUES('56E1E074-37D6-E911-ABD6-F81654FE895D', 1000, 66, 1, 0, 0, 0);
INSERT INTO CORESSO.dbo.SYS_GrupoPermissao
(gru_id, sis_id, mod_id, grp_consultar, grp_inserir, grp_alterar, grp_excluir)
VALUES('56E1E074-37D6-E911-ABD6-F81654FE895D', 1000, 68, 1, 0, 0, 0);
INSERT INTO CORESSO.dbo.SYS_GrupoPermissao
(gru_id, sis_id, mod_id, grp_consultar, grp_inserir, grp_alterar, grp_excluir)
VALUES('57E1E074-37D6-E911-ABD6-F81654FE895D', 1000, 16, 1, 0, 0, 0);
INSERT INTO CORESSO.dbo.SYS_GrupoPermissao
(gru_id, sis_id, mod_id, grp_consultar, grp_inserir, grp_alterar, grp_excluir)
VALUES('57E1E074-37D6-E911-ABD6-F81654FE895D', 1000, 17, 1, 0, 0, 0);
INSERT INTO CORESSO.dbo.SYS_GrupoPermissao
(gru_id, sis_id, mod_id, grp_consultar, grp_inserir, grp_alterar, grp_excluir)
VALUES('57E1E074-37D6-E911-ABD6-F81654FE895D', 1000, 19, 1, 0, 0, 0);
INSERT INTO CORESSO.dbo.SYS_GrupoPermissao
(gru_id, sis_id, mod_id, grp_consultar, grp_inserir, grp_alterar, grp_excluir)
VALUES('57E1E074-37D6-E911-ABD6-F81654FE895D', 1000, 20, 1, 0, 0, 0);
INSERT INTO CORESSO.dbo.SYS_GrupoPermissao
(gru_id, sis_id, mod_id, grp_consultar, grp_inserir, grp_alterar, grp_excluir)
VALUES('57E1E074-37D6-E911-ABD6-F81654FE895D', 1000, 22, 1, 0, 0, 0);
INSERT INTO CORESSO.dbo.SYS_GrupoPermissao
(gru_id, sis_id, mod_id, grp_consultar, grp_inserir, grp_alterar, grp_excluir)
VALUES('57E1E074-37D6-E911-ABD6-F81654FE895D', 1000, 23, 1, 1, 0, 0);
INSERT INTO CORESSO.dbo.SYS_GrupoPermissao
(gru_id, sis_id, mod_id, grp_consultar, grp_inserir, grp_alterar, grp_excluir)
VALUES('57E1E074-37D6-E911-ABD6-F81654FE895D', 1000, 24, 1, 0, 0, 0);
INSERT INTO CORESSO.dbo.SYS_GrupoPermissao
(gru_id, sis_id, mod_id, grp_consultar, grp_inserir, grp_alterar, grp_excluir)
VALUES('57E1E074-37D6-E911-ABD6-F81654FE895D', 1000, 25, 1, 0, 0, 0);
INSERT INTO CORESSO.dbo.SYS_GrupoPermissao
(gru_id, sis_id, mod_id, grp_consultar, grp_inserir, grp_alterar, grp_excluir)
VALUES('57E1E074-37D6-E911-ABD6-F81654FE895D', 1000, 26, 1, 1, 1, 1);
INSERT INTO CORESSO.dbo.SYS_GrupoPermissao
(gru_id, sis_id, mod_id, grp_consultar, grp_inserir, grp_alterar, grp_excluir)
VALUES('57E1E074-37D6-E911-ABD6-F81654FE895D', 1000, 28, 1, 1, 1, 1);
INSERT INTO CORESSO.dbo.SYS_GrupoPermissao
(gru_id, sis_id, mod_id, grp_consultar, grp_inserir, grp_alterar, grp_excluir)
VALUES('57E1E074-37D6-E911-ABD6-F81654FE895D', 1000, 29, 1, 0, 0, 0);
INSERT INTO CORESSO.dbo.SYS_GrupoPermissao
(gru_id, sis_id, mod_id, grp_consultar, grp_inserir, grp_alterar, grp_excluir)
VALUES('57E1E074-37D6-E911-ABD6-F81654FE895D', 1000, 30, 1, 1, 1, 1);
INSERT INTO CORESSO.dbo.SYS_GrupoPermissao
(gru_id, sis_id, mod_id, grp_consultar, grp_inserir, grp_alterar, grp_excluir)
VALUES('57E1E074-37D6-E911-ABD6-F81654FE895D', 1000, 32, 1, 0, 0, 0);
INSERT INTO CORESSO.dbo.SYS_GrupoPermissao
(gru_id, sis_id, mod_id, grp_consultar, grp_inserir, grp_alterar, grp_excluir)
VALUES('57E1E074-37D6-E911-ABD6-F81654FE895D', 1000, 33, 1, 0, 0, 0);
INSERT INTO CORESSO.dbo.SYS_GrupoPermissao
(gru_id, sis_id, mod_id, grp_consultar, grp_inserir, grp_alterar, grp_excluir)
VALUES('57E1E074-37D6-E911-ABD6-F81654FE895D', 1000, 34, 1, 0, 0, 0);
INSERT INTO CORESSO.dbo.SYS_GrupoPermissao
(gru_id, sis_id, mod_id, grp_consultar, grp_inserir, grp_alterar, grp_excluir)
VALUES('57E1E074-37D6-E911-ABD6-F81654FE895D', 1000, 37, 1, 0, 0, 0);
INSERT INTO CORESSO.dbo.SYS_GrupoPermissao
(gru_id, sis_id, mod_id, grp_consultar, grp_inserir, grp_alterar, grp_excluir)
VALUES('57E1E074-37D6-E911-ABD6-F81654FE895D', 1000, 40, 1, 0, 0, 0);
INSERT INTO CORESSO.dbo.SYS_GrupoPermissao
(gru_id, sis_id, mod_id, grp_consultar, grp_inserir, grp_alterar, grp_excluir)
VALUES('57E1E074-37D6-E911-ABD6-F81654FE895D', 1000, 41, 1, 0, 0, 0);
INSERT INTO CORESSO.dbo.SYS_GrupoPermissao
(gru_id, sis_id, mod_id, grp_consultar, grp_inserir, grp_alterar, grp_excluir)
VALUES('57E1E074-37D6-E911-ABD6-F81654FE895D', 1000, 42, 1, 0, 0, 0);
INSERT INTO CORESSO.dbo.SYS_GrupoPermissao
(gru_id, sis_id, mod_id, grp_consultar, grp_inserir, grp_alterar, grp_excluir)
VALUES('57E1E074-37D6-E911-ABD6-F81654FE895D', 1000, 44, 1, 0, 0, 0);
INSERT INTO CORESSO.dbo.SYS_GrupoPermissao
(gru_id, sis_id, mod_id, grp_consultar, grp_inserir, grp_alterar, grp_excluir)
VALUES('57E1E074-37D6-E911-ABD6-F81654FE895D', 1000, 47, 1, 0, 0, 0);
INSERT INTO CORESSO.dbo.SYS_GrupoPermissao
(gru_id, sis_id, mod_id, grp_consultar, grp_inserir, grp_alterar, grp_excluir)
VALUES('57E1E074-37D6-E911-ABD6-F81654FE895D', 1000, 50, 1, 0, 0, 0);
INSERT INTO CORESSO.dbo.SYS_GrupoPermissao
(gru_id, sis_id, mod_id, grp_consultar, grp_inserir, grp_alterar, grp_excluir)
VALUES('57E1E074-37D6-E911-ABD6-F81654FE895D', 1000, 51, 1, 0, 0, 0);
INSERT INTO CORESSO.dbo.SYS_GrupoPermissao
(gru_id, sis_id, mod_id, grp_consultar, grp_inserir, grp_alterar, grp_excluir)
VALUES('57E1E074-37D6-E911-ABD6-F81654FE895D', 1000, 52, 1, 0, 0, 0);
INSERT INTO CORESSO.dbo.SYS_GrupoPermissao
(gru_id, sis_id, mod_id, grp_consultar, grp_inserir, grp_alterar, grp_excluir)
VALUES('57E1E074-37D6-E911-ABD6-F81654FE895D', 1000, 55, 1, 0, 0, 0);
INSERT INTO CORESSO.dbo.SYS_GrupoPermissao
(gru_id, sis_id, mod_id, grp_consultar, grp_inserir, grp_alterar, grp_excluir)
VALUES('57E1E074-37D6-E911-ABD6-F81654FE895D', 1000, 56, 1, 0, 0, 0);
INSERT INTO CORESSO.dbo.SYS_GrupoPermissao
(gru_id, sis_id, mod_id, grp_consultar, grp_inserir, grp_alterar, grp_excluir)
VALUES('57E1E074-37D6-E911-ABD6-F81654FE895D', 1000, 57, 1, 0, 0, 0);
INSERT INTO CORESSO.dbo.SYS_GrupoPermissao
(gru_id, sis_id, mod_id, grp_consultar, grp_inserir, grp_alterar, grp_excluir)
VALUES('57E1E074-37D6-E911-ABD6-F81654FE895D', 1000, 59, 1, 0, 0, 0);
INSERT INTO CORESSO.dbo.SYS_GrupoPermissao
(gru_id, sis_id, mod_id, grp_consultar, grp_inserir, grp_alterar, grp_excluir)
VALUES('57E1E074-37D6-E911-ABD6-F81654FE895D', 1000, 60, 1, 0, 0, 0);
INSERT INTO CORESSO.dbo.SYS_GrupoPermissao
(gru_id, sis_id, mod_id, grp_consultar, grp_inserir, grp_alterar, grp_excluir)
VALUES('57E1E074-37D6-E911-ABD6-F81654FE895D', 1000, 61, 1, 0, 0, 0);
INSERT INTO CORESSO.dbo.SYS_GrupoPermissao
(gru_id, sis_id, mod_id, grp_consultar, grp_inserir, grp_alterar, grp_excluir)
VALUES('57E1E074-37D6-E911-ABD6-F81654FE895D', 1000, 63, 1, 0, 0, 0);
INSERT INTO CORESSO.dbo.SYS_GrupoPermissao
(gru_id, sis_id, mod_id, grp_consultar, grp_inserir, grp_alterar, grp_excluir)
VALUES('57E1E074-37D6-E911-ABD6-F81654FE895D', 1000, 64, 1, 0, 0, 0);
INSERT INTO CORESSO.dbo.SYS_GrupoPermissao
(gru_id, sis_id, mod_id, grp_consultar, grp_inserir, grp_alterar, grp_excluir)
VALUES('57E1E074-37D6-E911-ABD6-F81654FE895D', 1000, 65, 1, 0, 0, 0);
INSERT INTO CORESSO.dbo.SYS_GrupoPermissao
(gru_id, sis_id, mod_id, grp_consultar, grp_inserir, grp_alterar, grp_excluir)
VALUES('57E1E074-37D6-E911-ABD6-F81654FE895D', 1000, 66, 1, 0, 0, 0);
INSERT INTO CORESSO.dbo.SYS_GrupoPermissao
(gru_id, sis_id, mod_id, grp_consultar, grp_inserir, grp_alterar, grp_excluir)
VALUES('57E1E074-37D6-E911-ABD6-F81654FE895D', 1000, 68, 1, 0, 0, 0);
INSERT INTO CORESSO.dbo.SYS_GrupoPermissao
(gru_id, sis_id, mod_id, grp_consultar, grp_inserir, grp_alterar, grp_excluir)
VALUES('57E1E074-37D6-E911-ABD6-F81654FE895D', 1000, 69, 1, 0, 0, 0);
INSERT INTO CORESSO.dbo.SYS_GrupoPermissao
(gru_id, sis_id, mod_id, grp_consultar, grp_inserir, grp_alterar, grp_excluir)
VALUES('57E1E074-37D6-E911-ABD6-F81654FE895D', 1000, 70, 1, 0, 0, 0);
INSERT INTO CORESSO.dbo.SYS_GrupoPermissao
(gru_id, sis_id, mod_id, grp_consultar, grp_inserir, grp_alterar, grp_excluir)
VALUES('58E1E074-37D6-E911-ABD6-F81654FE895D', 1000, 16, 1, 0, 0, 0);
INSERT INTO CORESSO.dbo.SYS_GrupoPermissao
(gru_id, sis_id, mod_id, grp_consultar, grp_inserir, grp_alterar, grp_excluir)
VALUES('58E1E074-37D6-E911-ABD6-F81654FE895D', 1000, 17, 1, 0, 0, 0);
INSERT INTO CORESSO.dbo.SYS_GrupoPermissao
(gru_id, sis_id, mod_id, grp_consultar, grp_inserir, grp_alterar, grp_excluir)
VALUES('58E1E074-37D6-E911-ABD6-F81654FE895D', 1000, 19, 1, 0, 0, 0);
INSERT INTO CORESSO.dbo.SYS_GrupoPermissao
(gru_id, sis_id, mod_id, grp_consultar, grp_inserir, grp_alterar, grp_excluir)
VALUES('58E1E074-37D6-E911-ABD6-F81654FE895D', 1000, 20, 1, 0, 0, 0);
INSERT INTO CORESSO.dbo.SYS_GrupoPermissao
(gru_id, sis_id, mod_id, grp_consultar, grp_inserir, grp_alterar, grp_excluir)
VALUES('58E1E074-37D6-E911-ABD6-F81654FE895D', 1000, 22, 1, 0, 0, 0);
INSERT INTO CORESSO.dbo.SYS_GrupoPermissao
(gru_id, sis_id, mod_id, grp_consultar, grp_inserir, grp_alterar, grp_excluir)
VALUES('58E1E074-37D6-E911-ABD6-F81654FE895D', 1000, 23, 1, 1, 0, 0);
INSERT INTO CORESSO.dbo.SYS_GrupoPermissao
(gru_id, sis_id, mod_id, grp_consultar, grp_inserir, grp_alterar, grp_excluir)
VALUES('58E1E074-37D6-E911-ABD6-F81654FE895D', 1000, 24, 1, 0, 0, 0);
INSERT INTO CORESSO.dbo.SYS_GrupoPermissao
(gru_id, sis_id, mod_id, grp_consultar, grp_inserir, grp_alterar, grp_excluir)
VALUES('58E1E074-37D6-E911-ABD6-F81654FE895D', 1000, 25, 1, 0, 0, 0);
INSERT INTO CORESSO.dbo.SYS_GrupoPermissao
(gru_id, sis_id, mod_id, grp_consultar, grp_inserir, grp_alterar, grp_excluir)
VALUES('58E1E074-37D6-E911-ABD6-F81654FE895D', 1000, 26, 1, 1, 1, 1);
INSERT INTO CORESSO.dbo.SYS_GrupoPermissao
(gru_id, sis_id, mod_id, grp_consultar, grp_inserir, grp_alterar, grp_excluir)
VALUES('58E1E074-37D6-E911-ABD6-F81654FE895D', 1000, 28, 1, 1, 1, 1);
INSERT INTO CORESSO.dbo.SYS_GrupoPermissao
(gru_id, sis_id, mod_id, grp_consultar, grp_inserir, grp_alterar, grp_excluir)
VALUES('58E1E074-37D6-E911-ABD6-F81654FE895D', 1000, 29, 1, 0, 0, 0);
INSERT INTO CORESSO.dbo.SYS_GrupoPermissao
(gru_id, sis_id, mod_id, grp_consultar, grp_inserir, grp_alterar, grp_excluir)
VALUES('58E1E074-37D6-E911-ABD6-F81654FE895D', 1000, 32, 1, 0, 0, 0);
INSERT INTO CORESSO.dbo.SYS_GrupoPermissao
(gru_id, sis_id, mod_id, grp_consultar, grp_inserir, grp_alterar, grp_excluir)
VALUES('58E1E074-37D6-E911-ABD6-F81654FE895D', 1000, 33, 1, 0, 0, 0);
INSERT INTO CORESSO.dbo.SYS_GrupoPermissao
(gru_id, sis_id, mod_id, grp_consultar, grp_inserir, grp_alterar, grp_excluir)
VALUES('58E1E074-37D6-E911-ABD6-F81654FE895D', 1000, 34, 1, 0, 0, 0);
INSERT INTO CORESSO.dbo.SYS_GrupoPermissao
(gru_id, sis_id, mod_id, grp_consultar, grp_inserir, grp_alterar, grp_excluir)
VALUES('58E1E074-37D6-E911-ABD6-F81654FE895D', 1000, 37, 1, 0, 0, 0);
INSERT INTO CORESSO.dbo.SYS_GrupoPermissao
(gru_id, sis_id, mod_id, grp_consultar, grp_inserir, grp_alterar, grp_excluir)
VALUES('58E1E074-37D6-E911-ABD6-F81654FE895D', 1000, 40, 1, 0, 0, 0);
INSERT INTO CORESSO.dbo.SYS_GrupoPermissao
(gru_id, sis_id, mod_id, grp_consultar, grp_inserir, grp_alterar, grp_excluir)
VALUES('58E1E074-37D6-E911-ABD6-F81654FE895D', 1000, 41, 1, 1, 0, 0);
INSERT INTO CORESSO.dbo.SYS_GrupoPermissao
(gru_id, sis_id, mod_id, grp_consultar, grp_inserir, grp_alterar, grp_excluir)
VALUES('58E1E074-37D6-E911-ABD6-F81654FE895D', 1000, 42, 1, 1, 0, 0);
INSERT INTO CORESSO.dbo.SYS_GrupoPermissao
(gru_id, sis_id, mod_id, grp_consultar, grp_inserir, grp_alterar, grp_excluir)
VALUES('58E1E074-37D6-E911-ABD6-F81654FE895D', 1000, 44, 1, 0, 0, 0);
INSERT INTO CORESSO.dbo.SYS_GrupoPermissao
(gru_id, sis_id, mod_id, grp_consultar, grp_inserir, grp_alterar, grp_excluir)
VALUES('58E1E074-37D6-E911-ABD6-F81654FE895D', 1000, 46, 1, 1, 0, 0);
INSERT INTO CORESSO.dbo.SYS_GrupoPermissao
(gru_id, sis_id, mod_id, grp_consultar, grp_inserir, grp_alterar, grp_excluir)
VALUES('58E1E074-37D6-E911-ABD6-F81654FE895D', 1000, 47, 1, 0, 0, 0);
INSERT INTO CORESSO.dbo.SYS_GrupoPermissao
(gru_id, sis_id, mod_id, grp_consultar, grp_inserir, grp_alterar, grp_excluir)
VALUES('58E1E074-37D6-E911-ABD6-F81654FE895D', 1000, 48, 1, 0, 0, 0);
INSERT INTO CORESSO.dbo.SYS_GrupoPermissao
(gru_id, sis_id, mod_id, grp_consultar, grp_inserir, grp_alterar, grp_excluir)
VALUES('58E1E074-37D6-E911-ABD6-F81654FE895D', 1000, 49, 1, 0, 0, 0);
INSERT INTO CORESSO.dbo.SYS_GrupoPermissao
(gru_id, sis_id, mod_id, grp_consultar, grp_inserir, grp_alterar, grp_excluir)
VALUES('58E1E074-37D6-E911-ABD6-F81654FE895D', 1000, 50, 1, 0, 0, 0);
INSERT INTO CORESSO.dbo.SYS_GrupoPermissao
(gru_id, sis_id, mod_id, grp_consultar, grp_inserir, grp_alterar, grp_excluir)
VALUES('58E1E074-37D6-E911-ABD6-F81654FE895D', 1000, 51, 1, 0, 0, 0);
INSERT INTO CORESSO.dbo.SYS_GrupoPermissao
(gru_id, sis_id, mod_id, grp_consultar, grp_inserir, grp_alterar, grp_excluir)
VALUES('58E1E074-37D6-E911-ABD6-F81654FE895D', 1000, 52, 1, 0, 0, 0);
INSERT INTO CORESSO.dbo.SYS_GrupoPermissao
(gru_id, sis_id, mod_id, grp_consultar, grp_inserir, grp_alterar, grp_excluir)
VALUES('58E1E074-37D6-E911-ABD6-F81654FE895D', 1000, 53, 1, 0, 0, 0);
INSERT INTO CORESSO.dbo.SYS_GrupoPermissao
(gru_id, sis_id, mod_id, grp_consultar, grp_inserir, grp_alterar, grp_excluir)
VALUES('58E1E074-37D6-E911-ABD6-F81654FE895D', 1000, 54, 1, 0, 0, 0);
INSERT INTO CORESSO.dbo.SYS_GrupoPermissao
(gru_id, sis_id, mod_id, grp_consultar, grp_inserir, grp_alterar, grp_excluir)
VALUES('58E1E074-37D6-E911-ABD6-F81654FE895D', 1000, 55, 1, 0, 0, 0);
INSERT INTO CORESSO.dbo.SYS_GrupoPermissao
(gru_id, sis_id, mod_id, grp_consultar, grp_inserir, grp_alterar, grp_excluir)
VALUES('58E1E074-37D6-E911-ABD6-F81654FE895D', 1000, 56, 1, 0, 0, 0);
INSERT INTO CORESSO.dbo.SYS_GrupoPermissao
(gru_id, sis_id, mod_id, grp_consultar, grp_inserir, grp_alterar, grp_excluir)
VALUES('58E1E074-37D6-E911-ABD6-F81654FE895D', 1000, 57, 1, 0, 0, 0);
INSERT INTO CORESSO.dbo.SYS_GrupoPermissao
(gru_id, sis_id, mod_id, grp_consultar, grp_inserir, grp_alterar, grp_excluir)
VALUES('58E1E074-37D6-E911-ABD6-F81654FE895D', 1000, 58, 1, 0, 0, 0);
INSERT INTO CORESSO.dbo.SYS_GrupoPermissao
(gru_id, sis_id, mod_id, grp_consultar, grp_inserir, grp_alterar, grp_excluir)
VALUES('58E1E074-37D6-E911-ABD6-F81654FE895D', 1000, 59, 1, 0, 0, 0);
INSERT INTO CORESSO.dbo.SYS_GrupoPermissao
(gru_id, sis_id, mod_id, grp_consultar, grp_inserir, grp_alterar, grp_excluir)
VALUES('58E1E074-37D6-E911-ABD6-F81654FE895D', 1000, 60, 1, 0, 0, 0);
INSERT INTO CORESSO.dbo.SYS_GrupoPermissao
(gru_id, sis_id, mod_id, grp_consultar, grp_inserir, grp_alterar, grp_excluir)
VALUES('58E1E074-37D6-E911-ABD6-F81654FE895D', 1000, 61, 1, 0, 0, 0);
INSERT INTO CORESSO.dbo.SYS_GrupoPermissao
(gru_id, sis_id, mod_id, grp_consultar, grp_inserir, grp_alterar, grp_excluir)
VALUES('58E1E074-37D6-E911-ABD6-F81654FE895D', 1000, 62, 1, 0, 0, 0);
INSERT INTO CORESSO.dbo.SYS_GrupoPermissao
(gru_id, sis_id, mod_id, grp_consultar, grp_inserir, grp_alterar, grp_excluir)
VALUES('58E1E074-37D6-E911-ABD6-F81654FE895D', 1000, 63, 1, 0, 0, 0);
INSERT INTO CORESSO.dbo.SYS_GrupoPermissao
(gru_id, sis_id, mod_id, grp_consultar, grp_inserir, grp_alterar, grp_excluir)
VALUES('58E1E074-37D6-E911-ABD6-F81654FE895D', 1000, 64, 1, 0, 0, 0);
INSERT INTO CORESSO.dbo.SYS_GrupoPermissao
(gru_id, sis_id, mod_id, grp_consultar, grp_inserir, grp_alterar, grp_excluir)
VALUES('58E1E074-37D6-E911-ABD6-F81654FE895D', 1000, 65, 1, 0, 0, 0);
INSERT INTO CORESSO.dbo.SYS_GrupoPermissao
(gru_id, sis_id, mod_id, grp_consultar, grp_inserir, grp_alterar, grp_excluir)
VALUES('58E1E074-37D6-E911-ABD6-F81654FE895D', 1000, 66, 1, 0, 0, 0);
INSERT INTO CORESSO.dbo.SYS_GrupoPermissao
(gru_id, sis_id, mod_id, grp_consultar, grp_inserir, grp_alterar, grp_excluir)
VALUES('58E1E074-37D6-E911-ABD6-F81654FE895D', 1000, 67, 1, 0, 0, 0);
INSERT INTO CORESSO.dbo.SYS_GrupoPermissao
(gru_id, sis_id, mod_id, grp_consultar, grp_inserir, grp_alterar, grp_excluir)
VALUES('58E1E074-37D6-E911-ABD6-F81654FE895D', 1000, 68, 1, 0, 0, 0);
INSERT INTO CORESSO.dbo.SYS_GrupoPermissao
(gru_id, sis_id, mod_id, grp_consultar, grp_inserir, grp_alterar, grp_excluir)
VALUES('59E1E074-37D6-E911-ABD6-F81654FE895D', 1000, 16, 1, 0, 0, 0);
INSERT INTO CORESSO.dbo.SYS_GrupoPermissao
(gru_id, sis_id, mod_id, grp_consultar, grp_inserir, grp_alterar, grp_excluir)
VALUES('59E1E074-37D6-E911-ABD6-F81654FE895D', 1000, 17, 1, 0, 0, 0);
INSERT INTO CORESSO.dbo.SYS_GrupoPermissao
(gru_id, sis_id, mod_id, grp_consultar, grp_inserir, grp_alterar, grp_excluir)
VALUES('59E1E074-37D6-E911-ABD6-F81654FE895D', 1000, 18, 1, 0, 0, 0);
INSERT INTO CORESSO.dbo.SYS_GrupoPermissao
(gru_id, sis_id, mod_id, grp_consultar, grp_inserir, grp_alterar, grp_excluir)
VALUES('59E1E074-37D6-E911-ABD6-F81654FE895D', 1000, 19, 1, 0, 0, 0);
INSERT INTO CORESSO.dbo.SYS_GrupoPermissao
(gru_id, sis_id, mod_id, grp_consultar, grp_inserir, grp_alterar, grp_excluir)
VALUES('59E1E074-37D6-E911-ABD6-F81654FE895D', 1000, 20, 1, 0, 0, 0);
INSERT INTO CORESSO.dbo.SYS_GrupoPermissao
(gru_id, sis_id, mod_id, grp_consultar, grp_inserir, grp_alterar, grp_excluir)
VALUES('59E1E074-37D6-E911-ABD6-F81654FE895D', 1000, 22, 1, 0, 0, 0);
INSERT INTO CORESSO.dbo.SYS_GrupoPermissao
(gru_id, sis_id, mod_id, grp_consultar, grp_inserir, grp_alterar, grp_excluir)
VALUES('59E1E074-37D6-E911-ABD6-F81654FE895D', 1000, 23, 1, 0, 0, 0);
INSERT INTO CORESSO.dbo.SYS_GrupoPermissao
(gru_id, sis_id, mod_id, grp_consultar, grp_inserir, grp_alterar, grp_excluir)
VALUES('59E1E074-37D6-E911-ABD6-F81654FE895D', 1000, 24, 1, 0, 0, 0);
INSERT INTO CORESSO.dbo.SYS_GrupoPermissao
(gru_id, sis_id, mod_id, grp_consultar, grp_inserir, grp_alterar, grp_excluir)
VALUES('59E1E074-37D6-E911-ABD6-F81654FE895D', 1000, 25, 1, 0, 0, 0);
INSERT INTO CORESSO.dbo.SYS_GrupoPermissao
(gru_id, sis_id, mod_id, grp_consultar, grp_inserir, grp_alterar, grp_excluir)
VALUES('59E1E074-37D6-E911-ABD6-F81654FE895D', 1000, 26, 1, 1, 1, 1);
INSERT INTO CORESSO.dbo.SYS_GrupoPermissao
(gru_id, sis_id, mod_id, grp_consultar, grp_inserir, grp_alterar, grp_excluir)
VALUES('59E1E074-37D6-E911-ABD6-F81654FE895D', 1000, 28, 1, 1, 1, 1);
INSERT INTO CORESSO.dbo.SYS_GrupoPermissao
(gru_id, sis_id, mod_id, grp_consultar, grp_inserir, grp_alterar, grp_excluir)
VALUES('59E1E074-37D6-E911-ABD6-F81654FE895D', 1000, 29, 1, 0, 0, 0);
INSERT INTO CORESSO.dbo.SYS_GrupoPermissao
(gru_id, sis_id, mod_id, grp_consultar, grp_inserir, grp_alterar, grp_excluir)
VALUES('59E1E074-37D6-E911-ABD6-F81654FE895D', 1000, 32, 1, 0, 0, 0);
INSERT INTO CORESSO.dbo.SYS_GrupoPermissao
(gru_id, sis_id, mod_id, grp_consultar, grp_inserir, grp_alterar, grp_excluir)
VALUES('59E1E074-37D6-E911-ABD6-F81654FE895D', 1000, 33, 1, 0, 0, 0);
INSERT INTO CORESSO.dbo.SYS_GrupoPermissao
(gru_id, sis_id, mod_id, grp_consultar, grp_inserir, grp_alterar, grp_excluir)
VALUES('59E1E074-37D6-E911-ABD6-F81654FE895D', 1000, 34, 1, 0, 0, 0);
INSERT INTO CORESSO.dbo.SYS_GrupoPermissao
(gru_id, sis_id, mod_id, grp_consultar, grp_inserir, grp_alterar, grp_excluir)
VALUES('59E1E074-37D6-E911-ABD6-F81654FE895D', 1000, 37, 1, 0, 0, 0);
INSERT INTO CORESSO.dbo.SYS_GrupoPermissao
(gru_id, sis_id, mod_id, grp_consultar, grp_inserir, grp_alterar, grp_excluir)
VALUES('59E1E074-37D6-E911-ABD6-F81654FE895D', 1000, 39, 1, 0, 0, 0);
INSERT INTO CORESSO.dbo.SYS_GrupoPermissao
(gru_id, sis_id, mod_id, grp_consultar, grp_inserir, grp_alterar, grp_excluir)
VALUES('59E1E074-37D6-E911-ABD6-F81654FE895D', 1000, 40, 1, 0, 0, 0);
INSERT INTO CORESSO.dbo.SYS_GrupoPermissao
(gru_id, sis_id, mod_id, grp_consultar, grp_inserir, grp_alterar, grp_excluir)
VALUES('59E1E074-37D6-E911-ABD6-F81654FE895D', 1000, 41, 1, 0, 0, 0);
INSERT INTO CORESSO.dbo.SYS_GrupoPermissao
(gru_id, sis_id, mod_id, grp_consultar, grp_inserir, grp_alterar, grp_excluir)
VALUES('59E1E074-37D6-E911-ABD6-F81654FE895D', 1000, 42, 1, 0, 0, 0);
INSERT INTO CORESSO.dbo.SYS_GrupoPermissao
(gru_id, sis_id, mod_id, grp_consultar, grp_inserir, grp_alterar, grp_excluir)
VALUES('59E1E074-37D6-E911-ABD6-F81654FE895D', 1000, 44, 1, 0, 0, 0);
INSERT INTO CORESSO.dbo.SYS_GrupoPermissao
(gru_id, sis_id, mod_id, grp_consultar, grp_inserir, grp_alterar, grp_excluir)
VALUES('59E1E074-37D6-E911-ABD6-F81654FE895D', 1000, 46, 1, 0, 0, 0);
INSERT INTO CORESSO.dbo.SYS_GrupoPermissao
(gru_id, sis_id, mod_id, grp_consultar, grp_inserir, grp_alterar, grp_excluir)
VALUES('59E1E074-37D6-E911-ABD6-F81654FE895D', 1000, 47, 1, 0, 0, 0);
INSERT INTO CORESSO.dbo.SYS_GrupoPermissao
(gru_id, sis_id, mod_id, grp_consultar, grp_inserir, grp_alterar, grp_excluir)
VALUES('59E1E074-37D6-E911-ABD6-F81654FE895D', 1000, 48, 1, 0, 0, 0);
INSERT INTO CORESSO.dbo.SYS_GrupoPermissao
(gru_id, sis_id, mod_id, grp_consultar, grp_inserir, grp_alterar, grp_excluir)
VALUES('59E1E074-37D6-E911-ABD6-F81654FE895D', 1000, 49, 1, 0, 0, 0);
INSERT INTO CORESSO.dbo.SYS_GrupoPermissao
(gru_id, sis_id, mod_id, grp_consultar, grp_inserir, grp_alterar, grp_excluir)
VALUES('59E1E074-37D6-E911-ABD6-F81654FE895D', 1000, 50, 1, 0, 0, 0);
INSERT INTO CORESSO.dbo.SYS_GrupoPermissao
(gru_id, sis_id, mod_id, grp_consultar, grp_inserir, grp_alterar, grp_excluir)
VALUES('59E1E074-37D6-E911-ABD6-F81654FE895D', 1000, 51, 1, 0, 0, 0);
INSERT INTO CORESSO.dbo.SYS_GrupoPermissao
(gru_id, sis_id, mod_id, grp_consultar, grp_inserir, grp_alterar, grp_excluir)
VALUES('59E1E074-37D6-E911-ABD6-F81654FE895D', 1000, 52, 1, 0, 0, 0);
INSERT INTO CORESSO.dbo.SYS_GrupoPermissao
(gru_id, sis_id, mod_id, grp_consultar, grp_inserir, grp_alterar, grp_excluir)
VALUES('59E1E074-37D6-E911-ABD6-F81654FE895D', 1000, 53, 1, 0, 0, 0);
INSERT INTO CORESSO.dbo.SYS_GrupoPermissao
(gru_id, sis_id, mod_id, grp_consultar, grp_inserir, grp_alterar, grp_excluir)
VALUES('59E1E074-37D6-E911-ABD6-F81654FE895D', 1000, 54, 1, 0, 0, 0);
INSERT INTO CORESSO.dbo.SYS_GrupoPermissao
(gru_id, sis_id, mod_id, grp_consultar, grp_inserir, grp_alterar, grp_excluir)
VALUES('59E1E074-37D6-E911-ABD6-F81654FE895D', 1000, 55, 1, 0, 0, 0);
INSERT INTO CORESSO.dbo.SYS_GrupoPermissao
(gru_id, sis_id, mod_id, grp_consultar, grp_inserir, grp_alterar, grp_excluir)
VALUES('59E1E074-37D6-E911-ABD6-F81654FE895D', 1000, 56, 1, 0, 0, 0);
INSERT INTO CORESSO.dbo.SYS_GrupoPermissao
(gru_id, sis_id, mod_id, grp_consultar, grp_inserir, grp_alterar, grp_excluir)
VALUES('59E1E074-37D6-E911-ABD6-F81654FE895D', 1000, 57, 1, 0, 0, 0);
INSERT INTO CORESSO.dbo.SYS_GrupoPermissao
(gru_id, sis_id, mod_id, grp_consultar, grp_inserir, grp_alterar, grp_excluir)
VALUES('59E1E074-37D6-E911-ABD6-F81654FE895D', 1000, 58, 1, 0, 0, 0);
INSERT INTO CORESSO.dbo.SYS_GrupoPermissao
(gru_id, sis_id, mod_id, grp_consultar, grp_inserir, grp_alterar, grp_excluir)
VALUES('59E1E074-37D6-E911-ABD6-F81654FE895D', 1000, 59, 1, 0, 0, 0);
INSERT INTO CORESSO.dbo.SYS_GrupoPermissao
(gru_id, sis_id, mod_id, grp_consultar, grp_inserir, grp_alterar, grp_excluir)
VALUES('59E1E074-37D6-E911-ABD6-F81654FE895D', 1000, 60, 1, 0, 0, 0);
INSERT INTO CORESSO.dbo.SYS_GrupoPermissao
(gru_id, sis_id, mod_id, grp_consultar, grp_inserir, grp_alterar, grp_excluir)
VALUES('59E1E074-37D6-E911-ABD6-F81654FE895D', 1000, 61, 1, 0, 0, 0);
INSERT INTO CORESSO.dbo.SYS_GrupoPermissao
(gru_id, sis_id, mod_id, grp_consultar, grp_inserir, grp_alterar, grp_excluir)
VALUES('59E1E074-37D6-E911-ABD6-F81654FE895D', 1000, 62, 1, 0, 0, 0);
INSERT INTO CORESSO.dbo.SYS_GrupoPermissao
(gru_id, sis_id, mod_id, grp_consultar, grp_inserir, grp_alterar, grp_excluir)
VALUES('59E1E074-37D6-E911-ABD6-F81654FE895D', 1000, 63, 1, 0, 0, 0);
INSERT INTO CORESSO.dbo.SYS_GrupoPermissao
(gru_id, sis_id, mod_id, grp_consultar, grp_inserir, grp_alterar, grp_excluir)
VALUES('59E1E074-37D6-E911-ABD6-F81654FE895D', 1000, 64, 1, 0, 0, 0);
INSERT INTO CORESSO.dbo.SYS_GrupoPermissao
(gru_id, sis_id, mod_id, grp_consultar, grp_inserir, grp_alterar, grp_excluir)
VALUES('59E1E074-37D6-E911-ABD6-F81654FE895D', 1000, 65, 1, 0, 0, 0);
INSERT INTO CORESSO.dbo.SYS_GrupoPermissao
(gru_id, sis_id, mod_id, grp_consultar, grp_inserir, grp_alterar, grp_excluir)
VALUES('59E1E074-37D6-E911-ABD6-F81654FE895D', 1000, 66, 1, 0, 0, 0);
INSERT INTO CORESSO.dbo.SYS_GrupoPermissao
(gru_id, sis_id, mod_id, grp_consultar, grp_inserir, grp_alterar, grp_excluir)
VALUES('59E1E074-37D6-E911-ABD6-F81654FE895D', 1000, 67, 1, 0, 0, 0);
INSERT INTO CORESSO.dbo.SYS_GrupoPermissao
(gru_id, sis_id, mod_id, grp_consultar, grp_inserir, grp_alterar, grp_excluir)
VALUES('59E1E074-37D6-E911-ABD6-F81654FE895D', 1000, 68, 1, 0, 0, 0);
INSERT INTO CORESSO.dbo.SYS_GrupoPermissao
(gru_id, sis_id, mod_id, grp_consultar, grp_inserir, grp_alterar, grp_excluir)
VALUES('59E1E074-37D6-E911-ABD6-F81654FE895D', 1000, 69, 1, 0, 0, 0);
INSERT INTO CORESSO.dbo.SYS_GrupoPermissao
(gru_id, sis_id, mod_id, grp_consultar, grp_inserir, grp_alterar, grp_excluir)
VALUES('59E1E074-37D6-E911-ABD6-F81654FE895D', 1000, 70, 1, 0, 0, 0);
INSERT INTO CORESSO.dbo.SYS_GrupoPermissao
(gru_id, sis_id, mod_id, grp_consultar, grp_inserir, grp_alterar, grp_excluir)
VALUES('5AE1E074-37D6-E911-ABD6-F81654FE895D', 1000, 16, 1, 0, 0, 0);
INSERT INTO CORESSO.dbo.SYS_GrupoPermissao
(gru_id, sis_id, mod_id, grp_consultar, grp_inserir, grp_alterar, grp_excluir)
VALUES('5AE1E074-37D6-E911-ABD6-F81654FE895D', 1000, 17, 1, 0, 0, 0);
INSERT INTO CORESSO.dbo.SYS_GrupoPermissao
(gru_id, sis_id, mod_id, grp_consultar, grp_inserir, grp_alterar, grp_excluir)
VALUES('5AE1E074-37D6-E911-ABD6-F81654FE895D', 1000, 18, 1, 0, 0, 0);
INSERT INTO CORESSO.dbo.SYS_GrupoPermissao
(gru_id, sis_id, mod_id, grp_consultar, grp_inserir, grp_alterar, grp_excluir)
VALUES('5AE1E074-37D6-E911-ABD6-F81654FE895D', 1000, 19, 1, 0, 0, 0);
INSERT INTO CORESSO.dbo.SYS_GrupoPermissao
(gru_id, sis_id, mod_id, grp_consultar, grp_inserir, grp_alterar, grp_excluir)
VALUES('5AE1E074-37D6-E911-ABD6-F81654FE895D', 1000, 20, 1, 1, 1, 1);
INSERT INTO CORESSO.dbo.SYS_GrupoPermissao
(gru_id, sis_id, mod_id, grp_consultar, grp_inserir, grp_alterar, grp_excluir)
VALUES('5AE1E074-37D6-E911-ABD6-F81654FE895D', 1000, 22, 1, 1, 1, 1);
INSERT INTO CORESSO.dbo.SYS_GrupoPermissao
(gru_id, sis_id, mod_id, grp_consultar, grp_inserir, grp_alterar, grp_excluir)
VALUES('5AE1E074-37D6-E911-ABD6-F81654FE895D', 1000, 23, 1, 1, 0, 0);
INSERT INTO CORESSO.dbo.SYS_GrupoPermissao
(gru_id, sis_id, mod_id, grp_consultar, grp_inserir, grp_alterar, grp_excluir)
VALUES('5AE1E074-37D6-E911-ABD6-F81654FE895D', 1000, 24, 1, 0, 0, 0);
INSERT INTO CORESSO.dbo.SYS_GrupoPermissao
(gru_id, sis_id, mod_id, grp_consultar, grp_inserir, grp_alterar, grp_excluir)
VALUES('5AE1E074-37D6-E911-ABD6-F81654FE895D', 1000, 25, 1, 0, 0, 0);
INSERT INTO CORESSO.dbo.SYS_GrupoPermissao
(gru_id, sis_id, mod_id, grp_consultar, grp_inserir, grp_alterar, grp_excluir)
VALUES('5AE1E074-37D6-E911-ABD6-F81654FE895D', 1000, 26, 1, 1, 1, 1);
INSERT INTO CORESSO.dbo.SYS_GrupoPermissao
(gru_id, sis_id, mod_id, grp_consultar, grp_inserir, grp_alterar, grp_excluir)
VALUES('5AE1E074-37D6-E911-ABD6-F81654FE895D', 1000, 28, 1, 1, 1, 1);
INSERT INTO CORESSO.dbo.SYS_GrupoPermissao
(gru_id, sis_id, mod_id, grp_consultar, grp_inserir, grp_alterar, grp_excluir)
VALUES('5AE1E074-37D6-E911-ABD6-F81654FE895D', 1000, 29, 1, 0, 0, 0);
INSERT INTO CORESSO.dbo.SYS_GrupoPermissao
(gru_id, sis_id, mod_id, grp_consultar, grp_inserir, grp_alterar, grp_excluir)
VALUES('5AE1E074-37D6-E911-ABD6-F81654FE895D', 1000, 30, 1, 1, 1, 1);
INSERT INTO CORESSO.dbo.SYS_GrupoPermissao
(gru_id, sis_id, mod_id, grp_consultar, grp_inserir, grp_alterar, grp_excluir)
VALUES('5AE1E074-37D6-E911-ABD6-F81654FE895D', 1000, 31, 1, 1, 1, 1);
INSERT INTO CORESSO.dbo.SYS_GrupoPermissao
(gru_id, sis_id, mod_id, grp_consultar, grp_inserir, grp_alterar, grp_excluir)
VALUES('5AE1E074-37D6-E911-ABD6-F81654FE895D', 1000, 32, 1, 1, 1, 1);
INSERT INTO CORESSO.dbo.SYS_GrupoPermissao
(gru_id, sis_id, mod_id, grp_consultar, grp_inserir, grp_alterar, grp_excluir)
VALUES('5AE1E074-37D6-E911-ABD6-F81654FE895D', 1000, 33, 1, 1, 1, 1);
INSERT INTO CORESSO.dbo.SYS_GrupoPermissao
(gru_id, sis_id, mod_id, grp_consultar, grp_inserir, grp_alterar, grp_excluir)
VALUES('5AE1E074-37D6-E911-ABD6-F81654FE895D', 1000, 34, 1, 1, 1, 1);
INSERT INTO CORESSO.dbo.SYS_GrupoPermissao
(gru_id, sis_id, mod_id, grp_consultar, grp_inserir, grp_alterar, grp_excluir)
VALUES('5AE1E074-37D6-E911-ABD6-F81654FE895D', 1000, 35, 1, 1, 1, 1);
INSERT INTO CORESSO.dbo.SYS_GrupoPermissao
(gru_id, sis_id, mod_id, grp_consultar, grp_inserir, grp_alterar, grp_excluir)
VALUES('5AE1E074-37D6-E911-ABD6-F81654FE895D', 1000, 36, 1, 1, 1, 1);
INSERT INTO CORESSO.dbo.SYS_GrupoPermissao
(gru_id, sis_id, mod_id, grp_consultar, grp_inserir, grp_alterar, grp_excluir)
VALUES('5AE1E074-37D6-E911-ABD6-F81654FE895D', 1000, 37, 1, 1, 1, 1);
INSERT INTO CORESSO.dbo.SYS_GrupoPermissao
(gru_id, sis_id, mod_id, grp_consultar, grp_inserir, grp_alterar, grp_excluir)
VALUES('5AE1E074-37D6-E911-ABD6-F81654FE895D', 1000, 39, 1, 1, 1, 1);
INSERT INTO CORESSO.dbo.SYS_GrupoPermissao
(gru_id, sis_id, mod_id, grp_consultar, grp_inserir, grp_alterar, grp_excluir)
VALUES('5AE1E074-37D6-E911-ABD6-F81654FE895D', 1000, 40, 1, 1, 1, 1);
INSERT INTO CORESSO.dbo.SYS_GrupoPermissao
(gru_id, sis_id, mod_id, grp_consultar, grp_inserir, grp_alterar, grp_excluir)
VALUES('5AE1E074-37D6-E911-ABD6-F81654FE895D', 1000, 41, 1, 1, 0, 0);
INSERT INTO CORESSO.dbo.SYS_GrupoPermissao
(gru_id, sis_id, mod_id, grp_consultar, grp_inserir, grp_alterar, grp_excluir)
VALUES('5AE1E074-37D6-E911-ABD6-F81654FE895D', 1000, 42, 1, 1, 1, 1);
INSERT INTO CORESSO.dbo.SYS_GrupoPermissao
(gru_id, sis_id, mod_id, grp_consultar, grp_inserir, grp_alterar, grp_excluir)
VALUES('5AE1E074-37D6-E911-ABD6-F81654FE895D', 1000, 43, 1, 1, 1, 1);
INSERT INTO CORESSO.dbo.SYS_GrupoPermissao
(gru_id, sis_id, mod_id, grp_consultar, grp_inserir, grp_alterar, grp_excluir)
VALUES('5AE1E074-37D6-E911-ABD6-F81654FE895D', 1000, 44, 1, 1, 1, 1);
INSERT INTO CORESSO.dbo.SYS_GrupoPermissao
(gru_id, sis_id, mod_id, grp_consultar, grp_inserir, grp_alterar, grp_excluir)
VALUES('5AE1E074-37D6-E911-ABD6-F81654FE895D', 1000, 46, 1, 1, 0, 0);
INSERT INTO CORESSO.dbo.SYS_GrupoPermissao
(gru_id, sis_id, mod_id, grp_consultar, grp_inserir, grp_alterar, grp_excluir)
VALUES('5AE1E074-37D6-E911-ABD6-F81654FE895D', 1000, 47, 1, 1, 1, 1);
INSERT INTO CORESSO.dbo.SYS_GrupoPermissao
(gru_id, sis_id, mod_id, grp_consultar, grp_inserir, grp_alterar, grp_excluir)
VALUES('5AE1E074-37D6-E911-ABD6-F81654FE895D', 1000, 48, 1, 1, 1, 1);
INSERT INTO CORESSO.dbo.SYS_GrupoPermissao
(gru_id, sis_id, mod_id, grp_consultar, grp_inserir, grp_alterar, grp_excluir)
VALUES('5AE1E074-37D6-E911-ABD6-F81654FE895D', 1000, 49, 1, 1, 1, 1);
INSERT INTO CORESSO.dbo.SYS_GrupoPermissao
(gru_id, sis_id, mod_id, grp_consultar, grp_inserir, grp_alterar, grp_excluir)
VALUES('5AE1E074-37D6-E911-ABD6-F81654FE895D', 1000, 50, 1, 1, 1, 1);
INSERT INTO CORESSO.dbo.SYS_GrupoPermissao
(gru_id, sis_id, mod_id, grp_consultar, grp_inserir, grp_alterar, grp_excluir)
VALUES('5AE1E074-37D6-E911-ABD6-F81654FE895D', 1000, 51, 1, 0, 0, 0);
INSERT INTO CORESSO.dbo.SYS_GrupoPermissao
(gru_id, sis_id, mod_id, grp_consultar, grp_inserir, grp_alterar, grp_excluir)
VALUES('5AE1E074-37D6-E911-ABD6-F81654FE895D', 1000, 52, 1, 1, 1, 1);
INSERT INTO CORESSO.dbo.SYS_GrupoPermissao
(gru_id, sis_id, mod_id, grp_consultar, grp_inserir, grp_alterar, grp_excluir)
VALUES('5AE1E074-37D6-E911-ABD6-F81654FE895D', 1000, 53, 1, 1, 1, 1);
INSERT INTO CORESSO.dbo.SYS_GrupoPermissao
(gru_id, sis_id, mod_id, grp_consultar, grp_inserir, grp_alterar, grp_excluir)
VALUES('5AE1E074-37D6-E911-ABD6-F81654FE895D', 1000, 54, 1, 1, 1, 1);
INSERT INTO CORESSO.dbo.SYS_GrupoPermissao
(gru_id, sis_id, mod_id, grp_consultar, grp_inserir, grp_alterar, grp_excluir)
VALUES('5AE1E074-37D6-E911-ABD6-F81654FE895D', 1000, 55, 1, 0, 0, 0);
INSERT INTO CORESSO.dbo.SYS_GrupoPermissao
(gru_id, sis_id, mod_id, grp_consultar, grp_inserir, grp_alterar, grp_excluir)
VALUES('5AE1E074-37D6-E911-ABD6-F81654FE895D', 1000, 56, 1, 0, 0, 0);
INSERT INTO CORESSO.dbo.SYS_GrupoPermissao
(gru_id, sis_id, mod_id, grp_consultar, grp_inserir, grp_alterar, grp_excluir)
VALUES('5AE1E074-37D6-E911-ABD6-F81654FE895D', 1000, 57, 1, 1, 1, 1);
INSERT INTO CORESSO.dbo.SYS_GrupoPermissao
(gru_id, sis_id, mod_id, grp_consultar, grp_inserir, grp_alterar, grp_excluir)
VALUES('5AE1E074-37D6-E911-ABD6-F81654FE895D', 1000, 58, 1, 0, 0, 0);
INSERT INTO CORESSO.dbo.SYS_GrupoPermissao
(gru_id, sis_id, mod_id, grp_consultar, grp_inserir, grp_alterar, grp_excluir)
VALUES('5AE1E074-37D6-E911-ABD6-F81654FE895D', 1000, 59, 1, 0, 0, 0);
INSERT INTO CORESSO.dbo.SYS_GrupoPermissao
(gru_id, sis_id, mod_id, grp_consultar, grp_inserir, grp_alterar, grp_excluir)
VALUES('5AE1E074-37D6-E911-ABD6-F81654FE895D', 1000, 60, 1, 0, 0, 0);
INSERT INTO CORESSO.dbo.SYS_GrupoPermissao
(gru_id, sis_id, mod_id, grp_consultar, grp_inserir, grp_alterar, grp_excluir)
VALUES('5AE1E074-37D6-E911-ABD6-F81654FE895D', 1000, 61, 1, 0, 0, 0);
INSERT INTO CORESSO.dbo.SYS_GrupoPermissao
(gru_id, sis_id, mod_id, grp_consultar, grp_inserir, grp_alterar, grp_excluir)
VALUES('5AE1E074-37D6-E911-ABD6-F81654FE895D', 1000, 62, 1, 0, 0, 0);
INSERT INTO CORESSO.dbo.SYS_GrupoPermissao
(gru_id, sis_id, mod_id, grp_consultar, grp_inserir, grp_alterar, grp_excluir)
VALUES('5AE1E074-37D6-E911-ABD6-F81654FE895D', 1000, 63, 1, 0, 0, 0);
INSERT INTO CORESSO.dbo.SYS_GrupoPermissao
(gru_id, sis_id, mod_id, grp_consultar, grp_inserir, grp_alterar, grp_excluir)
VALUES('5AE1E074-37D6-E911-ABD6-F81654FE895D', 1000, 64, 1, 0, 0, 0);
INSERT INTO CORESSO.dbo.SYS_GrupoPermissao
(gru_id, sis_id, mod_id, grp_consultar, grp_inserir, grp_alterar, grp_excluir)
VALUES('5AE1E074-37D6-E911-ABD6-F81654FE895D', 1000, 65, 1, 0, 0, 0);
INSERT INTO CORESSO.dbo.SYS_GrupoPermissao
(gru_id, sis_id, mod_id, grp_consultar, grp_inserir, grp_alterar, grp_excluir)
VALUES('5AE1E074-37D6-E911-ABD6-F81654FE895D', 1000, 66, 1, 0, 0, 0);
INSERT INTO CORESSO.dbo.SYS_GrupoPermissao
(gru_id, sis_id, mod_id, grp_consultar, grp_inserir, grp_alterar, grp_excluir)
VALUES('5AE1E074-37D6-E911-ABD6-F81654FE895D', 1000, 67, 1, 0, 0, 0);
INSERT INTO CORESSO.dbo.SYS_GrupoPermissao
(gru_id, sis_id, mod_id, grp_consultar, grp_inserir, grp_alterar, grp_excluir)
VALUES('5AE1E074-37D6-E911-ABD6-F81654FE895D', 1000, 68, 1, 0, 0, 0);
INSERT INTO CORESSO.dbo.SYS_GrupoPermissao
(gru_id, sis_id, mod_id, grp_consultar, grp_inserir, grp_alterar, grp_excluir)
VALUES('5AE1E074-37D6-E911-ABD6-F81654FE895D', 1000, 69, 1, 0, 0, 0);
INSERT INTO CORESSO.dbo.SYS_GrupoPermissao
(gru_id, sis_id, mod_id, grp_consultar, grp_inserir, grp_alterar, grp_excluir)
VALUES('5AE1E074-37D6-E911-ABD6-F81654FE895D', 1000, 70, 1, 0, 0, 0);
INSERT INTO CORESSO.dbo.SYS_GrupoPermissao
(gru_id, sis_id, mod_id, grp_consultar, grp_inserir, grp_alterar, grp_excluir)
VALUES('5BE1E074-37D6-E911-ABD6-F81654FE895D', 1000, 16, 1, 0, 0, 0);
INSERT INTO CORESSO.dbo.SYS_GrupoPermissao
(gru_id, sis_id, mod_id, grp_consultar, grp_inserir, grp_alterar, grp_excluir)
VALUES('5BE1E074-37D6-E911-ABD6-F81654FE895D', 1000, 17, 1, 0, 0, 0);
INSERT INTO CORESSO.dbo.SYS_GrupoPermissao
(gru_id, sis_id, mod_id, grp_consultar, grp_inserir, grp_alterar, grp_excluir)
VALUES('5BE1E074-37D6-E911-ABD6-F81654FE895D', 1000, 18, 1, 0, 0, 0);
INSERT INTO CORESSO.dbo.SYS_GrupoPermissao
(gru_id, sis_id, mod_id, grp_consultar, grp_inserir, grp_alterar, grp_excluir)
VALUES('5BE1E074-37D6-E911-ABD6-F81654FE895D', 1000, 19, 1, 0, 0, 0);
INSERT INTO CORESSO.dbo.SYS_GrupoPermissao
(gru_id, sis_id, mod_id, grp_consultar, grp_inserir, grp_alterar, grp_excluir)
VALUES('5BE1E074-37D6-E911-ABD6-F81654FE895D', 1000, 20, 1, 1, 1, 1);
INSERT INTO CORESSO.dbo.SYS_GrupoPermissao
(gru_id, sis_id, mod_id, grp_consultar, grp_inserir, grp_alterar, grp_excluir)
VALUES('5BE1E074-37D6-E911-ABD6-F81654FE895D', 1000, 22, 1, 0, 0, 0);
INSERT INTO CORESSO.dbo.SYS_GrupoPermissao
(gru_id, sis_id, mod_id, grp_consultar, grp_inserir, grp_alterar, grp_excluir)
VALUES('5BE1E074-37D6-E911-ABD6-F81654FE895D', 1000, 23, 1, 1, 0, 0);
INSERT INTO CORESSO.dbo.SYS_GrupoPermissao
(gru_id, sis_id, mod_id, grp_consultar, grp_inserir, grp_alterar, grp_excluir)
VALUES('5BE1E074-37D6-E911-ABD6-F81654FE895D', 1000, 24, 1, 0, 0, 0);
INSERT INTO CORESSO.dbo.SYS_GrupoPermissao
(gru_id, sis_id, mod_id, grp_consultar, grp_inserir, grp_alterar, grp_excluir)
VALUES('5BE1E074-37D6-E911-ABD6-F81654FE895D', 1000, 25, 1, 0, 0, 0);
INSERT INTO CORESSO.dbo.SYS_GrupoPermissao
(gru_id, sis_id, mod_id, grp_consultar, grp_inserir, grp_alterar, grp_excluir)
VALUES('5BE1E074-37D6-E911-ABD6-F81654FE895D', 1000, 26, 1, 1, 1, 1);
INSERT INTO CORESSO.dbo.SYS_GrupoPermissao
(gru_id, sis_id, mod_id, grp_consultar, grp_inserir, grp_alterar, grp_excluir)
VALUES('5BE1E074-37D6-E911-ABD6-F81654FE895D', 1000, 28, 1, 1, 1, 1);
INSERT INTO CORESSO.dbo.SYS_GrupoPermissao
(gru_id, sis_id, mod_id, grp_consultar, grp_inserir, grp_alterar, grp_excluir)
VALUES('5BE1E074-37D6-E911-ABD6-F81654FE895D', 1000, 29, 1, 0, 0, 0);
INSERT INTO CORESSO.dbo.SYS_GrupoPermissao
(gru_id, sis_id, mod_id, grp_consultar, grp_inserir, grp_alterar, grp_excluir)
VALUES('5BE1E074-37D6-E911-ABD6-F81654FE895D', 1000, 30, 1, 1, 1, 1);
INSERT INTO CORESSO.dbo.SYS_GrupoPermissao
(gru_id, sis_id, mod_id, grp_consultar, grp_inserir, grp_alterar, grp_excluir)
VALUES('5BE1E074-37D6-E911-ABD6-F81654FE895D', 1000, 31, 1, 1, 1, 1);
INSERT INTO CORESSO.dbo.SYS_GrupoPermissao
(gru_id, sis_id, mod_id, grp_consultar, grp_inserir, grp_alterar, grp_excluir)
VALUES('5BE1E074-37D6-E911-ABD6-F81654FE895D', 1000, 32, 1, 1, 1, 1);
INSERT INTO CORESSO.dbo.SYS_GrupoPermissao
(gru_id, sis_id, mod_id, grp_consultar, grp_inserir, grp_alterar, grp_excluir)
VALUES('5BE1E074-37D6-E911-ABD6-F81654FE895D', 1000, 33, 1, 1, 1, 1);
INSERT INTO CORESSO.dbo.SYS_GrupoPermissao
(gru_id, sis_id, mod_id, grp_consultar, grp_inserir, grp_alterar, grp_excluir)
VALUES('5BE1E074-37D6-E911-ABD6-F81654FE895D', 1000, 34, 1, 1, 1, 1);
INSERT INTO CORESSO.dbo.SYS_GrupoPermissao
(gru_id, sis_id, mod_id, grp_consultar, grp_inserir, grp_alterar, grp_excluir)
VALUES('5BE1E074-37D6-E911-ABD6-F81654FE895D', 1000, 35, 1, 1, 1, 1);
INSERT INTO CORESSO.dbo.SYS_GrupoPermissao
(gru_id, sis_id, mod_id, grp_consultar, grp_inserir, grp_alterar, grp_excluir)
VALUES('5BE1E074-37D6-E911-ABD6-F81654FE895D', 1000, 36, 1, 1, 1, 1);
INSERT INTO CORESSO.dbo.SYS_GrupoPermissao
(gru_id, sis_id, mod_id, grp_consultar, grp_inserir, grp_alterar, grp_excluir)
VALUES('5BE1E074-37D6-E911-ABD6-F81654FE895D', 1000, 37, 1, 1, 1, 1);
INSERT INTO CORESSO.dbo.SYS_GrupoPermissao
(gru_id, sis_id, mod_id, grp_consultar, grp_inserir, grp_alterar, grp_excluir)
VALUES('5BE1E074-37D6-E911-ABD6-F81654FE895D', 1000, 39, 1, 1, 1, 1);
INSERT INTO CORESSO.dbo.SYS_GrupoPermissao
(gru_id, sis_id, mod_id, grp_consultar, grp_inserir, grp_alterar, grp_excluir)
VALUES('5BE1E074-37D6-E911-ABD6-F81654FE895D', 1000, 40, 1, 1, 1, 1);
INSERT INTO CORESSO.dbo.SYS_GrupoPermissao
(gru_id, sis_id, mod_id, grp_consultar, grp_inserir, grp_alterar, grp_excluir)
VALUES('5BE1E074-37D6-E911-ABD6-F81654FE895D', 1000, 41, 1, 0, 0, 0);
INSERT INTO CORESSO.dbo.SYS_GrupoPermissao
(gru_id, sis_id, mod_id, grp_consultar, grp_inserir, grp_alterar, grp_excluir)
VALUES('5BE1E074-37D6-E911-ABD6-F81654FE895D', 1000, 42, 1, 1, 1, 1);
INSERT INTO CORESSO.dbo.SYS_GrupoPermissao
(gru_id, sis_id, mod_id, grp_consultar, grp_inserir, grp_alterar, grp_excluir)
VALUES('5BE1E074-37D6-E911-ABD6-F81654FE895D', 1000, 43, 1, 1, 1, 1);
INSERT INTO CORESSO.dbo.SYS_GrupoPermissao
(gru_id, sis_id, mod_id, grp_consultar, grp_inserir, grp_alterar, grp_excluir)
VALUES('5BE1E074-37D6-E911-ABD6-F81654FE895D', 1000, 44, 1, 1, 1, 1);
INSERT INTO CORESSO.dbo.SYS_GrupoPermissao
(gru_id, sis_id, mod_id, grp_consultar, grp_inserir, grp_alterar, grp_excluir)
VALUES('5BE1E074-37D6-E911-ABD6-F81654FE895D', 1000, 46, 1, 1, 0, 0);
INSERT INTO CORESSO.dbo.SYS_GrupoPermissao
(gru_id, sis_id, mod_id, grp_consultar, grp_inserir, grp_alterar, grp_excluir)
VALUES('5BE1E074-37D6-E911-ABD6-F81654FE895D', 1000, 47, 1, 1, 1, 1);
INSERT INTO CORESSO.dbo.SYS_GrupoPermissao
(gru_id, sis_id, mod_id, grp_consultar, grp_inserir, grp_alterar, grp_excluir)
VALUES('5BE1E074-37D6-E911-ABD6-F81654FE895D', 1000, 48, 1, 1, 1, 1);
INSERT INTO CORESSO.dbo.SYS_GrupoPermissao
(gru_id, sis_id, mod_id, grp_consultar, grp_inserir, grp_alterar, grp_excluir)
VALUES('5BE1E074-37D6-E911-ABD6-F81654FE895D', 1000, 49, 1, 1, 1, 1);
INSERT INTO CORESSO.dbo.SYS_GrupoPermissao
(gru_id, sis_id, mod_id, grp_consultar, grp_inserir, grp_alterar, grp_excluir)
VALUES('5BE1E074-37D6-E911-ABD6-F81654FE895D', 1000, 50, 1, 1, 1, 1);
INSERT INTO CORESSO.dbo.SYS_GrupoPermissao
(gru_id, sis_id, mod_id, grp_consultar, grp_inserir, grp_alterar, grp_excluir)
VALUES('5BE1E074-37D6-E911-ABD6-F81654FE895D', 1000, 51, 1, 0, 0, 0);
INSERT INTO CORESSO.dbo.SYS_GrupoPermissao
(gru_id, sis_id, mod_id, grp_consultar, grp_inserir, grp_alterar, grp_excluir)
VALUES('5BE1E074-37D6-E911-ABD6-F81654FE895D', 1000, 52, 1, 1, 1, 1);
INSERT INTO CORESSO.dbo.SYS_GrupoPermissao
(gru_id, sis_id, mod_id, grp_consultar, grp_inserir, grp_alterar, grp_excluir)
VALUES('5BE1E074-37D6-E911-ABD6-F81654FE895D', 1000, 53, 1, 1, 1, 1);
INSERT INTO CORESSO.dbo.SYS_GrupoPermissao
(gru_id, sis_id, mod_id, grp_consultar, grp_inserir, grp_alterar, grp_excluir)
VALUES('5BE1E074-37D6-E911-ABD6-F81654FE895D', 1000, 54, 1, 1, 1, 1);
INSERT INTO CORESSO.dbo.SYS_GrupoPermissao
(gru_id, sis_id, mod_id, grp_consultar, grp_inserir, grp_alterar, grp_excluir)
VALUES('5BE1E074-37D6-E911-ABD6-F81654FE895D', 1000, 55, 1, 0, 0, 0);
INSERT INTO CORESSO.dbo.SYS_GrupoPermissao
(gru_id, sis_id, mod_id, grp_consultar, grp_inserir, grp_alterar, grp_excluir)
VALUES('5BE1E074-37D6-E911-ABD6-F81654FE895D', 1000, 56, 1, 0, 0, 0);
INSERT INTO CORESSO.dbo.SYS_GrupoPermissao
(gru_id, sis_id, mod_id, grp_consultar, grp_inserir, grp_alterar, grp_excluir)
VALUES('5BE1E074-37D6-E911-ABD6-F81654FE895D', 1000, 57, 1, 0, 0, 0);
INSERT INTO CORESSO.dbo.SYS_GrupoPermissao
(gru_id, sis_id, mod_id, grp_consultar, grp_inserir, grp_alterar, grp_excluir)
VALUES('5BE1E074-37D6-E911-ABD6-F81654FE895D', 1000, 58, 1, 0, 0, 0);
INSERT INTO CORESSO.dbo.SYS_GrupoPermissao
(gru_id, sis_id, mod_id, grp_consultar, grp_inserir, grp_alterar, grp_excluir)
VALUES('5BE1E074-37D6-E911-ABD6-F81654FE895D', 1000, 59, 1, 0, 0, 0);
INSERT INTO CORESSO.dbo.SYS_GrupoPermissao
(gru_id, sis_id, mod_id, grp_consultar, grp_inserir, grp_alterar, grp_excluir)
VALUES('5BE1E074-37D6-E911-ABD6-F81654FE895D', 1000, 60, 1, 0, 0, 0);
INSERT INTO CORESSO.dbo.SYS_GrupoPermissao
(gru_id, sis_id, mod_id, grp_consultar, grp_inserir, grp_alterar, grp_excluir)
VALUES('5BE1E074-37D6-E911-ABD6-F81654FE895D', 1000, 61, 1, 0, 0, 0);
INSERT INTO CORESSO.dbo.SYS_GrupoPermissao
(gru_id, sis_id, mod_id, grp_consultar, grp_inserir, grp_alterar, grp_excluir)
VALUES('5BE1E074-37D6-E911-ABD6-F81654FE895D', 1000, 62, 1, 0, 0, 0);
INSERT INTO CORESSO.dbo.SYS_GrupoPermissao
(gru_id, sis_id, mod_id, grp_consultar, grp_inserir, grp_alterar, grp_excluir)
VALUES('5BE1E074-37D6-E911-ABD6-F81654FE895D', 1000, 63, 1, 0, 0, 0);
INSERT INTO CORESSO.dbo.SYS_GrupoPermissao
(gru_id, sis_id, mod_id, grp_consultar, grp_inserir, grp_alterar, grp_excluir)
VALUES('5BE1E074-37D6-E911-ABD6-F81654FE895D', 1000, 64, 1, 0, 0, 0);
INSERT INTO CORESSO.dbo.SYS_GrupoPermissao
(gru_id, sis_id, mod_id, grp_consultar, grp_inserir, grp_alterar, grp_excluir)
VALUES('5BE1E074-37D6-E911-ABD6-F81654FE895D', 1000, 65, 1, 0, 0, 0);
INSERT INTO CORESSO.dbo.SYS_GrupoPermissao
(gru_id, sis_id, mod_id, grp_consultar, grp_inserir, grp_alterar, grp_excluir)
VALUES('5BE1E074-37D6-E911-ABD6-F81654FE895D', 1000, 66, 1, 0, 0, 0);
INSERT INTO CORESSO.dbo.SYS_GrupoPermissao
(gru_id, sis_id, mod_id, grp_consultar, grp_inserir, grp_alterar, grp_excluir)
VALUES('5BE1E074-37D6-E911-ABD6-F81654FE895D', 1000, 67, 1, 0, 0, 0);
INSERT INTO CORESSO.dbo.SYS_GrupoPermissao
(gru_id, sis_id, mod_id, grp_consultar, grp_inserir, grp_alterar, grp_excluir)
VALUES('5BE1E074-37D6-E911-ABD6-F81654FE895D', 1000, 68, 1, 0, 0, 0);
INSERT INTO CORESSO.dbo.SYS_GrupoPermissao
(gru_id, sis_id, mod_id, grp_consultar, grp_inserir, grp_alterar, grp_excluir)
VALUES('5BE1E074-37D6-E911-ABD6-F81654FE895D', 1000, 69, 1, 0, 0, 0);
INSERT INTO CORESSO.dbo.SYS_GrupoPermissao
(gru_id, sis_id, mod_id, grp_consultar, grp_inserir, grp_alterar, grp_excluir)
VALUES('5BE1E074-37D6-E911-ABD6-F81654FE895D', 1000, 70, 1, 0, 0, 0);
INSERT INTO CORESSO.dbo.SYS_GrupoPermissao
(gru_id, sis_id, mod_id, grp_consultar, grp_inserir, grp_alterar, grp_excluir)
VALUES('5CE1E074-37D6-E911-ABD6-F81654FE895D', 1000, 22, 1, 0, 0, 0);
INSERT INTO CORESSO.dbo.SYS_GrupoPermissao
(gru_id, sis_id, mod_id, grp_consultar, grp_inserir, grp_alterar, grp_excluir)
VALUES('5CE1E074-37D6-E911-ABD6-F81654FE895D', 1000, 24, 1, 0, 0, 0);
INSERT INTO CORESSO.dbo.SYS_GrupoPermissao
(gru_id, sis_id, mod_id, grp_consultar, grp_inserir, grp_alterar, grp_excluir)
VALUES('5CE1E074-37D6-E911-ABD6-F81654FE895D', 1000, 26, 1, 1, 1, 1);
INSERT INTO CORESSO.dbo.SYS_GrupoPermissao
(gru_id, sis_id, mod_id, grp_consultar, grp_inserir, grp_alterar, grp_excluir)
VALUES('5CE1E074-37D6-E911-ABD6-F81654FE895D', 1000, 28, 1, 1, 1, 1);
INSERT INTO CORESSO.dbo.SYS_GrupoPermissao
(gru_id, sis_id, mod_id, grp_consultar, grp_inserir, grp_alterar, grp_excluir)
VALUES('5CE1E074-37D6-E911-ABD6-F81654FE895D', 1000, 37, 1, 0, 0, 0);
INSERT INTO CORESSO.dbo.SYS_GrupoPermissao
(gru_id, sis_id, mod_id, grp_consultar, grp_inserir, grp_alterar, grp_excluir)
VALUES('5CE1E074-37D6-E911-ABD6-F81654FE895D', 1000, 42, 1, 0, 0, 0);
INSERT INTO CORESSO.dbo.SYS_GrupoPermissao
(gru_id, sis_id, mod_id, grp_consultar, grp_inserir, grp_alterar, grp_excluir)
VALUES('5CE1E074-37D6-E911-ABD6-F81654FE895D', 1000, 46, 1, 0, 0, 0);
INSERT INTO CORESSO.dbo.SYS_GrupoPermissao
(gru_id, sis_id, mod_id, grp_consultar, grp_inserir, grp_alterar, grp_excluir)
VALUES('5CE1E074-37D6-E911-ABD6-F81654FE895D', 1000, 51, 1, 0, 0, 0);
INSERT INTO CORESSO.dbo.SYS_GrupoPermissao
(gru_id, sis_id, mod_id, grp_consultar, grp_inserir, grp_alterar, grp_excluir)
VALUES('5CE1E074-37D6-E911-ABD6-F81654FE895D', 1000, 61, 1, 1, 1, 1);
INSERT INTO CORESSO.dbo.SYS_GrupoPermissao
(gru_id, sis_id, mod_id, grp_consultar, grp_inserir, grp_alterar, grp_excluir)
VALUES('5DE1E074-37D6-E911-ABD6-F81654FE895D', 1000, 23, 1, 1, 1, 1);
INSERT INTO CORESSO.dbo.SYS_GrupoPermissao
(gru_id, sis_id, mod_id, grp_consultar, grp_inserir, grp_alterar, grp_excluir)
VALUES('5DE1E074-37D6-E911-ABD6-F81654FE895D', 1000, 24, 1, 1, 1, 1);
INSERT INTO CORESSO.dbo.SYS_GrupoPermissao
(gru_id, sis_id, mod_id, grp_consultar, grp_inserir, grp_alterar, grp_excluir)
VALUES('5DE1E074-37D6-E911-ABD6-F81654FE895D', 1000, 25, 1, 1, 1, 1);
INSERT INTO CORESSO.dbo.SYS_GrupoPermissao
(gru_id, sis_id, mod_id, grp_consultar, grp_inserir, grp_alterar, grp_excluir)
VALUES('5DE1E074-37D6-E911-ABD6-F81654FE895D', 1000, 26, 1, 1, 1, 1);
INSERT INTO CORESSO.dbo.SYS_GrupoPermissao
(gru_id, sis_id, mod_id, grp_consultar, grp_inserir, grp_alterar, grp_excluir)
VALUES('5DE1E074-37D6-E911-ABD6-F81654FE895D', 1000, 28, 1, 0, 0, 0);
INSERT INTO CORESSO.dbo.SYS_GrupoPermissao
(gru_id, sis_id, mod_id, grp_consultar, grp_inserir, grp_alterar, grp_excluir)
VALUES('5DE1E074-37D6-E911-ABD6-F81654FE895D', 1000, 29, 1, 0, 0, 0);
INSERT INTO CORESSO.dbo.SYS_GrupoPermissao
(gru_id, sis_id, mod_id, grp_consultar, grp_inserir, grp_alterar, grp_excluir)
VALUES('5DE1E074-37D6-E911-ABD6-F81654FE895D', 1000, 37, 1, 0, 0, 0);
INSERT INTO CORESSO.dbo.SYS_GrupoPermissao
(gru_id, sis_id, mod_id, grp_consultar, grp_inserir, grp_alterar, grp_excluir)
VALUES('5DE1E074-37D6-E911-ABD6-F81654FE895D', 1000, 42, 1, 1, 1, 1);
INSERT INTO CORESSO.dbo.SYS_GrupoPermissao
(gru_id, sis_id, mod_id, grp_consultar, grp_inserir, grp_alterar, grp_excluir)
VALUES('5DE1E074-37D6-E911-ABD6-F81654FE895D', 1000, 44, 1, 1, 1, 1);
INSERT INTO CORESSO.dbo.SYS_GrupoPermissao
(gru_id, sis_id, mod_id, grp_consultar, grp_inserir, grp_alterar, grp_excluir)
VALUES('5DE1E074-37D6-E911-ABD6-F81654FE895D', 1000, 60, 1, 0, 0, 0);
INSERT INTO CORESSO.dbo.SYS_GrupoPermissao
(gru_id, sis_id, mod_id, grp_consultar, grp_inserir, grp_alterar, grp_excluir)
VALUES('5DE1E074-37D6-E911-ABD6-F81654FE895D', 1000, 61, 1, 1, 1, 1);
INSERT INTO CORESSO.dbo.SYS_GrupoPermissao
(gru_id, sis_id, mod_id, grp_consultar, grp_inserir, grp_alterar, grp_excluir)
VALUES('5DE1E074-37D6-E911-ABD6-F81654FE895D', 1000, 63, 1, 0, 0, 0);
INSERT INTO CORESSO.dbo.SYS_GrupoPermissao
(gru_id, sis_id, mod_id, grp_consultar, grp_inserir, grp_alterar, grp_excluir)
VALUES('5DE1E074-37D6-E911-ABD6-F81654FE895D', 1000, 64, 1, 0, 0, 0);
INSERT INTO CORESSO.dbo.SYS_GrupoPermissao
(gru_id, sis_id, mod_id, grp_consultar, grp_inserir, grp_alterar, grp_excluir)
VALUES('5DE1E074-37D6-E911-ABD6-F81654FE895D', 1000, 65, 1, 0, 0, 0);
INSERT INTO CORESSO.dbo.SYS_GrupoPermissao
(gru_id, sis_id, mod_id, grp_consultar, grp_inserir, grp_alterar, grp_excluir)
VALUES('5DE1E074-37D6-E911-ABD6-F81654FE895D', 1000, 66, 1, 0, 0, 0);
INSERT INTO CORESSO.dbo.SYS_GrupoPermissao
(gru_id, sis_id, mod_id, grp_consultar, grp_inserir, grp_alterar, grp_excluir)
VALUES('5DE1E074-37D6-E911-ABD6-F81654FE895D', 1000, 68, 1, 0, 0, 0);
INSERT INTO CORESSO.dbo.SYS_GrupoPermissao
(gru_id, sis_id, mod_id, grp_consultar, grp_inserir, grp_alterar, grp_excluir)
VALUES('5EE1E074-37D6-E911-ABD6-F81654FE895D', 1000, 23, 1, 1, 1, 1);
INSERT INTO CORESSO.dbo.SYS_GrupoPermissao
(gru_id, sis_id, mod_id, grp_consultar, grp_inserir, grp_alterar, grp_excluir)
VALUES('5EE1E074-37D6-E911-ABD6-F81654FE895D', 1000, 24, 1, 1, 1, 1);
INSERT INTO CORESSO.dbo.SYS_GrupoPermissao
(gru_id, sis_id, mod_id, grp_consultar, grp_inserir, grp_alterar, grp_excluir)
VALUES('5EE1E074-37D6-E911-ABD6-F81654FE895D', 1000, 25, 1, 1, 1, 1);
INSERT INTO CORESSO.dbo.SYS_GrupoPermissao
(gru_id, sis_id, mod_id, grp_consultar, grp_inserir, grp_alterar, grp_excluir)
VALUES('5EE1E074-37D6-E911-ABD6-F81654FE895D', 1000, 26, 1, 1, 1, 1);
INSERT INTO CORESSO.dbo.SYS_GrupoPermissao
(gru_id, sis_id, mod_id, grp_consultar, grp_inserir, grp_alterar, grp_excluir)
VALUES('5EE1E074-37D6-E911-ABD6-F81654FE895D', 1000, 28, 1, 0, 0, 0);
INSERT INTO CORESSO.dbo.SYS_GrupoPermissao
(gru_id, sis_id, mod_id, grp_consultar, grp_inserir, grp_alterar, grp_excluir)
VALUES('5EE1E074-37D6-E911-ABD6-F81654FE895D', 1000, 29, 1, 0, 0, 0);
INSERT INTO CORESSO.dbo.SYS_GrupoPermissao
(gru_id, sis_id, mod_id, grp_consultar, grp_inserir, grp_alterar, grp_excluir)
VALUES('5EE1E074-37D6-E911-ABD6-F81654FE895D', 1000, 37, 0, 0, 0, 0);
INSERT INTO CORESSO.dbo.SYS_GrupoPermissao
(gru_id, sis_id, mod_id, grp_consultar, grp_inserir, grp_alterar, grp_excluir)
VALUES('5EE1E074-37D6-E911-ABD6-F81654FE895D', 1000, 42, 1, 1, 1, 1);
INSERT INTO CORESSO.dbo.SYS_GrupoPermissao
(gru_id, sis_id, mod_id, grp_consultar, grp_inserir, grp_alterar, grp_excluir)
VALUES('5EE1E074-37D6-E911-ABD6-F81654FE895D', 1000, 44, 1, 1, 1, 1);
INSERT INTO CORESSO.dbo.SYS_GrupoPermissao
(gru_id, sis_id, mod_id, grp_consultar, grp_inserir, grp_alterar, grp_excluir)
VALUES('5EE1E074-37D6-E911-ABD6-F81654FE895D', 1000, 60, 1, 0, 0, 0);
INSERT INTO CORESSO.dbo.SYS_GrupoPermissao
(gru_id, sis_id, mod_id, grp_consultar, grp_inserir, grp_alterar, grp_excluir)
VALUES('5EE1E074-37D6-E911-ABD6-F81654FE895D', 1000, 61, 1, 1, 1, 1);
INSERT INTO CORESSO.dbo.SYS_GrupoPermissao
(gru_id, sis_id, mod_id, grp_consultar, grp_inserir, grp_alterar, grp_excluir)
VALUES('5EE1E074-37D6-E911-ABD6-F81654FE895D', 1000, 63, 1, 0, 0, 0);
INSERT INTO CORESSO.dbo.SYS_GrupoPermissao
(gru_id, sis_id, mod_id, grp_consultar, grp_inserir, grp_alterar, grp_excluir)
VALUES('5EE1E074-37D6-E911-ABD6-F81654FE895D', 1000, 64, 1, 0, 0, 0);
INSERT INTO CORESSO.dbo.SYS_GrupoPermissao
(gru_id, sis_id, mod_id, grp_consultar, grp_inserir, grp_alterar, grp_excluir)
VALUES('5EE1E074-37D6-E911-ABD6-F81654FE895D', 1000, 65, 1, 0, 0, 0);
INSERT INTO CORESSO.dbo.SYS_GrupoPermissao
(gru_id, sis_id, mod_id, grp_consultar, grp_inserir, grp_alterar, grp_excluir)
VALUES('5EE1E074-37D6-E911-ABD6-F81654FE895D', 1000, 66, 1, 0, 0, 0);
INSERT INTO CORESSO.dbo.SYS_GrupoPermissao
(gru_id, sis_id, mod_id, grp_consultar, grp_inserir, grp_alterar, grp_excluir)
VALUES('5EE1E074-37D6-E911-ABD6-F81654FE895D', 1000, 68, 1, 0, 0, 0);
INSERT INTO CORESSO.dbo.SYS_GrupoPermissao
(gru_id, sis_id, mod_id, grp_consultar, grp_inserir, grp_alterar, grp_excluir)
VALUES('5FE1E074-37D6-E911-ABD6-F81654FE895D', 1000, 16, 1, 0, 0, 0);
INSERT INTO CORESSO.dbo.SYS_GrupoPermissao
(gru_id, sis_id, mod_id, grp_consultar, grp_inserir, grp_alterar, grp_excluir)
VALUES('5FE1E074-37D6-E911-ABD6-F81654FE895D', 1000, 17, 1, 0, 0, 0);
INSERT INTO CORESSO.dbo.SYS_GrupoPermissao
(gru_id, sis_id, mod_id, grp_consultar, grp_inserir, grp_alterar, grp_excluir)
VALUES('5FE1E074-37D6-E911-ABD6-F81654FE895D', 1000, 19, 1, 0, 0, 0);
INSERT INTO CORESSO.dbo.SYS_GrupoPermissao
(gru_id, sis_id, mod_id, grp_consultar, grp_inserir, grp_alterar, grp_excluir)
VALUES('5FE1E074-37D6-E911-ABD6-F81654FE895D', 1000, 20, 1, 0, 0, 0);
INSERT INTO CORESSO.dbo.SYS_GrupoPermissao
(gru_id, sis_id, mod_id, grp_consultar, grp_inserir, grp_alterar, grp_excluir)
VALUES('5FE1E074-37D6-E911-ABD6-F81654FE895D', 1000, 22, 1, 0, 0, 0);
INSERT INTO CORESSO.dbo.SYS_GrupoPermissao
(gru_id, sis_id, mod_id, grp_consultar, grp_inserir, grp_alterar, grp_excluir)
VALUES('5FE1E074-37D6-E911-ABD6-F81654FE895D', 1000, 23, 1, 1, 0, 0);
INSERT INTO CORESSO.dbo.SYS_GrupoPermissao
(gru_id, sis_id, mod_id, grp_consultar, grp_inserir, grp_alterar, grp_excluir)
VALUES('5FE1E074-37D6-E911-ABD6-F81654FE895D', 1000, 24, 1, 0, 0, 0);
INSERT INTO CORESSO.dbo.SYS_GrupoPermissao
(gru_id, sis_id, mod_id, grp_consultar, grp_inserir, grp_alterar, grp_excluir)
VALUES('5FE1E074-37D6-E911-ABD6-F81654FE895D', 1000, 25, 1, 0, 0, 0);
INSERT INTO CORESSO.dbo.SYS_GrupoPermissao
(gru_id, sis_id, mod_id, grp_consultar, grp_inserir, grp_alterar, grp_excluir)
VALUES('5FE1E074-37D6-E911-ABD6-F81654FE895D', 1000, 26, 1, 1, 1, 1);
INSERT INTO CORESSO.dbo.SYS_GrupoPermissao
(gru_id, sis_id, mod_id, grp_consultar, grp_inserir, grp_alterar, grp_excluir)
VALUES('5FE1E074-37D6-E911-ABD6-F81654FE895D', 1000, 28, 1, 1, 1, 1);
INSERT INTO CORESSO.dbo.SYS_GrupoPermissao
(gru_id, sis_id, mod_id, grp_consultar, grp_inserir, grp_alterar, grp_excluir)
VALUES('5FE1E074-37D6-E911-ABD6-F81654FE895D', 1000, 29, 1, 0, 0, 0);
INSERT INTO CORESSO.dbo.SYS_GrupoPermissao
(gru_id, sis_id, mod_id, grp_consultar, grp_inserir, grp_alterar, grp_excluir)
VALUES('5FE1E074-37D6-E911-ABD6-F81654FE895D', 1000, 32, 1, 0, 0, 0);
INSERT INTO CORESSO.dbo.SYS_GrupoPermissao
(gru_id, sis_id, mod_id, grp_consultar, grp_inserir, grp_alterar, grp_excluir)
VALUES('5FE1E074-37D6-E911-ABD6-F81654FE895D', 1000, 33, 1, 0, 0, 0);
INSERT INTO CORESSO.dbo.SYS_GrupoPermissao
(gru_id, sis_id, mod_id, grp_consultar, grp_inserir, grp_alterar, grp_excluir)
VALUES('5FE1E074-37D6-E911-ABD6-F81654FE895D', 1000, 34, 1, 0, 0, 0);
INSERT INTO CORESSO.dbo.SYS_GrupoPermissao
(gru_id, sis_id, mod_id, grp_consultar, grp_inserir, grp_alterar, grp_excluir)
VALUES('5FE1E074-37D6-E911-ABD6-F81654FE895D', 1000, 37, 1, 0, 0, 0);
INSERT INTO CORESSO.dbo.SYS_GrupoPermissao
(gru_id, sis_id, mod_id, grp_consultar, grp_inserir, grp_alterar, grp_excluir)
VALUES('5FE1E074-37D6-E911-ABD6-F81654FE895D', 1000, 40, 1, 0, 0, 0);
INSERT INTO CORESSO.dbo.SYS_GrupoPermissao
(gru_id, sis_id, mod_id, grp_consultar, grp_inserir, grp_alterar, grp_excluir)
VALUES('5FE1E074-37D6-E911-ABD6-F81654FE895D', 1000, 41, 1, 1, 0, 0);
INSERT INTO CORESSO.dbo.SYS_GrupoPermissao
(gru_id, sis_id, mod_id, grp_consultar, grp_inserir, grp_alterar, grp_excluir)
VALUES('5FE1E074-37D6-E911-ABD6-F81654FE895D', 1000, 42, 1, 0, 0, 0);
INSERT INTO CORESSO.dbo.SYS_GrupoPermissao
(gru_id, sis_id, mod_id, grp_consultar, grp_inserir, grp_alterar, grp_excluir)
VALUES('5FE1E074-37D6-E911-ABD6-F81654FE895D', 1000, 46, 1, 0, 0, 0);
INSERT INTO CORESSO.dbo.SYS_GrupoPermissao
(gru_id, sis_id, mod_id, grp_consultar, grp_inserir, grp_alterar, grp_excluir)
VALUES('5FE1E074-37D6-E911-ABD6-F81654FE895D', 1000, 47, 1, 0, 0, 0);
INSERT INTO CORESSO.dbo.SYS_GrupoPermissao
(gru_id, sis_id, mod_id, grp_consultar, grp_inserir, grp_alterar, grp_excluir)
VALUES('5FE1E074-37D6-E911-ABD6-F81654FE895D', 1000, 48, 1, 0, 0, 0);
INSERT INTO CORESSO.dbo.SYS_GrupoPermissao
(gru_id, sis_id, mod_id, grp_consultar, grp_inserir, grp_alterar, grp_excluir)
VALUES('5FE1E074-37D6-E911-ABD6-F81654FE895D', 1000, 49, 1, 0, 0, 0);
INSERT INTO CORESSO.dbo.SYS_GrupoPermissao
(gru_id, sis_id, mod_id, grp_consultar, grp_inserir, grp_alterar, grp_excluir)
VALUES('5FE1E074-37D6-E911-ABD6-F81654FE895D', 1000, 50, 1, 0, 0, 0);
INSERT INTO CORESSO.dbo.SYS_GrupoPermissao
(gru_id, sis_id, mod_id, grp_consultar, grp_inserir, grp_alterar, grp_excluir)
VALUES('5FE1E074-37D6-E911-ABD6-F81654FE895D', 1000, 51, 1, 0, 0, 0);
INSERT INTO CORESSO.dbo.SYS_GrupoPermissao
(gru_id, sis_id, mod_id, grp_consultar, grp_inserir, grp_alterar, grp_excluir)
VALUES('5FE1E074-37D6-E911-ABD6-F81654FE895D', 1000, 52, 1, 0, 0, 0);
INSERT INTO CORESSO.dbo.SYS_GrupoPermissao
(gru_id, sis_id, mod_id, grp_consultar, grp_inserir, grp_alterar, grp_excluir)
VALUES('5FE1E074-37D6-E911-ABD6-F81654FE895D', 1000, 54, 1, 0, 0, 0);
INSERT INTO CORESSO.dbo.SYS_GrupoPermissao
(gru_id, sis_id, mod_id, grp_consultar, grp_inserir, grp_alterar, grp_excluir)
VALUES('5FE1E074-37D6-E911-ABD6-F81654FE895D', 1000, 55, 1, 0, 0, 0);
INSERT INTO CORESSO.dbo.SYS_GrupoPermissao
(gru_id, sis_id, mod_id, grp_consultar, grp_inserir, grp_alterar, grp_excluir)
VALUES('5FE1E074-37D6-E911-ABD6-F81654FE895D', 1000, 56, 1, 0, 0, 0);
INSERT INTO CORESSO.dbo.SYS_GrupoPermissao
(gru_id, sis_id, mod_id, grp_consultar, grp_inserir, grp_alterar, grp_excluir)
VALUES('5FE1E074-37D6-E911-ABD6-F81654FE895D', 1000, 57, 1, 0, 0, 0);
INSERT INTO CORESSO.dbo.SYS_GrupoPermissao
(gru_id, sis_id, mod_id, grp_consultar, grp_inserir, grp_alterar, grp_excluir)
VALUES('5FE1E074-37D6-E911-ABD6-F81654FE895D', 1000, 58, 1, 0, 0, 0);
INSERT INTO CORESSO.dbo.SYS_GrupoPermissao
(gru_id, sis_id, mod_id, grp_consultar, grp_inserir, grp_alterar, grp_excluir)
VALUES('5FE1E074-37D6-E911-ABD6-F81654FE895D', 1000, 59, 1, 0, 0, 0);
INSERT INTO CORESSO.dbo.SYS_GrupoPermissao
(gru_id, sis_id, mod_id, grp_consultar, grp_inserir, grp_alterar, grp_excluir)
VALUES('5FE1E074-37D6-E911-ABD6-F81654FE895D', 1000, 60, 1, 0, 0, 0);
INSERT INTO CORESSO.dbo.SYS_GrupoPermissao
(gru_id, sis_id, mod_id, grp_consultar, grp_inserir, grp_alterar, grp_excluir)
VALUES('5FE1E074-37D6-E911-ABD6-F81654FE895D', 1000, 61, 1, 0, 0, 0);
INSERT INTO CORESSO.dbo.SYS_GrupoPermissao
(gru_id, sis_id, mod_id, grp_consultar, grp_inserir, grp_alterar, grp_excluir)
VALUES('5FE1E074-37D6-E911-ABD6-F81654FE895D', 1000, 63, 1, 0, 0, 0);
INSERT INTO CORESSO.dbo.SYS_GrupoPermissao
(gru_id, sis_id, mod_id, grp_consultar, grp_inserir, grp_alterar, grp_excluir)
VALUES('5FE1E074-37D6-E911-ABD6-F81654FE895D', 1000, 64, 1, 0, 0, 0);
INSERT INTO CORESSO.dbo.SYS_GrupoPermissao
(gru_id, sis_id, mod_id, grp_consultar, grp_inserir, grp_alterar, grp_excluir)
VALUES('5FE1E074-37D6-E911-ABD6-F81654FE895D', 1000, 65, 1, 0, 0, 0);
INSERT INTO CORESSO.dbo.SYS_GrupoPermissao
(gru_id, sis_id, mod_id, grp_consultar, grp_inserir, grp_alterar, grp_excluir)
VALUES('5FE1E074-37D6-E911-ABD6-F81654FE895D', 1000, 66, 1, 0, 0, 0);
INSERT INTO CORESSO.dbo.SYS_GrupoPermissao
(gru_id, sis_id, mod_id, grp_consultar, grp_inserir, grp_alterar, grp_excluir)
VALUES('5FE1E074-37D6-E911-ABD6-F81654FE895D', 1000, 68, 1, 0, 0, 0);
INSERT INTO CORESSO.dbo.SYS_GrupoPermissao
(gru_id, sis_id, mod_id, grp_consultar, grp_inserir, grp_alterar, grp_excluir)
VALUES('5FE1E074-37D6-E911-ABD6-F81654FE895D', 1000, 69, 1, 0, 0, 0);
INSERT INTO CORESSO.dbo.SYS_GrupoPermissao
(gru_id, sis_id, mod_id, grp_consultar, grp_inserir, grp_alterar, grp_excluir)
VALUES('5FE1E074-37D6-E911-ABD6-F81654FE895D', 1000, 70, 1, 0, 0, 0);
INSERT INTO CORESSO.dbo.SYS_GrupoPermissao
(gru_id, sis_id, mod_id, grp_consultar, grp_inserir, grp_alterar, grp_excluir)
VALUES('60E1E074-37D6-E911-ABD6-F81654FE895D', 1000, 18, 1, 1, 1, 1);
INSERT INTO CORESSO.dbo.SYS_GrupoPermissao
(gru_id, sis_id, mod_id, grp_consultar, grp_inserir, grp_alterar, grp_excluir)
VALUES('60E1E074-37D6-E911-ABD6-F81654FE895D', 1000, 24, 1, 1, 1, 1);
INSERT INTO CORESSO.dbo.SYS_GrupoPermissao
(gru_id, sis_id, mod_id, grp_consultar, grp_inserir, grp_alterar, grp_excluir)
VALUES('60E1E074-37D6-E911-ABD6-F81654FE895D', 1000, 26, 1, 0, 0, 0);
INSERT INTO CORESSO.dbo.SYS_GrupoPermissao
(gru_id, sis_id, mod_id, grp_consultar, grp_inserir, grp_alterar, grp_excluir)
VALUES('60E1E074-37D6-E911-ABD6-F81654FE895D', 1000, 28, 1, 1, 1, 1);
INSERT INTO CORESSO.dbo.SYS_GrupoPermissao
(gru_id, sis_id, mod_id, grp_consultar, grp_inserir, grp_alterar, grp_excluir)
VALUES('60E1E074-37D6-E911-ABD6-F81654FE895D', 1000, 29, 1, 0, 0, 0);
INSERT INTO CORESSO.dbo.SYS_GrupoPermissao
(gru_id, sis_id, mod_id, grp_consultar, grp_inserir, grp_alterar, grp_excluir)
VALUES('60E1E074-37D6-E911-ABD6-F81654FE895D', 1000, 42, 1, 1, 1, 1);
INSERT INTO CORESSO.dbo.SYS_GrupoPermissao
(gru_id, sis_id, mod_id, grp_consultar, grp_inserir, grp_alterar, grp_excluir)
VALUES('60E1E074-37D6-E911-ABD6-F81654FE895D', 1000, 57, 1, 1, 1, 1);
INSERT INTO CORESSO.dbo.SYS_GrupoPermissao
(gru_id, sis_id, mod_id, grp_consultar, grp_inserir, grp_alterar, grp_excluir)
VALUES('60E1E074-37D6-E911-ABD6-F81654FE895D', 1000, 58, 1, 1, 1, 1);
INSERT INTO CORESSO.dbo.SYS_GrupoPermissao
(gru_id, sis_id, mod_id, grp_consultar, grp_inserir, grp_alterar, grp_excluir)
VALUES('60E1E074-37D6-E911-ABD6-F81654FE895D', 1000, 60, 1, 0, 0, 0);
INSERT INTO CORESSO.dbo.SYS_GrupoPermissao
(gru_id, sis_id, mod_id, grp_consultar, grp_inserir, grp_alterar, grp_excluir)
VALUES('60E1E074-37D6-E911-ABD6-F81654FE895D', 1000, 63, 1, 0, 0, 0);
INSERT INTO CORESSO.dbo.SYS_GrupoPermissao
(gru_id, sis_id, mod_id, grp_consultar, grp_inserir, grp_alterar, grp_excluir)
VALUES('60E1E074-37D6-E911-ABD6-F81654FE895D', 1000, 64, 1, 0, 0, 0);
INSERT INTO CORESSO.dbo.SYS_GrupoPermissao
(gru_id, sis_id, mod_id, grp_consultar, grp_inserir, grp_alterar, grp_excluir)
VALUES('60E1E074-37D6-E911-ABD6-F81654FE895D', 1000, 65, 1, 0, 0, 0);
INSERT INTO CORESSO.dbo.SYS_GrupoPermissao
(gru_id, sis_id, mod_id, grp_consultar, grp_inserir, grp_alterar, grp_excluir)
VALUES('60E1E074-37D6-E911-ABD6-F81654FE895D', 1000, 66, 1, 0, 0, 0);
INSERT INTO CORESSO.dbo.SYS_GrupoPermissao
(gru_id, sis_id, mod_id, grp_consultar, grp_inserir, grp_alterar, grp_excluir)
VALUES('60E1E074-37D6-E911-ABD6-F81654FE895D', 1000, 68, 1, 0, 0, 0);
INSERT INTO CORESSO.dbo.SYS_GrupoPermissao
(gru_id, sis_id, mod_id, grp_consultar, grp_inserir, grp_alterar, grp_excluir)
VALUES('60E1E074-37D6-E911-ABD6-F81654FE895D', 1000, 69, 1, 1, 1, 1);
INSERT INTO CORESSO.dbo.SYS_GrupoPermissao
(gru_id, sis_id, mod_id, grp_consultar, grp_inserir, grp_alterar, grp_excluir)
VALUES('60E1E074-37D6-E911-ABD6-F81654FE895D', 1000, 70, 1, 1, 1, 1);
INSERT INTO CORESSO.dbo.SYS_GrupoPermissao
(gru_id, sis_id, mod_id, grp_consultar, grp_inserir, grp_alterar, grp_excluir)
VALUES('61E1E074-37D6-E911-ABD6-F81654FE895D', 1000, 18, 1, 1, 1, 1);
INSERT INTO CORESSO.dbo.SYS_GrupoPermissao
(gru_id, sis_id, mod_id, grp_consultar, grp_inserir, grp_alterar, grp_excluir)
VALUES('61E1E074-37D6-E911-ABD6-F81654FE895D', 1000, 24, 1, 1, 1, 1);
INSERT INTO CORESSO.dbo.SYS_GrupoPermissao
(gru_id, sis_id, mod_id, grp_consultar, grp_inserir, grp_alterar, grp_excluir)
VALUES('61E1E074-37D6-E911-ABD6-F81654FE895D', 1000, 26, 1, 1, 1, 1);
INSERT INTO CORESSO.dbo.SYS_GrupoPermissao
(gru_id, sis_id, mod_id, grp_consultar, grp_inserir, grp_alterar, grp_excluir)
VALUES('61E1E074-37D6-E911-ABD6-F81654FE895D', 1000, 28, 1, 1, 1, 1);
INSERT INTO CORESSO.dbo.SYS_GrupoPermissao
(gru_id, sis_id, mod_id, grp_consultar, grp_inserir, grp_alterar, grp_excluir)
VALUES('61E1E074-37D6-E911-ABD6-F81654FE895D', 1000, 29, 1, 0, 0, 0);
INSERT INTO CORESSO.dbo.SYS_GrupoPermissao
(gru_id, sis_id, mod_id, grp_consultar, grp_inserir, grp_alterar, grp_excluir)
VALUES('61E1E074-37D6-E911-ABD6-F81654FE895D', 1000, 42, 1, 1, 1, 1);
INSERT INTO CORESSO.dbo.SYS_GrupoPermissao
(gru_id, sis_id, mod_id, grp_consultar, grp_inserir, grp_alterar, grp_excluir)
VALUES('61E1E074-37D6-E911-ABD6-F81654FE895D', 1000, 57, 1, 1, 1, 1);
INSERT INTO CORESSO.dbo.SYS_GrupoPermissao
(gru_id, sis_id, mod_id, grp_consultar, grp_inserir, grp_alterar, grp_excluir)
VALUES('61E1E074-37D6-E911-ABD6-F81654FE895D', 1000, 58, 1, 1, 1, 1);
INSERT INTO CORESSO.dbo.SYS_GrupoPermissao
(gru_id, sis_id, mod_id, grp_consultar, grp_inserir, grp_alterar, grp_excluir)
VALUES('61E1E074-37D6-E911-ABD6-F81654FE895D', 1000, 60, 1, 0, 0, 0);
INSERT INTO CORESSO.dbo.SYS_GrupoPermissao
(gru_id, sis_id, mod_id, grp_consultar, grp_inserir, grp_alterar, grp_excluir)
VALUES('61E1E074-37D6-E911-ABD6-F81654FE895D', 1000, 63, 1, 0, 0, 0);
INSERT INTO CORESSO.dbo.SYS_GrupoPermissao
(gru_id, sis_id, mod_id, grp_consultar, grp_inserir, grp_alterar, grp_excluir)
VALUES('61E1E074-37D6-E911-ABD6-F81654FE895D', 1000, 64, 1, 0, 0, 0);
INSERT INTO CORESSO.dbo.SYS_GrupoPermissao
(gru_id, sis_id, mod_id, grp_consultar, grp_inserir, grp_alterar, grp_excluir)
VALUES('61E1E074-37D6-E911-ABD6-F81654FE895D', 1000, 65, 1, 0, 0, 0);
INSERT INTO CORESSO.dbo.SYS_GrupoPermissao
(gru_id, sis_id, mod_id, grp_consultar, grp_inserir, grp_alterar, grp_excluir)
VALUES('61E1E074-37D6-E911-ABD6-F81654FE895D', 1000, 66, 1, 0, 0, 0);
INSERT INTO CORESSO.dbo.SYS_GrupoPermissao
(gru_id, sis_id, mod_id, grp_consultar, grp_inserir, grp_alterar, grp_excluir)
VALUES('61E1E074-37D6-E911-ABD6-F81654FE895D', 1000, 68, 1, 0, 0, 0);
INSERT INTO CORESSO.dbo.SYS_GrupoPermissao
(gru_id, sis_id, mod_id, grp_consultar, grp_inserir, grp_alterar, grp_excluir)
VALUES('61E1E074-37D6-E911-ABD6-F81654FE895D', 1000, 69, 1, 1, 1, 1);
INSERT INTO CORESSO.dbo.SYS_GrupoPermissao
(gru_id, sis_id, mod_id, grp_consultar, grp_inserir, grp_alterar, grp_excluir)
VALUES('61E1E074-37D6-E911-ABD6-F81654FE895D', 1000, 70, 1, 1, 1, 1);
INSERT INTO CORESSO.dbo.SYS_GrupoPermissao
(gru_id, sis_id, mod_id, grp_consultar, grp_inserir, grp_alterar, grp_excluir)
VALUES('62E1E074-37D6-E911-ABD6-F81654FE895D', 1000, 20, 1, 0, 0, 0);
INSERT INTO CORESSO.dbo.SYS_GrupoPermissao
(gru_id, sis_id, mod_id, grp_consultar, grp_inserir, grp_alterar, grp_excluir)
VALUES('62E1E074-37D6-E911-ABD6-F81654FE895D', 1000, 24, 1, 0, 0, 0);
INSERT INTO CORESSO.dbo.SYS_GrupoPermissao
(gru_id, sis_id, mod_id, grp_consultar, grp_inserir, grp_alterar, grp_excluir)
VALUES('62E1E074-37D6-E911-ABD6-F81654FE895D', 1000, 26, 1, 1, 1, 1);
INSERT INTO CORESSO.dbo.SYS_GrupoPermissao
(gru_id, sis_id, mod_id, grp_consultar, grp_inserir, grp_alterar, grp_excluir)
VALUES('62E1E074-37D6-E911-ABD6-F81654FE895D', 1000, 28, 1, 1, 1, 1);
INSERT INTO CORESSO.dbo.SYS_GrupoPermissao
(gru_id, sis_id, mod_id, grp_consultar, grp_inserir, grp_alterar, grp_excluir)
VALUES('62E1E074-37D6-E911-ABD6-F81654FE895D', 1000, 37, 1, 0, 0, 0);
INSERT INTO CORESSO.dbo.SYS_GrupoPermissao
(gru_id, sis_id, mod_id, grp_consultar, grp_inserir, grp_alterar, grp_excluir)
VALUES('62E1E074-37D6-E911-ABD6-F81654FE895D', 1000, 70, 1, 1, 1, 1);
INSERT INTO CORESSO.dbo.SYS_GrupoPermissao
(gru_id, sis_id, mod_id, grp_consultar, grp_inserir, grp_alterar, grp_excluir)
VALUES('5AF1E074-37D6-E911-ABD6-F81654FE895D', 1000, 28, 1, 1, 1, 1);
INSERT INTO CORESSO.dbo.SYS_GrupoPermissao
(gru_id, sis_id, mod_id, grp_consultar, grp_inserir, grp_alterar, grp_excluir)
VALUES('5AF1E074-37D6-E911-ABD6-F81654FE895D', 1000, 53, 1, 1, 1, 1);
INSERT INTO CORESSO.dbo.SYS_GrupoPermissao
(gru_id, sis_id, mod_id, grp_consultar, grp_inserir, grp_alterar, grp_excluir)
VALUES('5AF1E074-37D6-E911-ABD6-F81654FE895D', 1000, 60, 1, 0, 0, 0);
INSERT INTO CORESSO.dbo.SYS_GrupoPermissao
(gru_id, sis_id, mod_id, grp_consultar, grp_inserir, grp_alterar, grp_excluir)
VALUES('5AF1E074-37D6-E911-ABD6-F81654FE895D', 1000, 62, 1, 0, 0, 0);











