"id","compensacao_ausencia_id","codigo_aluno","qtd_faltas_compensadas","notificado","criado_em","criado_por","alterado_em","alterado_por","criado_rf","alterado_rf","excluido"
1,1,"5143547",10,true,2020-05-28 14:49:27,CELINA CARVALHO GALDINO DA SILVA,2020-05-28 14:59:28,CELINA CARVALHO GALDINO DA SILVA,"8396434","8396434",true
7,2,"7334663",10,true,2020-05-28 15:07:00,CELINA CARVALHO GALDINO DA SILVA,2020-05-28 15:14:38,CELINA CARVALHO GALDINO DA SILVA,"8396434","8396434",true
6,2,"5748396",9,true,2020-05-28 15:07:00,CELINA CARVALHO GALDINO DA SILVA,2020-05-28 15:14:38,CELINA CARVALHO GALDINO DA SILVA,"8396434","8396434",true
5,2,"5622211",10,true,2020-05-28 15:07:00,CELINA CARVALHO GALDINO DA SILVA,2020-05-28 15:14:38,CELINA CARVALHO GALDINO DA SILVA,"8396434","8396434",true
4,2,"5621282",10,true,2020-05-28 15:07:00,CELINA CARVALHO GALDINO DA SILVA,2020-05-28 15:14:38,CELINA CARVALHO GALDINO DA SILVA,"8396434","8396434",true
3,2,"5143547",10,true,2020-05-28 15:07:00,CELINA CARVALHO GALDINO DA SILVA,2020-05-28 15:14:38,CELINA CARVALHO GALDINO DA SILVA,"8396434","8396434",true
2,2,"4951632",10,true,2020-05-28 15:07:00,CELINA CARVALHO GALDINO DA SILVA,2020-05-28 15:14:38,CELINA CARVALHO GALDINO DA SILVA,"8396434","8396434",true
14,3,"7334663",10,true,2020-05-28 15:18:51,CELINA CARVALHO GALDINO DA SILVA,2020-05-28 15:18:54,MARCELO DE PAOLA MARIN,"8396434","5326613",false
13,3,"5622211",10,true,2020-05-28 15:18:51,CELINA CARVALHO GALDINO DA SILVA,2020-05-28 15:18:54,MARCELO DE PAOLA MARIN,"8396434","5326613",false
12,3,"5621282",10,true,2020-05-28 15:18:51,CELINA CARVALHO GALDINO DA SILVA,2020-05-28 15:18:54,MARCELO DE PAOLA MARIN,"8396434","5326613",false
11,3,"5591999",10,true,2020-05-28 15:18:51,CELINA CARVALHO GALDINO DA SILVA,2020-05-28 15:18:54,MARCELO DE PAOLA MARIN,"8396434","5326613",false
10,3,"5143547",10,true,2020-05-28 15:18:51,CELINA CARVALHO GALDINO DA SILVA,2020-05-28 15:18:54,MARCELO DE PAOLA MARIN,"8396434","5326613",false
9,3,"4951632",10,true,2020-05-28 15:18:51,CELINA CARVALHO GALDINO DA SILVA,2020-05-28 15:18:54,MARCELO DE PAOLA MARIN,"8396434","5326613",false
8,3,"5748396",9,true,2020-05-28 15:18:51,CELINA CARVALHO GALDINO DA SILVA,2020-05-28 15:18:54,MARCELO DE PAOLA MARIN,"8396434","5326613",false
15,4,"4546916",0,false,2020-05-31 17:46:26,MARIA APARECIDA RODRIGUES ALVES,2020-05-31 17:46:59,MARIA APARECIDA RODRIGUES ALVES,"8096252","8096252",true
502,19,"4366259",0,false,2020-07-15 11:32:45,CLAUDIA DE CASSIA MARQUES DE MELLO,,,"7249942",,false
506,19,"4629563",5,true,2020-07-15 11:32:45,CLAUDIA DE CASSIA MARQUES DE MELLO,2020-07-15 11:32:51,SERGIO PEREIRA,"7249942","8214913",false
504,19,"4625953",5,true,2020-07-15 11:32:45,CLAUDIA DE CASSIA MARQUES DE MELLO,2020-07-15 11:32:51,SERGIO PEREIRA,"7249942","8214913",false
503,19,"4499746",5,true,2020-07-15 11:32:45,CLAUDIA DE CASSIA MARQUES DE MELLO,2020-07-15 11:32:51,SERGIO PEREIRA,"7249942","8214913",false
501,19,"4229472",5,true,2020-07-15 11:32:45,CLAUDIA DE CASSIA MARQUES DE MELLO,2020-07-15 11:32:51,SERGIO PEREIRA,"7249942","8214913",false
500,19,"4209945",5,true,2020-07-15 11:32:45,CLAUDIA DE CASSIA MARQUES DE MELLO,2020-07-15 11:32:51,SERGIO PEREIRA,"7249942","8214913",false
499,19,"4098595",5,true,2020-07-15 11:32:45,CLAUDIA DE CASSIA MARQUES DE MELLO,2020-07-15 11:32:51,SERGIO PEREIRA,"7249942","8214913",false
125,7,"4227289",5,true,2020-06-29 20:33:23,MARIA JOSE DA SILVA,2020-06-29 20:33:27,LUCIA APARECIDA GONCALVES BELARQUINO,"7206101","7946082",false
126,7,"4490869",5,true,2020-06-29 20:33:23,MARIA JOSE DA SILVA,2020-06-29 20:33:27,LUCIA APARECIDA GONCALVES BELARQUINO,"7206101","7946082",false
127,7,"4499798",5,true,2020-06-29 20:33:23,MARIA JOSE DA SILVA,2020-06-29 20:33:27,LUCIA APARECIDA GONCALVES BELARQUINO,"7206101","7946082",false
135,7,"4765097",5,true,2020-06-29 20:33:23,MARIA JOSE DA SILVA,2020-06-29 20:33:27,LUCIA APARECIDA GONCALVES BELARQUINO,"7206101","7946082",false
136,7,"4765554",5,true,2020-06-29 20:33:23,MARIA JOSE DA SILVA,2020-06-29 20:33:27,LUCIA APARECIDA GONCALVES BELARQUINO,"7206101","7946082",false
137,7,"4770466",5,true,2020-06-29 20:33:23,MARIA JOSE DA SILVA,2020-06-29 20:33:27,LUCIA APARECIDA GONCALVES BELARQUINO,"7206101","7946082",false
138,7,"4774530",5,true,2020-06-29 20:33:23,MARIA JOSE DA SILVA,2020-06-29 20:33:27,LUCIA APARECIDA GONCALVES BELARQUINO,"7206101","7946082",false
40,5,"3920363",5,true,2020-06-29 17:29:13,MARIA JOSE DA SILVA,2020-06-29 19:26:16,MARIA JOSE DA SILVA,"7206101","7206101",false
39,5,"3890696",5,true,2020-06-29 17:29:13,MARIA JOSE DA SILVA,2020-06-29 19:26:16,MARIA JOSE DA SILVA,"7206101","7206101",false
38,5,"3765965",5,true,2020-06-29 17:29:13,MARIA JOSE DA SILVA,2020-06-29 19:26:16,MARIA JOSE DA SILVA,"7206101","7206101",false
37,5,"3700148",5,true,2020-06-29 17:29:13,MARIA JOSE DA SILVA,2020-06-29 19:26:16,MARIA JOSE DA SILVA,"7206101","7206101",false
36,5,"3626747",5,true,2020-06-29 17:29:13,MARIA JOSE DA SILVA,2020-06-29 19:26:16,MARIA JOSE DA SILVA,"7206101","7206101",false
35,5,"3425617",5,true,2020-06-29 17:29:13,MARIA JOSE DA SILVA,2020-06-29 19:26:16,MARIA JOSE DA SILVA,"7206101","7206101",false
34,5,"3415550",5,true,2020-06-29 17:29:13,MARIA JOSE DA SILVA,2020-06-29 19:26:16,MARIA JOSE DA SILVA,"7206101","7206101",false
33,5,"3371893",5,true,2020-06-29 17:29:13,MARIA JOSE DA SILVA,2020-06-29 19:26:16,MARIA JOSE DA SILVA,"7206101","7206101",false
32,5,"3228382",5,true,2020-06-29 17:29:13,MARIA JOSE DA SILVA,2020-06-29 19:26:16,MARIA JOSE DA SILVA,"7206101","7206101",false
31,5,"3177670",5,true,2020-06-29 17:29:13,MARIA JOSE DA SILVA,2020-06-29 19:26:16,MARIA JOSE DA SILVA,"7206101","7206101",false
30,5,"2994164",5,true,2020-06-29 17:29:13,MARIA JOSE DA SILVA,2020-06-29 19:26:16,MARIA JOSE DA SILVA,"7206101","7206101",false
139,7,"4775594",5,true,2020-06-29 20:33:23,MARIA JOSE DA SILVA,2020-06-29 20:33:27,LUCIA APARECIDA GONCALVES BELARQUINO,"7206101","7946082",false
140,7,"4833940",5,true,2020-06-29 20:33:23,MARIA JOSE DA SILVA,2020-06-29 20:33:27,LUCIA APARECIDA GONCALVES BELARQUINO,"7206101","7946082",false
141,7,"4869649",5,true,2020-06-29 20:33:23,MARIA JOSE DA SILVA,2020-06-29 20:33:27,LUCIA APARECIDA GONCALVES BELARQUINO,"7206101","7946082",false
142,7,"4919483",5,true,2020-06-29 20:33:23,MARIA JOSE DA SILVA,2020-06-29 20:33:27,LUCIA APARECIDA GONCALVES BELARQUINO,"7206101","7946082",false
183,8,"5436598",5,true,2020-06-29 20:42:13,MARIA JOSE DA SILVA,2020-06-29 20:42:20,LUCIA APARECIDA GONCALVES BELARQUINO,"7206101","7946082",false
184,8,"5541715",5,true,2020-06-29 20:42:13,MARIA JOSE DA SILVA,2020-06-29 20:42:20,LUCIA APARECIDA GONCALVES BELARQUINO,"7206101","7946082",false
185,8,"5833963",5,true,2020-06-29 20:42:13,MARIA JOSE DA SILVA,2020-06-29 20:42:20,LUCIA APARECIDA GONCALVES BELARQUINO,"7206101","7946082",false
186,8,"5886286",5,true,2020-06-29 20:42:13,MARIA JOSE DA SILVA,2020-06-29 20:42:20,LUCIA APARECIDA GONCALVES BELARQUINO,"7206101","7946082",false
187,8,"6081932",5,true,2020-06-29 20:42:13,MARIA JOSE DA SILVA,2020-06-29 20:42:20,LUCIA APARECIDA GONCALVES BELARQUINO,"7206101","7946082",false
188,8,"6513397",5,true,2020-06-29 20:42:13,MARIA JOSE DA SILVA,2020-06-29 20:42:20,LUCIA APARECIDA GONCALVES BELARQUINO,"7206101","7946082",false
128,7,"4602548",5,true,2020-06-29 20:33:23,MARIA JOSE DA SILVA,2020-06-29 20:33:27,LUCIA APARECIDA GONCALVES BELARQUINO,"7206101","7946082",false
129,7,"4659539",5,true,2020-06-29 20:33:23,MARIA JOSE DA SILVA,2020-06-29 20:33:27,LUCIA APARECIDA GONCALVES BELARQUINO,"7206101","7946082",false
130,7,"4683682",5,true,2020-06-29 20:33:23,MARIA JOSE DA SILVA,2020-06-29 20:33:27,LUCIA APARECIDA GONCALVES BELARQUINO,"7206101","7946082",false
131,7,"4702769",5,true,2020-06-29 20:33:23,MARIA JOSE DA SILVA,2020-06-29 20:33:27,LUCIA APARECIDA GONCALVES BELARQUINO,"7206101","7946082",false
132,7,"4747488",5,true,2020-06-29 20:33:23,MARIA JOSE DA SILVA,2020-06-29 20:33:27,LUCIA APARECIDA GONCALVES BELARQUINO,"7206101","7946082",false
133,7,"4755196",5,true,2020-06-29 20:33:23,MARIA JOSE DA SILVA,2020-06-29 20:33:27,LUCIA APARECIDA GONCALVES BELARQUINO,"7206101","7946082",false
134,7,"4755200",5,true,2020-06-29 20:33:23,MARIA JOSE DA SILVA,2020-06-29 20:33:27,LUCIA APARECIDA GONCALVES BELARQUINO,"7206101","7946082",false
143,7,"4936267",5,true,2020-06-29 20:33:23,MARIA JOSE DA SILVA,2020-06-29 20:33:27,LUCIA APARECIDA GONCALVES BELARQUINO,"7206101","7946082",false
144,7,"5007030",5,true,2020-06-29 20:33:23,MARIA JOSE DA SILVA,2020-06-29 20:33:27,LUCIA APARECIDA GONCALVES BELARQUINO,"7206101","7946082",false
145,7,"5007651",5,true,2020-06-29 20:33:23,MARIA JOSE DA SILVA,2020-06-29 20:33:27,LUCIA APARECIDA GONCALVES BELARQUINO,"7206101","7946082",false
146,7,"5051245",5,true,2020-06-29 20:33:23,MARIA JOSE DA SILVA,2020-06-29 20:33:27,LUCIA APARECIDA GONCALVES BELARQUINO,"7206101","7946082",false
147,7,"5107730",5,true,2020-06-29 20:33:23,MARIA JOSE DA SILVA,2020-06-29 20:33:27,LUCIA APARECIDA GONCALVES BELARQUINO,"7206101","7946082",false
148,7,"5122382",5,true,2020-06-29 20:33:23,MARIA JOSE DA SILVA,2020-06-29 20:33:27,LUCIA APARECIDA GONCALVES BELARQUINO,"7206101","7946082",false
149,7,"5254180",5,true,2020-06-29 20:33:23,MARIA JOSE DA SILVA,2020-06-29 20:33:27,LUCIA APARECIDA GONCALVES BELARQUINO,"7206101","7946082",false
150,7,"5293161",5,true,2020-06-29 20:33:23,MARIA JOSE DA SILVA,2020-06-29 20:33:27,LUCIA APARECIDA GONCALVES BELARQUINO,"7206101","7946082",false
151,7,"5294070",5,true,2020-06-29 20:33:23,MARIA JOSE DA SILVA,2020-06-29 20:33:27,LUCIA APARECIDA GONCALVES BELARQUINO,"7206101","7946082",false
152,7,"5967619",5,true,2020-06-29 20:33:23,MARIA JOSE DA SILVA,2020-06-29 20:33:27,LUCIA APARECIDA GONCALVES BELARQUINO,"7206101","7946082",false
153,7,"6044919",5,true,2020-06-29 20:33:23,MARIA JOSE DA SILVA,2020-06-29 20:33:27,LUCIA APARECIDA GONCALVES BELARQUINO,"7206101","7946082",false
154,7,"6568491",5,true,2020-06-29 20:33:23,MARIA JOSE DA SILVA,2020-06-29 20:33:27,LUCIA APARECIDA GONCALVES BELARQUINO,"7206101","7946082",false
155,7,"6812251",5,true,2020-06-29 20:33:23,MARIA JOSE DA SILVA,2020-06-29 20:33:27,LUCIA APARECIDA GONCALVES BELARQUINO,"7206101","7946082",false
156,7,"6899324",5,true,2020-06-29 20:33:23,MARIA JOSE DA SILVA,2020-06-29 20:33:27,LUCIA APARECIDA GONCALVES BELARQUINO,"7206101","7946082",false
512,19,"4768647",5,true,2020-07-15 11:32:45,CLAUDIA DE CASSIA MARQUES DE MELLO,2020-07-15 11:32:51,SERGIO PEREIRA,"7249942","8214913",false
200,9,"4768664",5,true,2020-06-29 20:54:11,MARIA JOSE DA SILVA,2020-06-29 20:54:14,RAQUEL SILVA,"7206101","6825281",false
201,9,"4773119",5,true,2020-06-29 20:54:11,MARIA JOSE DA SILVA,2020-06-29 20:54:14,RAQUEL SILVA,"7206101","6825281",false
511,19,"4768640",5,true,2020-07-15 11:32:45,CLAUDIA DE CASSIA MARQUES DE MELLO,2020-07-15 11:32:51,SERGIO PEREIRA,"7249942","8214913",false
510,19,"4768632",5,true,2020-07-15 11:32:45,CLAUDIA DE CASSIA MARQUES DE MELLO,2020-07-15 11:32:51,SERGIO PEREIRA,"7249942","8214913",false
509,19,"4730180",5,true,2020-07-15 11:32:45,CLAUDIA DE CASSIA MARQUES DE MELLO,2020-07-15 11:32:51,SERGIO PEREIRA,"7249942","8214913",false
508,19,"4696608",5,true,2020-07-15 11:32:45,CLAUDIA DE CASSIA MARQUES DE MELLO,2020-07-15 11:32:51,SERGIO PEREIRA,"7249942","8214913",false
68,5,"7546761",5,true,2020-06-29 17:29:13,MARIA JOSE DA SILVA,2020-06-29 19:26:16,MARIA JOSE DA SILVA,"7206101","7206101",false
67,5,"7542850",5,true,2020-06-29 17:29:13,MARIA JOSE DA SILVA,2020-06-29 19:26:16,MARIA JOSE DA SILVA,"7206101","7206101",false
66,5,"7538576",5,true,2020-06-29 17:29:13,MARIA JOSE DA SILVA,2020-06-29 19:26:16,MARIA JOSE DA SILVA,"7206101","7206101",false
65,5,"7537098",5,true,2020-06-29 17:29:13,MARIA JOSE DA SILVA,2020-06-29 19:26:16,MARIA JOSE DA SILVA,"7206101","7206101",false
64,5,"7526271",5,true,2020-06-29 17:29:13,MARIA JOSE DA SILVA,2020-06-29 19:26:16,MARIA JOSE DA SILVA,"7206101","7206101",false
63,5,"7308670",5,true,2020-06-29 17:29:13,MARIA JOSE DA SILVA,2020-06-29 19:26:16,MARIA JOSE DA SILVA,"7206101","7206101",false
62,5,"6817132",5,true,2020-06-29 17:29:13,MARIA JOSE DA SILVA,2020-06-29 19:26:16,MARIA JOSE DA SILVA,"7206101","7206101",false
61,5,"6597400",5,true,2020-06-29 17:29:13,MARIA JOSE DA SILVA,2020-06-29 19:26:16,MARIA JOSE DA SILVA,"7206101","7206101",false
60,5,"6108371",5,true,2020-06-29 17:29:13,MARIA JOSE DA SILVA,2020-06-29 19:26:16,MARIA JOSE DA SILVA,"7206101","7206101",false
59,5,"5953852",5,true,2020-06-29 17:29:13,MARIA JOSE DA SILVA,2020-06-29 19:26:16,MARIA JOSE DA SILVA,"7206101","7206101",false
58,5,"5833042",5,true,2020-06-29 17:29:13,MARIA JOSE DA SILVA,2020-06-29 19:26:16,MARIA JOSE DA SILVA,"7206101","7206101",false
57,5,"5418970",5,true,2020-06-29 17:29:13,MARIA JOSE DA SILVA,2020-06-29 19:26:16,MARIA JOSE DA SILVA,"7206101","7206101",false
71,6,"3720603",5,true,2020-06-29 19:13:18,MARIA JOSE DA SILVA,2020-06-29 19:24:01,MARIA JOSE DA SILVA,"7206101","7206101",false
84,6,"702158",5,true,2020-06-29 19:13:18,MARIA JOSE DA SILVA,2020-06-29 19:24:01,MARIA JOSE DA SILVA,"7206101","7206101",false
85,6,"7131047",5,true,2020-06-29 19:13:18,MARIA JOSE DA SILVA,2020-06-29 19:24:01,MARIA JOSE DA SILVA,"7206101","7206101",false
86,6,"3595319",5,true,2020-06-29 19:13:18,MARIA JOSE DA SILVA,2020-06-29 19:24:01,MARIA JOSE DA SILVA,"7206101","7206101",false
87,6,"4099979",5,true,2020-06-29 19:13:18,MARIA JOSE DA SILVA,2020-06-29 19:24:01,MARIA JOSE DA SILVA,"7206101","7206101",false
88,6,"7038830",5,true,2020-06-29 19:13:18,MARIA JOSE DA SILVA,2020-06-29 19:24:01,MARIA JOSE DA SILVA,"7206101","7206101",false
89,6,"7082659",5,true,2020-06-29 19:13:18,MARIA JOSE DA SILVA,2020-06-29 19:24:01,MARIA JOSE DA SILVA,"7206101","7206101",false
90,6,"3586893",5,true,2020-06-29 19:13:18,MARIA JOSE DA SILVA,2020-06-29 19:24:01,MARIA JOSE DA SILVA,"7206101","7206101",false
91,6,"2648947",5,true,2020-06-29 19:13:18,MARIA JOSE DA SILVA,2020-06-29 19:24:01,MARIA JOSE DA SILVA,"7206101","7206101",false
92,6,"7288585",5,true,2020-06-29 19:13:18,MARIA JOSE DA SILVA,2020-06-29 19:24:01,MARIA JOSE DA SILVA,"7206101","7206101",false
93,6,"7053385",5,true,2020-06-29 19:13:18,MARIA JOSE DA SILVA,2020-06-29 19:24:01,MARIA JOSE DA SILVA,"7206101","7206101",false
94,6,"6833658",5,true,2020-06-29 19:13:18,MARIA JOSE DA SILVA,2020-06-29 19:24:01,MARIA JOSE DA SILVA,"7206101","7206101",false
95,6,"5250380",5,true,2020-06-29 19:13:18,MARIA JOSE DA SILVA,2020-06-29 19:24:01,MARIA JOSE DA SILVA,"7206101","7206101",false
519,19,"4776679",5,true,2020-07-15 11:32:45,CLAUDIA DE CASSIA MARQUES DE MELLO,2020-07-15 11:32:51,SERGIO PEREIRA,"7249942","8214913",false
518,19,"4775980",5,true,2020-07-15 11:32:45,CLAUDIA DE CASSIA MARQUES DE MELLO,2020-07-15 11:32:51,SERGIO PEREIRA,"7249942","8214913",false
157,8,"4201892",5,true,2020-06-29 20:42:13,MARIA JOSE DA SILVA,2020-06-29 20:42:20,LUCIA APARECIDA GONCALVES BELARQUINO,"7206101","7946082",false
158,8,"4483810",5,true,2020-06-29 20:42:13,MARIA JOSE DA SILVA,2020-06-29 20:42:20,LUCIA APARECIDA GONCALVES BELARQUINO,"7206101","7946082",false
159,8,"4548906",5,true,2020-06-29 20:42:13,MARIA JOSE DA SILVA,2020-06-29 20:42:20,LUCIA APARECIDA GONCALVES BELARQUINO,"7206101","7946082",false
160,8,"4594705",5,true,2020-06-29 20:42:13,MARIA JOSE DA SILVA,2020-06-29 20:42:20,LUCIA APARECIDA GONCALVES BELARQUINO,"7206101","7946082",false
161,8,"4708107",5,true,2020-06-29 20:42:13,MARIA JOSE DA SILVA,2020-06-29 20:42:20,LUCIA APARECIDA GONCALVES BELARQUINO,"7206101","7946082",false
162,8,"4712042",5,true,2020-06-29 20:42:13,MARIA JOSE DA SILVA,2020-06-29 20:42:20,LUCIA APARECIDA GONCALVES BELARQUINO,"7206101","7946082",false
163,8,"4723235",5,true,2020-06-29 20:42:13,MARIA JOSE DA SILVA,2020-06-29 20:42:20,LUCIA APARECIDA GONCALVES BELARQUINO,"7206101","7946082",false
164,8,"4755198",5,true,2020-06-29 20:42:13,MARIA JOSE DA SILVA,2020-06-29 20:42:20,LUCIA APARECIDA GONCALVES BELARQUINO,"7206101","7946082",false
165,8,"4770472",5,true,2020-06-29 20:42:13,MARIA JOSE DA SILVA,2020-06-29 20:42:20,LUCIA APARECIDA GONCALVES BELARQUINO,"7206101","7946082",false
166,8,"4775981",5,true,2020-06-29 20:42:13,MARIA JOSE DA SILVA,2020-06-29 20:42:20,LUCIA APARECIDA GONCALVES BELARQUINO,"7206101","7946082",false
167,8,"4776630",5,true,2020-06-29 20:42:13,MARIA JOSE DA SILVA,2020-06-29 20:42:20,LUCIA APARECIDA GONCALVES BELARQUINO,"7206101","7946082",false
168,8,"4831738",5,true,2020-06-29 20:42:13,MARIA JOSE DA SILVA,2020-06-29 20:42:20,LUCIA APARECIDA GONCALVES BELARQUINO,"7206101","7946082",false
169,8,"4851662",5,true,2020-06-29 20:42:13,MARIA JOSE DA SILVA,2020-06-29 20:42:20,LUCIA APARECIDA GONCALVES BELARQUINO,"7206101","7946082",false
69,6,"2646173",5,true,2020-06-29 19:13:18,MARIA JOSE DA SILVA,2020-06-29 19:24:01,MARIA JOSE DA SILVA,"7206101","7206101",false
70,6,"3364588",5,true,2020-06-29 19:13:18,MARIA JOSE DA SILVA,2020-06-29 19:24:01,MARIA JOSE DA SILVA,"7206101","7206101",false
72,6,"7300656",5,true,2020-06-29 19:13:18,MARIA JOSE DA SILVA,2020-06-29 19:24:01,MARIA JOSE DA SILVA,"7206101","7206101",false
73,6,"3743355",5,true,2020-06-29 19:13:18,MARIA JOSE DA SILVA,2020-06-29 19:24:01,MARIA JOSE DA SILVA,"7206101","7206101",false
74,6,"2326072",5,true,2020-06-29 19:13:18,MARIA JOSE DA SILVA,2020-06-29 19:24:01,MARIA JOSE DA SILVA,"7206101","7206101",false
75,6,"4783317",5,true,2020-06-29 19:13:18,MARIA JOSE DA SILVA,2020-06-29 19:24:01,MARIA JOSE DA SILVA,"7206101","7206101",false
76,6,"7031753",5,true,2020-06-29 19:13:18,MARIA JOSE DA SILVA,2020-06-29 19:24:01,MARIA JOSE DA SILVA,"7206101","7206101",false
77,6,"3046468",5,true,2020-06-29 19:13:18,MARIA JOSE DA SILVA,2020-06-29 19:24:01,MARIA JOSE DA SILVA,"7206101","7206101",false
78,6,"3053707",5,true,2020-06-29 19:13:18,MARIA JOSE DA SILVA,2020-06-29 19:24:01,MARIA JOSE DA SILVA,"7206101","7206101",false
79,6,"4012379",5,true,2020-06-29 19:13:18,MARIA JOSE DA SILVA,2020-06-29 19:24:01,MARIA JOSE DA SILVA,"7206101","7206101",false
80,6,"7031227",5,true,2020-06-29 19:13:18,MARIA JOSE DA SILVA,2020-06-29 19:24:01,MARIA JOSE DA SILVA,"7206101","7206101",false
81,6,"7089942",5,true,2020-06-29 19:13:18,MARIA JOSE DA SILVA,2020-06-29 19:24:01,MARIA JOSE DA SILVA,"7206101","7206101",false
82,6,"2643989",5,true,2020-06-29 19:13:18,MARIA JOSE DA SILVA,2020-06-29 19:24:01,MARIA JOSE DA SILVA,"7206101","7206101",false
83,6,"3415550",5,true,2020-06-29 19:13:18,MARIA JOSE DA SILVA,2020-06-29 19:24:01,MARIA JOSE DA SILVA,"7206101","7206101",false
96,6,"7298024",5,true,2020-06-29 19:13:18,MARIA JOSE DA SILVA,2020-06-29 19:24:01,MARIA JOSE DA SILVA,"7206101","7206101",false
97,6,"4616357",5,true,2020-06-29 19:13:18,MARIA JOSE DA SILVA,2020-06-29 19:24:01,MARIA JOSE DA SILVA,"7206101","7206101",false
98,6,"3727309",5,true,2020-06-29 19:13:18,MARIA JOSE DA SILVA,2020-06-29 19:24:01,MARIA JOSE DA SILVA,"7206101","7206101",false
170,8,"4886351",5,true,2020-06-29 20:42:13,MARIA JOSE DA SILVA,2020-06-29 20:42:20,LUCIA APARECIDA GONCALVES BELARQUINO,"7206101","7946082",false
171,8,"4951874",5,true,2020-06-29 20:42:13,MARIA JOSE DA SILVA,2020-06-29 20:42:20,LUCIA APARECIDA GONCALVES BELARQUINO,"7206101","7946082",false
172,8,"4963697",5,true,2020-06-29 20:42:13,MARIA JOSE DA SILVA,2020-06-29 20:42:20,LUCIA APARECIDA GONCALVES BELARQUINO,"7206101","7946082",false
173,8,"4966232",5,true,2020-06-29 20:42:13,MARIA JOSE DA SILVA,2020-06-29 20:42:20,LUCIA APARECIDA GONCALVES BELARQUINO,"7206101","7946082",false
174,8,"5013787",5,true,2020-06-29 20:42:13,MARIA JOSE DA SILVA,2020-06-29 20:42:20,LUCIA APARECIDA GONCALVES BELARQUINO,"7206101","7946082",false
175,8,"5083267",5,true,2020-06-29 20:42:13,MARIA JOSE DA SILVA,2020-06-29 20:42:20,LUCIA APARECIDA GONCALVES BELARQUINO,"7206101","7946082",false
176,8,"5100574",5,true,2020-06-29 20:42:13,MARIA JOSE DA SILVA,2020-06-29 20:42:20,LUCIA APARECIDA GONCALVES BELARQUINO,"7206101","7946082",false
177,8,"5106771",5,true,2020-06-29 20:42:13,MARIA JOSE DA SILVA,2020-06-29 20:42:20,LUCIA APARECIDA GONCALVES BELARQUINO,"7206101","7946082",false
178,8,"5141077",5,true,2020-06-29 20:42:13,MARIA JOSE DA SILVA,2020-06-29 20:42:20,LUCIA APARECIDA GONCALVES BELARQUINO,"7206101","7946082",false
179,8,"5151176",5,true,2020-06-29 20:42:13,MARIA JOSE DA SILVA,2020-06-29 20:42:20,LUCIA APARECIDA GONCALVES BELARQUINO,"7206101","7946082",false
180,8,"5180919",5,true,2020-06-29 20:42:13,MARIA JOSE DA SILVA,2020-06-29 20:42:20,LUCIA APARECIDA GONCALVES BELARQUINO,"7206101","7946082",false
189,8,"6773813",5,true,2020-06-29 20:42:13,MARIA JOSE DA SILVA,2020-06-29 20:42:20,LUCIA APARECIDA GONCALVES BELARQUINO,"7206101","7946082",false
190,8,"7058555",5,true,2020-06-29 20:42:13,MARIA JOSE DA SILVA,2020-06-29 20:42:20,LUCIA APARECIDA GONCALVES BELARQUINO,"7206101","7946082",false
191,8,"7265189",5,true,2020-06-29 20:42:13,MARIA JOSE DA SILVA,2020-06-29 20:42:20,LUCIA APARECIDA GONCALVES BELARQUINO,"7206101","7946082",false
517,19,"4775906",5,true,2020-07-15 11:32:45,CLAUDIA DE CASSIA MARQUES DE MELLO,2020-07-15 11:32:51,SERGIO PEREIRA,"7249942","8214913",false
515,19,"4775796",5,true,2020-07-15 11:32:45,CLAUDIA DE CASSIA MARQUES DE MELLO,2020-07-15 11:32:51,SERGIO PEREIRA,"7249942","8214913",false
202,9,"4773144",5,true,2020-06-29 20:54:11,MARIA JOSE DA SILVA,2020-06-29 20:54:14,RAQUEL SILVA,"7206101","6825281",false
203,9,"4775531",5,true,2020-06-29 20:54:11,MARIA JOSE DA SILVA,2020-06-29 20:54:14,RAQUEL SILVA,"7206101","6825281",false
204,9,"4775906",5,true,2020-06-29 20:54:11,MARIA JOSE DA SILVA,2020-06-29 20:54:14,RAQUEL SILVA,"7206101","6825281",false
205,9,"4776640",5,true,2020-06-29 20:54:11,MARIA JOSE DA SILVA,2020-06-29 20:54:14,RAQUEL SILVA,"7206101","6825281",false
99,6,"571427",5,true,2020-06-29 19:13:18,MARIA JOSE DA SILVA,2020-06-29 19:24:01,MARIA JOSE DA SILVA,"7206101","7206101",false
100,6,"7097809",5,true,2020-06-29 19:13:18,MARIA JOSE DA SILVA,2020-06-29 19:24:01,MARIA JOSE DA SILVA,"7206101","7206101",false
101,6,"7270203",5,true,2020-06-29 19:13:18,MARIA JOSE DA SILVA,2020-06-29 19:24:01,MARIA JOSE DA SILVA,"7206101","7206101",false
102,6,"7166989",5,true,2020-06-29 19:13:18,MARIA JOSE DA SILVA,2020-06-29 19:24:01,MARIA JOSE DA SILVA,"7206101","7206101",false
103,6,"7062004",5,true,2020-06-29 19:13:18,MARIA JOSE DA SILVA,2020-06-29 19:24:01,MARIA JOSE DA SILVA,"7206101","7206101",false
104,6,"2289423",5,true,2020-06-29 19:13:18,MARIA JOSE DA SILVA,2020-06-29 19:24:01,MARIA JOSE DA SILVA,"7206101","7206101",false
105,6,"7347621",5,true,2020-06-29 19:13:18,MARIA JOSE DA SILVA,2020-06-29 19:24:01,MARIA JOSE DA SILVA,"7206101","7206101",false
106,6,"2407898",5,true,2020-06-29 19:13:18,MARIA JOSE DA SILVA,2020-06-29 19:24:01,MARIA JOSE DA SILVA,"7206101","7206101",false
107,6,"4284031",5,true,2020-06-29 19:13:18,MARIA JOSE DA SILVA,2020-06-29 19:24:01,MARIA JOSE DA SILVA,"7206101","7206101",false
108,6,"5895139",5,true,2020-06-29 19:13:18,MARIA JOSE DA SILVA,2020-06-29 19:24:01,MARIA JOSE DA SILVA,"7206101","7206101",false
109,6,"7337859",5,true,2020-06-29 19:13:18,MARIA JOSE DA SILVA,2020-06-29 19:24:01,MARIA JOSE DA SILVA,"7206101","7206101",false
110,6,"4122933",5,true,2020-06-29 19:13:18,MARIA JOSE DA SILVA,2020-06-29 19:24:01,MARIA JOSE DA SILVA,"7206101","7206101",false
111,6,"2337564",5,true,2020-06-29 19:13:18,MARIA JOSE DA SILVA,2020-06-29 19:24:01,MARIA JOSE DA SILVA,"7206101","7206101",false
112,6,"4247864",5,true,2020-06-29 19:13:18,MARIA JOSE DA SILVA,2020-06-29 19:24:01,MARIA JOSE DA SILVA,"7206101","7206101",false
113,6,"2688558",5,true,2020-06-29 19:13:18,MARIA JOSE DA SILVA,2020-06-29 19:24:01,MARIA JOSE DA SILVA,"7206101","7206101",false
114,6,"7347664",5,true,2020-06-29 19:13:18,MARIA JOSE DA SILVA,2020-06-29 19:24:01,MARIA JOSE DA SILVA,"7206101","7206101",false
115,6,"2343694",5,true,2020-06-29 19:13:18,MARIA JOSE DA SILVA,2020-06-29 19:24:01,MARIA JOSE DA SILVA,"7206101","7206101",false
116,6,"5262348",5,true,2020-06-29 19:13:18,MARIA JOSE DA SILVA,2020-06-29 19:24:01,MARIA JOSE DA SILVA,"7206101","7206101",false
117,6,"4329920",5,true,2020-06-29 19:13:18,MARIA JOSE DA SILVA,2020-06-29 19:24:01,MARIA JOSE DA SILVA,"7206101","7206101",false
118,6,"7323329",5,true,2020-06-29 19:13:18,MARIA JOSE DA SILVA,2020-06-29 19:24:01,MARIA JOSE DA SILVA,"7206101","7206101",false
119,6,"2074702",5,true,2020-06-29 19:13:18,MARIA JOSE DA SILVA,2020-06-29 19:24:01,MARIA JOSE DA SILVA,"7206101","7206101",false
120,6,"1604727",5,true,2020-06-29 19:13:18,MARIA JOSE DA SILVA,2020-06-29 19:24:01,MARIA JOSE DA SILVA,"7206101","7206101",false
121,6,"1851795",5,true,2020-06-29 19:13:18,MARIA JOSE DA SILVA,2020-06-29 19:24:01,MARIA JOSE DA SILVA,"7206101","7206101",false
122,6,"4065719",5,true,2020-06-29 19:13:18,MARIA JOSE DA SILVA,2020-06-29 19:24:01,MARIA JOSE DA SILVA,"7206101","7206101",false
123,6,"5434744",5,true,2020-06-29 19:13:18,MARIA JOSE DA SILVA,2020-06-29 19:24:01,MARIA JOSE DA SILVA,"7206101","7206101",false
124,6,"4168001",5,true,2020-06-29 19:13:18,MARIA JOSE DA SILVA,2020-06-29 19:24:01,MARIA JOSE DA SILVA,"7206101","7206101",false
29,5,"2975800",5,true,2020-06-29 17:29:13,MARIA JOSE DA SILVA,2020-06-29 19:26:16,MARIA JOSE DA SILVA,"7206101","7206101",false
28,5,"2955422",5,true,2020-06-29 17:29:13,MARIA JOSE DA SILVA,2020-06-29 19:26:16,MARIA JOSE DA SILVA,"7206101","7206101",false
27,5,"2911042",5,true,2020-06-29 17:29:13,MARIA JOSE DA SILVA,2020-06-29 19:26:16,MARIA JOSE DA SILVA,"7206101","7206101",false
26,5,"2860672",5,true,2020-06-29 17:29:13,MARIA JOSE DA SILVA,2020-06-29 19:26:16,MARIA JOSE DA SILVA,"7206101","7206101",false
25,5,"2741820",5,true,2020-06-29 17:29:13,MARIA JOSE DA SILVA,2020-06-29 19:26:16,MARIA JOSE DA SILVA,"7206101","7206101",false
24,5,"2607982",5,true,2020-06-29 17:29:13,MARIA JOSE DA SILVA,2020-06-29 19:26:16,MARIA JOSE DA SILVA,"7206101","7206101",false
23,5,"1998719",5,true,2020-06-29 17:29:13,MARIA JOSE DA SILVA,2020-06-29 19:26:16,MARIA JOSE DA SILVA,"7206101","7206101",false
22,5,"1860661",5,true,2020-06-29 17:29:13,MARIA JOSE DA SILVA,2020-06-29 19:26:16,MARIA JOSE DA SILVA,"7206101","7206101",false
21,5,"1803828",5,true,2020-06-29 17:29:13,MARIA JOSE DA SILVA,2020-06-29 19:26:16,MARIA JOSE DA SILVA,"7206101","7206101",false
20,5,"1642948",5,true,2020-06-29 17:29:13,MARIA JOSE DA SILVA,2020-06-29 19:26:16,MARIA JOSE DA SILVA,"7206101","7206101",false
19,5,"1313929",5,true,2020-06-29 17:29:13,MARIA JOSE DA SILVA,2020-06-29 19:26:16,MARIA JOSE DA SILVA,"7206101","7206101",false
18,5,"918634",5,true,2020-06-29 17:29:13,MARIA JOSE DA SILVA,2020-06-29 19:26:16,MARIA JOSE DA SILVA,"7206101","7206101",false
17,5,"568540",5,true,2020-06-29 17:29:13,MARIA JOSE DA SILVA,2020-06-29 19:26:16,MARIA JOSE DA SILVA,"7206101","7206101",false
16,5,"83259",5,true,2020-06-29 17:29:13,MARIA JOSE DA SILVA,2020-06-29 19:26:16,MARIA JOSE DA SILVA,"7206101","7206101",false
56,5,"5253412",5,true,2020-06-29 17:29:13,MARIA JOSE DA SILVA,2020-06-29 19:26:16,MARIA JOSE DA SILVA,"7206101","7206101",false
55,5,"5023710",5,true,2020-06-29 17:29:13,MARIA JOSE DA SILVA,2020-06-29 19:26:16,MARIA JOSE DA SILVA,"7206101","7206101",false
54,5,"4982638",5,true,2020-06-29 17:29:13,MARIA JOSE DA SILVA,2020-06-29 19:26:16,MARIA JOSE DA SILVA,"7206101","7206101",false
53,5,"4981197",5,true,2020-06-29 17:29:13,MARIA JOSE DA SILVA,2020-06-29 19:26:16,MARIA JOSE DA SILVA,"7206101","7206101",false
52,5,"4953596",5,true,2020-06-29 17:29:13,MARIA JOSE DA SILVA,2020-06-29 19:26:16,MARIA JOSE DA SILVA,"7206101","7206101",false
51,5,"4783496",5,true,2020-06-29 17:29:13,MARIA JOSE DA SILVA,2020-06-29 19:26:16,MARIA JOSE DA SILVA,"7206101","7206101",false
50,5,"4680343",5,true,2020-06-29 17:29:13,MARIA JOSE DA SILVA,2020-06-29 19:26:16,MARIA JOSE DA SILVA,"7206101","7206101",false
49,5,"4428825",5,true,2020-06-29 17:29:13,MARIA JOSE DA SILVA,2020-06-29 19:26:16,MARIA JOSE DA SILVA,"7206101","7206101",false
48,5,"4361286",5,true,2020-06-29 17:29:13,MARIA JOSE DA SILVA,2020-06-29 19:26:16,MARIA JOSE DA SILVA,"7206101","7206101",false
47,5,"4344442",5,true,2020-06-29 17:29:13,MARIA JOSE DA SILVA,2020-06-29 19:26:16,MARIA JOSE DA SILVA,"7206101","7206101",false
46,5,"4270226",2,true,2020-06-29 17:29:13,MARIA JOSE DA SILVA,2020-06-29 19:26:16,MARIA JOSE DA SILVA,"7206101","7206101",false
45,5,"4246821",5,true,2020-06-29 17:29:13,MARIA JOSE DA SILVA,2020-06-29 19:26:16,MARIA JOSE DA SILVA,"7206101","7206101",false
44,5,"4217509",5,true,2020-06-29 17:29:13,MARIA JOSE DA SILVA,2020-06-29 19:26:16,MARIA JOSE DA SILVA,"7206101","7206101",false
43,5,"4084271",5,true,2020-06-29 17:29:13,MARIA JOSE DA SILVA,2020-06-29 19:26:16,MARIA JOSE DA SILVA,"7206101","7206101",false
42,5,"3991308",5,true,2020-06-29 17:29:13,MARIA JOSE DA SILVA,2020-06-29 19:26:16,MARIA JOSE DA SILVA,"7206101","7206101",false
41,5,"3952943",5,true,2020-06-29 17:29:13,MARIA JOSE DA SILVA,2020-06-29 19:26:16,MARIA JOSE DA SILVA,"7206101","7206101",false
181,8,"5293161",5,true,2020-06-29 20:42:13,MARIA JOSE DA SILVA,2020-06-29 20:42:20,LUCIA APARECIDA GONCALVES BELARQUINO,"7206101","7946082",false
182,8,"5294623",5,true,2020-06-29 20:42:13,MARIA JOSE DA SILVA,2020-06-29 20:42:20,LUCIA APARECIDA GONCALVES BELARQUINO,"7206101","7946082",false
210,9,"5044824",5,true,2020-06-29 20:54:11,MARIA JOSE DA SILVA,2020-06-29 20:54:14,RAQUEL SILVA,"7206101","6825281",false
211,9,"5062297",5,true,2020-06-29 20:54:11,MARIA JOSE DA SILVA,2020-06-29 20:54:14,RAQUEL SILVA,"7206101","6825281",false
212,9,"5084334",5,true,2020-06-29 20:54:11,MARIA JOSE DA SILVA,2020-06-29 20:54:14,RAQUEL SILVA,"7206101","6825281",false
213,9,"5105852",5,true,2020-06-29 20:54:11,MARIA JOSE DA SILVA,2020-06-29 20:54:14,RAQUEL SILVA,"7206101","6825281",false
214,9,"5106196",5,true,2020-06-29 20:54:11,MARIA JOSE DA SILVA,2020-06-29 20:54:14,RAQUEL SILVA,"7206101","6825281",false
215,9,"5110832",5,true,2020-06-29 20:54:11,MARIA JOSE DA SILVA,2020-06-29 20:54:14,RAQUEL SILVA,"7206101","6825281",false
216,9,"5110869",5,true,2020-06-29 20:54:11,MARIA JOSE DA SILVA,2020-06-29 20:54:14,RAQUEL SILVA,"7206101","6825281",false
217,9,"5276508",5,true,2020-06-29 20:54:11,MARIA JOSE DA SILVA,2020-06-29 20:54:14,RAQUEL SILVA,"7206101","6825281",false
218,9,"5285397",5,true,2020-06-29 20:54:11,MARIA JOSE DA SILVA,2020-06-29 20:54:14,RAQUEL SILVA,"7206101","6825281",false
219,9,"5292560",5,true,2020-06-29 20:54:11,MARIA JOSE DA SILVA,2020-06-29 20:54:14,RAQUEL SILVA,"7206101","6825281",false
220,9,"5454538",5,true,2020-06-29 20:54:11,MARIA JOSE DA SILVA,2020-06-29 20:54:14,RAQUEL SILVA,"7206101","6825281",false
192,9,"4691900",5,true,2020-06-29 20:54:11,MARIA JOSE DA SILVA,2020-06-29 20:54:14,RAQUEL SILVA,"7206101","6825281",false
193,9,"4692815",5,true,2020-06-29 20:54:11,MARIA JOSE DA SILVA,2020-06-29 20:54:14,RAQUEL SILVA,"7206101","6825281",false
194,9,"4695622",5,true,2020-06-29 20:54:11,MARIA JOSE DA SILVA,2020-06-29 20:54:14,RAQUEL SILVA,"7206101","6825281",false
195,9,"4697399",5,true,2020-06-29 20:54:11,MARIA JOSE DA SILVA,2020-06-29 20:54:14,RAQUEL SILVA,"7206101","6825281",false
196,9,"4697849",5,true,2020-06-29 20:54:11,MARIA JOSE DA SILVA,2020-06-29 20:54:14,RAQUEL SILVA,"7206101","6825281",false
197,9,"4701766",5,true,2020-06-29 20:54:11,MARIA JOSE DA SILVA,2020-06-29 20:54:14,RAQUEL SILVA,"7206101","6825281",false
198,9,"4735112",5,true,2020-06-29 20:54:11,MARIA JOSE DA SILVA,2020-06-29 20:54:14,RAQUEL SILVA,"7206101","6825281",false
199,9,"4768648",5,true,2020-06-29 20:54:11,MARIA JOSE DA SILVA,2020-06-29 20:54:14,RAQUEL SILVA,"7206101","6825281",false
206,9,"4776898",5,true,2020-06-29 20:54:11,MARIA JOSE DA SILVA,2020-06-29 20:54:14,RAQUEL SILVA,"7206101","6825281",false
207,9,"4850187",5,true,2020-06-29 20:54:11,MARIA JOSE DA SILVA,2020-06-29 20:54:14,RAQUEL SILVA,"7206101","6825281",false
208,9,"4850924",5,true,2020-06-29 20:54:11,MARIA JOSE DA SILVA,2020-06-29 20:54:14,RAQUEL SILVA,"7206101","6825281",false
209,9,"4891280",5,true,2020-06-29 20:54:11,MARIA JOSE DA SILVA,2020-06-29 20:54:14,RAQUEL SILVA,"7206101","6825281",false
221,9,"5505627",5,true,2020-06-29 20:54:11,MARIA JOSE DA SILVA,2020-06-29 20:54:14,RAQUEL SILVA,"7206101","6825281",false
222,9,"5646658",5,true,2020-06-29 20:54:11,MARIA JOSE DA SILVA,2020-06-29 20:54:14,RAQUEL SILVA,"7206101","6825281",false
223,9,"5822885",5,true,2020-06-29 20:54:11,MARIA JOSE DA SILVA,2020-06-29 20:54:14,RAQUEL SILVA,"7206101","6825281",false
224,9,"5973646",5,true,2020-06-29 20:54:11,MARIA JOSE DA SILVA,2020-06-29 20:54:14,RAQUEL SILVA,"7206101","6825281",false
225,9,"6388613",5,true,2020-06-29 20:54:11,MARIA JOSE DA SILVA,2020-06-29 20:54:14,RAQUEL SILVA,"7206101","6825281",false
226,10,"3983740",5,true,2020-06-29 21:05:46,MARIA JOSE DA SILVA,2020-06-29 21:05:49,RAQUEL SILVA,"7206101","6825281",false
227,10,"4065632",5,true,2020-06-29 21:05:46,MARIA JOSE DA SILVA,2020-06-29 21:05:49,RAQUEL SILVA,"7206101","6825281",false
228,10,"4100819",5,true,2020-06-29 21:05:46,MARIA JOSE DA SILVA,2020-06-29 21:05:49,RAQUEL SILVA,"7206101","6825281",false
229,10,"4100833",5,true,2020-06-29 21:05:46,MARIA JOSE DA SILVA,2020-06-29 21:05:49,RAQUEL SILVA,"7206101","6825281",false
230,10,"4169457",5,true,2020-06-29 21:05:46,MARIA JOSE DA SILVA,2020-06-29 21:05:49,RAQUEL SILVA,"7206101","6825281",false
231,10,"4172168",5,true,2020-06-29 21:05:46,MARIA JOSE DA SILVA,2020-06-29 21:05:49,RAQUEL SILVA,"7206101","6825281",false
235,10,"4204542",5,true,2020-06-29 21:05:46,MARIA JOSE DA SILVA,2020-06-29 21:05:49,RAQUEL SILVA,"7206101","6825281",false
236,10,"4352928",5,true,2020-06-29 21:05:46,MARIA JOSE DA SILVA,2020-06-29 21:05:49,RAQUEL SILVA,"7206101","6825281",false
237,10,"4402486",5,true,2020-06-29 21:05:46,MARIA JOSE DA SILVA,2020-06-29 21:05:49,RAQUEL SILVA,"7206101","6825281",false
238,10,"4402489",5,true,2020-06-29 21:05:46,MARIA JOSE DA SILVA,2020-06-29 21:05:49,RAQUEL SILVA,"7206101","6825281",false
239,10,"4466574",5,true,2020-06-29 21:05:46,MARIA JOSE DA SILVA,2020-06-29 21:05:49,RAQUEL SILVA,"7206101","6825281",false
240,10,"4490980",5,true,2020-06-29 21:05:46,MARIA JOSE DA SILVA,2020-06-29 21:05:49,RAQUEL SILVA,"7206101","6825281",false
241,10,"4526467",5,true,2020-06-29 21:05:46,MARIA JOSE DA SILVA,2020-06-29 21:05:49,RAQUEL SILVA,"7206101","6825281",false
242,10,"4558182",5,true,2020-06-29 21:05:46,MARIA JOSE DA SILVA,2020-06-29 21:05:49,RAQUEL SILVA,"7206101","6825281",false
248,10,"4710958",5,true,2020-06-29 21:05:46,MARIA JOSE DA SILVA,2020-06-29 21:05:49,RAQUEL SILVA,"7206101","6825281",false
249,10,"4777588",5,true,2020-06-29 21:05:46,MARIA JOSE DA SILVA,2020-06-29 21:05:49,RAQUEL SILVA,"7206101","6825281",false
250,10,"4803585",5,true,2020-06-29 21:05:46,MARIA JOSE DA SILVA,2020-06-29 21:05:49,RAQUEL SILVA,"7206101","6825281",false
251,10,"4858175",5,true,2020-06-29 21:05:46,MARIA JOSE DA SILVA,2020-06-29 21:05:49,RAQUEL SILVA,"7206101","6825281",false
252,10,"4865207",5,true,2020-06-29 21:05:46,MARIA JOSE DA SILVA,2020-06-29 21:05:49,RAQUEL SILVA,"7206101","6825281",false
253,10,"4875782",5,true,2020-06-29 21:05:46,MARIA JOSE DA SILVA,2020-06-29 21:05:49,RAQUEL SILVA,"7206101","6825281",false
254,10,"4955343",5,true,2020-06-29 21:05:46,MARIA JOSE DA SILVA,2020-06-29 21:05:49,RAQUEL SILVA,"7206101","6825281",false
255,10,"4985006",5,true,2020-06-29 21:05:46,MARIA JOSE DA SILVA,2020-06-29 21:05:49,RAQUEL SILVA,"7206101","6825281",false
256,10,"5260232",5,true,2020-06-29 21:05:46,MARIA JOSE DA SILVA,2020-06-29 21:05:49,RAQUEL SILVA,"7206101","6825281",false
257,10,"5807741",5,true,2020-06-29 21:05:46,MARIA JOSE DA SILVA,2020-06-29 21:05:49,RAQUEL SILVA,"7206101","6825281",false
258,10,"7295758",5,true,2020-06-29 21:05:46,MARIA JOSE DA SILVA,2020-06-29 21:05:49,RAQUEL SILVA,"7206101","6825281",false
527,19,"5057577",5,true,2020-07-15 11:32:45,CLAUDIA DE CASSIA MARQUES DE MELLO,2020-07-15 11:32:51,SERGIO PEREIRA,"7249942","8214913",false
526,19,"5041277",5,true,2020-07-15 11:32:45,CLAUDIA DE CASSIA MARQUES DE MELLO,2020-07-15 11:32:51,SERGIO PEREIRA,"7249942","8214913",false
524,19,"4955381",5,true,2020-07-15 11:32:45,CLAUDIA DE CASSIA MARQUES DE MELLO,2020-07-15 11:32:51,SERGIO PEREIRA,"7249942","8214913",false
523,19,"4942611",5,true,2020-07-15 11:32:45,CLAUDIA DE CASSIA MARQUES DE MELLO,2020-07-15 11:32:51,SERGIO PEREIRA,"7249942","8214913",false
522,19,"4905790",5,true,2020-07-15 11:32:45,CLAUDIA DE CASSIA MARQUES DE MELLO,2020-07-15 11:32:51,SERGIO PEREIRA,"7249942","8214913",false
521,19,"4803618",5,true,2020-07-15 11:32:45,CLAUDIA DE CASSIA MARQUES DE MELLO,2020-07-15 11:32:51,SERGIO PEREIRA,"7249942","8214913",false
232,10,"4201877",5,true,2020-06-29 21:05:46,MARIA JOSE DA SILVA,2020-06-29 21:05:49,RAQUEL SILVA,"7206101","6825281",false
233,10,"4201911",5,true,2020-06-29 21:05:46,MARIA JOSE DA SILVA,2020-06-29 21:05:49,RAQUEL SILVA,"7206101","6825281",false
234,10,"4201919",5,true,2020-06-29 21:05:46,MARIA JOSE DA SILVA,2020-06-29 21:05:49,RAQUEL SILVA,"7206101","6825281",false
243,10,"4589479",5,true,2020-06-29 21:05:46,MARIA JOSE DA SILVA,2020-06-29 21:05:49,RAQUEL SILVA,"7206101","6825281",false
244,10,"4594678",5,true,2020-06-29 21:05:46,MARIA JOSE DA SILVA,2020-06-29 21:05:49,RAQUEL SILVA,"7206101","6825281",false
245,10,"4610060",5,true,2020-06-29 21:05:46,MARIA JOSE DA SILVA,2020-06-29 21:05:49,RAQUEL SILVA,"7206101","6825281",false
246,10,"4614732",5,true,2020-06-29 21:05:46,MARIA JOSE DA SILVA,2020-06-29 21:05:49,RAQUEL SILVA,"7206101","6825281",false
247,10,"4670689",5,true,2020-06-29 21:05:46,MARIA JOSE DA SILVA,2020-06-29 21:05:49,RAQUEL SILVA,"7206101","6825281",false
259,11,"3859469",5,true,2020-06-29 21:17:43,MARIA JOSE DA SILVA,2020-06-29 21:17:48,RAQUEL SILVA,"7206101","6825281",false
260,11,"4100804",5,true,2020-06-29 21:17:43,MARIA JOSE DA SILVA,2020-06-29 21:17:48,RAQUEL SILVA,"7206101","6825281",false
261,11,"4108031",5,true,2020-06-29 21:17:43,MARIA JOSE DA SILVA,2020-06-29 21:17:48,RAQUEL SILVA,"7206101","6825281",false
262,11,"4114420",5,true,2020-06-29 21:17:43,MARIA JOSE DA SILVA,2020-06-29 21:17:48,RAQUEL SILVA,"7206101","6825281",false
263,11,"4116767",5,true,2020-06-29 21:17:43,MARIA JOSE DA SILVA,2020-06-29 21:17:48,RAQUEL SILVA,"7206101","6825281",false
264,11,"4201914",5,true,2020-06-29 21:17:43,MARIA JOSE DA SILVA,2020-06-29 21:17:48,RAQUEL SILVA,"7206101","6825281",false
265,11,"4205629",5,true,2020-06-29 21:17:43,MARIA JOSE DA SILVA,2020-06-29 21:17:48,RAQUEL SILVA,"7206101","6825281",false
266,11,"4389468",5,true,2020-06-29 21:17:43,MARIA JOSE DA SILVA,2020-06-29 21:17:48,RAQUEL SILVA,"7206101","6825281",false
267,11,"4402483",5,true,2020-06-29 21:17:43,MARIA JOSE DA SILVA,2020-06-29 21:17:48,RAQUEL SILVA,"7206101","6825281",false
268,11,"4419019",5,true,2020-06-29 21:17:43,MARIA JOSE DA SILVA,2020-06-29 21:17:48,RAQUEL SILVA,"7206101","6825281",false
269,11,"4463013",5,true,2020-06-29 21:17:43,MARIA JOSE DA SILVA,2020-06-29 21:17:48,RAQUEL SILVA,"7206101","6825281",false
270,11,"4480253",5,true,2020-06-29 21:17:43,MARIA JOSE DA SILVA,2020-06-29 21:17:48,RAQUEL SILVA,"7206101","6825281",false
271,11,"4480289",5,true,2020-06-29 21:17:43,MARIA JOSE DA SILVA,2020-06-29 21:17:48,RAQUEL SILVA,"7206101","6825281",false
272,11,"4491191",5,true,2020-06-29 21:17:43,MARIA JOSE DA SILVA,2020-06-29 21:17:48,RAQUEL SILVA,"7206101","6825281",false
273,11,"4525673",5,true,2020-06-29 21:17:43,MARIA JOSE DA SILVA,2020-06-29 21:17:48,RAQUEL SILVA,"7206101","6825281",false
274,11,"4525680",5,true,2020-06-29 21:17:43,MARIA JOSE DA SILVA,2020-06-29 21:17:48,RAQUEL SILVA,"7206101","6825281",false
275,11,"4525730",5,true,2020-06-29 21:17:43,MARIA JOSE DA SILVA,2020-06-29 21:17:48,RAQUEL SILVA,"7206101","6825281",false
276,11,"4569214",5,true,2020-06-29 21:17:43,MARIA JOSE DA SILVA,2020-06-29 21:17:48,RAQUEL SILVA,"7206101","6825281",false
277,11,"4571605",5,true,2020-06-29 21:17:43,MARIA JOSE DA SILVA,2020-06-29 21:17:48,RAQUEL SILVA,"7206101","6825281",false
278,11,"4591187",5,true,2020-06-29 21:17:43,MARIA JOSE DA SILVA,2020-06-29 21:17:48,RAQUEL SILVA,"7206101","6825281",false
279,11,"4632896",5,true,2020-06-29 21:17:43,MARIA JOSE DA SILVA,2020-06-29 21:17:48,RAQUEL SILVA,"7206101","6825281",false
280,11,"4797452",5,true,2020-06-29 21:17:43,MARIA JOSE DA SILVA,2020-06-29 21:17:48,RAQUEL SILVA,"7206101","6825281",false
281,11,"4857052",5,true,2020-06-29 21:17:43,MARIA JOSE DA SILVA,2020-06-29 21:17:48,RAQUEL SILVA,"7206101","6825281",false
282,11,"4929324",5,true,2020-06-29 21:17:43,MARIA JOSE DA SILVA,2020-06-29 21:17:48,RAQUEL SILVA,"7206101","6825281",false
283,11,"4956542",5,true,2020-06-29 21:17:43,MARIA JOSE DA SILVA,2020-06-29 21:17:48,RAQUEL SILVA,"7206101","6825281",false
284,11,"4966067",5,true,2020-06-29 21:17:43,MARIA JOSE DA SILVA,2020-06-29 21:17:48,RAQUEL SILVA,"7206101","6825281",false
285,11,"5007427",5,true,2020-06-29 21:17:43,MARIA JOSE DA SILVA,2020-06-29 21:17:48,RAQUEL SILVA,"7206101","6825281",false
286,11,"5041402",5,true,2020-06-29 21:17:43,MARIA JOSE DA SILVA,2020-06-29 21:17:48,RAQUEL SILVA,"7206101","6825281",false
287,11,"5055660",5,true,2020-06-29 21:17:43,MARIA JOSE DA SILVA,2020-06-29 21:17:48,RAQUEL SILVA,"7206101","6825281",false
288,11,"5081638",5,true,2020-06-29 21:17:43,MARIA JOSE DA SILVA,2020-06-29 21:17:48,RAQUEL SILVA,"7206101","6825281",false
289,11,"5218539",5,true,2020-06-29 21:17:43,MARIA JOSE DA SILVA,2020-06-29 21:17:48,RAQUEL SILVA,"7206101","6825281",false
290,11,"5493409",5,true,2020-06-29 21:17:43,MARIA JOSE DA SILVA,2020-06-29 21:17:48,RAQUEL SILVA,"7206101","6825281",false
291,11,"6141305",5,true,2020-06-29 21:17:43,MARIA JOSE DA SILVA,2020-06-29 21:17:48,RAQUEL SILVA,"7206101","6825281",false
292,11,"7532005",2,true,2020-06-29 21:17:43,MARIA JOSE DA SILVA,2020-06-29 21:17:48,RAQUEL SILVA,"7206101","6825281",false
307,12,"4583161",5,true,2020-06-29 21:28:35,MARIA JOSE DA SILVA,2020-06-29 21:28:39,RAQUEL SILVA,"7206101","6825281",false
306,12,"4950256",5,true,2020-06-29 21:28:35,MARIA JOSE DA SILVA,2020-06-29 21:28:39,RAQUEL SILVA,"7206101","6825281",false
305,12,"4096315",5,true,2020-06-29 21:28:35,MARIA JOSE DA SILVA,2020-06-29 21:28:39,RAQUEL SILVA,"7206101","6825281",false
304,12,"5277357",5,true,2020-06-29 21:28:35,MARIA JOSE DA SILVA,2020-06-29 21:28:39,RAQUEL SILVA,"7206101","6825281",false
303,12,"5132711",5,true,2020-06-29 21:28:35,MARIA JOSE DA SILVA,2020-06-29 21:28:39,RAQUEL SILVA,"7206101","6825281",false
302,12,"4595187",5,true,2020-06-29 21:28:35,MARIA JOSE DA SILVA,2020-06-29 21:28:39,RAQUEL SILVA,"7206101","6825281",false
301,12,"4567639",5,true,2020-06-29 21:28:35,MARIA JOSE DA SILVA,2020-06-29 21:28:39,RAQUEL SILVA,"7206101","6825281",false
300,12,"5251294",5,true,2020-06-29 21:28:35,MARIA JOSE DA SILVA,2020-06-29 21:28:39,RAQUEL SILVA,"7206101","6825281",false
299,12,"4964847",5,true,2020-06-29 21:28:35,MARIA JOSE DA SILVA,2020-06-29 21:28:39,RAQUEL SILVA,"7206101","6825281",false
298,12,"4098573",5,true,2020-06-29 21:28:35,MARIA JOSE DA SILVA,2020-06-29 21:28:39,RAQUEL SILVA,"7206101","6825281",false
297,12,"4098839",5,true,2020-06-29 21:28:35,MARIA JOSE DA SILVA,2020-06-29 21:28:39,RAQUEL SILVA,"7206101","6825281",false
296,12,"3610251",5,true,2020-06-29 21:28:35,MARIA JOSE DA SILVA,2020-06-29 21:28:39,RAQUEL SILVA,"7206101","6825281",false
295,12,"3723010",5,true,2020-06-29 21:28:35,MARIA JOSE DA SILVA,2020-06-29 21:28:39,RAQUEL SILVA,"7206101","6825281",false
294,12,"4489195",5,true,2020-06-29 21:28:35,MARIA JOSE DA SILVA,2020-06-29 21:28:39,RAQUEL SILVA,"7206101","6825281",false
293,12,"4890829",2,true,2020-06-29 21:28:35,MARIA JOSE DA SILVA,2020-06-29 21:28:39,RAQUEL SILVA,"7206101","6825281",false
530,19,"5170512",5,true,2020-07-15 11:32:45,CLAUDIA DE CASSIA MARQUES DE MELLO,2020-07-15 11:32:51,SERGIO PEREIRA,"7249942","8214913",false
529,19,"5127990",5,true,2020-07-15 11:32:45,CLAUDIA DE CASSIA MARQUES DE MELLO,2020-07-15 11:32:51,SERGIO PEREIRA,"7249942","8214913",false
325,12,"7573116",5,true,2020-06-29 21:28:35,MARIA JOSE DA SILVA,2020-06-29 21:28:39,RAQUEL SILVA,"7206101","6825281",false
324,12,"4250801",5,true,2020-06-29 21:28:35,MARIA JOSE DA SILVA,2020-06-29 21:28:39,RAQUEL SILVA,"7206101","6825281",false
323,12,"3883194",5,true,2020-06-29 21:28:35,MARIA JOSE DA SILVA,2020-06-29 21:28:39,RAQUEL SILVA,"7206101","6825281",false
322,12,"4569248",5,true,2020-06-29 21:28:35,MARIA JOSE DA SILVA,2020-06-29 21:28:39,RAQUEL SILVA,"7206101","6825281",false
321,12,"4856665",5,true,2020-06-29 21:28:35,MARIA JOSE DA SILVA,2020-06-29 21:28:39,RAQUEL SILVA,"7206101","6825281",false
320,12,"4693009",5,true,2020-06-29 21:28:35,MARIA JOSE DA SILVA,2020-06-29 21:28:39,RAQUEL SILVA,"7206101","6825281",false
319,12,"4647480",5,true,2020-06-29 21:28:35,MARIA JOSE DA SILVA,2020-06-29 21:28:39,RAQUEL SILVA,"7206101","6825281",false
318,12,"4693007",5,true,2020-06-29 21:28:35,MARIA JOSE DA SILVA,2020-06-29 21:28:39,RAQUEL SILVA,"7206101","6825281",false
317,12,"4526480",5,true,2020-06-29 21:28:35,MARIA JOSE DA SILVA,2020-06-29 21:28:39,RAQUEL SILVA,"7206101","6825281",false
316,12,"4107041",5,true,2020-06-29 21:28:35,MARIA JOSE DA SILVA,2020-06-29 21:28:39,RAQUEL SILVA,"7206101","6825281",false
315,12,"4525722",5,true,2020-06-29 21:28:35,MARIA JOSE DA SILVA,2020-06-29 21:28:39,RAQUEL SILVA,"7206101","6825281",false
314,12,"5194788",5,true,2020-06-29 21:28:35,MARIA JOSE DA SILVA,2020-06-29 21:28:39,RAQUEL SILVA,"7206101","6825281",false
313,12,"7336252",5,true,2020-06-29 21:28:35,MARIA JOSE DA SILVA,2020-06-29 21:28:39,RAQUEL SILVA,"7206101","6825281",false
312,12,"5894354",5,true,2020-06-29 21:28:35,MARIA JOSE DA SILVA,2020-06-29 21:28:39,RAQUEL SILVA,"7206101","6825281",false
311,12,"4098570",5,true,2020-06-29 21:28:35,MARIA JOSE DA SILVA,2020-06-29 21:28:39,RAQUEL SILVA,"7206101","6825281",false
310,12,"4107016",5,true,2020-06-29 21:28:35,MARIA JOSE DA SILVA,2020-06-29 21:28:39,RAQUEL SILVA,"7206101","6825281",false
309,12,"4591050",5,true,2020-06-29 21:28:35,MARIA JOSE DA SILVA,2020-06-29 21:28:39,RAQUEL SILVA,"7206101","6825281",false
308,12,"4535412",5,true,2020-06-29 21:28:35,MARIA JOSE DA SILVA,2020-06-29 21:28:39,RAQUEL SILVA,"7206101","6825281",false
359,13,"7579715",5,true,2020-06-29 21:43:57,MARIA JOSE DA SILVA,2020-06-29 21:44:03,RAQUEL SILVA,"7206101","6825281",false
358,13,"3889425",5,true,2020-06-29 21:43:57,MARIA JOSE DA SILVA,2020-06-29 21:44:03,RAQUEL SILVA,"7206101","6825281",false
357,13,"4217291",5,true,2020-06-29 21:43:57,MARIA JOSE DA SILVA,2020-06-29 21:44:03,RAQUEL SILVA,"7206101","6825281",false
356,13,"4820974",5,true,2020-06-29 21:43:57,MARIA JOSE DA SILVA,2020-06-29 21:44:03,RAQUEL SILVA,"7206101","6825281",false
355,13,"4098600",5,true,2020-06-29 21:43:57,MARIA JOSE DA SILVA,2020-06-29 21:44:03,RAQUEL SILVA,"7206101","6825281",false
354,13,"4611887",5,true,2020-06-29 21:43:57,MARIA JOSE DA SILVA,2020-06-29 21:44:03,RAQUEL SILVA,"7206101","6825281",false
353,13,"4693010",5,true,2020-06-29 21:43:57,MARIA JOSE DA SILVA,2020-06-29 21:44:03,RAQUEL SILVA,"7206101","6825281",false
352,13,"4489225",5,true,2020-06-29 21:43:57,MARIA JOSE DA SILVA,2020-06-29 21:44:03,RAQUEL SILVA,"7206101","6825281",false
351,13,"4209949",5,true,2020-06-29 21:43:57,MARIA JOSE DA SILVA,2020-06-29 21:44:03,RAQUEL SILVA,"7206101","6825281",false
350,13,"3695072",5,true,2020-06-29 21:43:57,MARIA JOSE DA SILVA,2020-06-29 21:44:03,RAQUEL SILVA,"7206101","6825281",false
349,13,"4821125",5,true,2020-06-29 21:43:57,MARIA JOSE DA SILVA,2020-06-29 21:44:03,RAQUEL SILVA,"7206101","6825281",false
348,13,"4366457",5,true,2020-06-29 21:43:57,MARIA JOSE DA SILVA,2020-06-29 21:44:03,RAQUEL SILVA,"7206101","6825281",false
347,13,"4207204",5,true,2020-06-29 21:43:57,MARIA JOSE DA SILVA,2020-06-29 21:44:03,RAQUEL SILVA,"7206101","6825281",false
346,13,"4206264",5,true,2020-06-29 21:43:57,MARIA JOSE DA SILVA,2020-06-29 21:44:03,RAQUEL SILVA,"7206101","6825281",false
345,13,"4209838",5,true,2020-06-29 21:43:57,MARIA JOSE DA SILVA,2020-06-29 21:44:03,RAQUEL SILVA,"7206101","6825281",false
344,13,"4101035",5,true,2020-06-29 21:43:57,MARIA JOSE DA SILVA,2020-06-29 21:44:03,RAQUEL SILVA,"7206101","6825281",false
343,13,"4525760",5,true,2020-06-29 21:43:57,MARIA JOSE DA SILVA,2020-06-29 21:44:03,RAQUEL SILVA,"7206101","6825281",false
340,13,"4110615",5,true,2020-06-29 21:43:57,MARIA JOSE DA SILVA,2020-06-29 21:44:03,RAQUEL SILVA,"7206101","6825281",false
339,13,"4571249",5,true,2020-06-29 21:43:57,MARIA JOSE DA SILVA,2020-06-29 21:44:03,RAQUEL SILVA,"7206101","6825281",false
338,13,"4110613",5,true,2020-06-29 21:43:57,MARIA JOSE DA SILVA,2020-06-29 21:44:03,RAQUEL SILVA,"7206101","6825281",false
337,13,"4667239",5,true,2020-06-29 21:43:57,MARIA JOSE DA SILVA,2020-06-29 21:44:03,RAQUEL SILVA,"7206101","6825281",false
336,13,"4888396",5,true,2020-06-29 21:43:57,MARIA JOSE DA SILVA,2020-06-29 21:44:03,RAQUEL SILVA,"7206101","6825281",false
335,13,"3619802",5,true,2020-06-29 21:43:57,MARIA JOSE DA SILVA,2020-06-29 21:44:03,RAQUEL SILVA,"7206101","6825281",false
334,13,"5445495",5,true,2020-06-29 21:43:57,MARIA JOSE DA SILVA,2020-06-29 21:44:03,RAQUEL SILVA,"7206101","6825281",false
333,13,"4525465",5,true,2020-06-29 21:43:57,MARIA JOSE DA SILVA,2020-06-29 21:44:03,RAQUEL SILVA,"7206101","6825281",false
332,13,"4106961",5,true,2020-06-29 21:43:57,MARIA JOSE DA SILVA,2020-06-29 21:44:03,RAQUEL SILVA,"7206101","6825281",false
331,13,"4098915",5,true,2020-06-29 21:43:57,MARIA JOSE DA SILVA,2020-06-29 21:44:03,RAQUEL SILVA,"7206101","6825281",false
330,13,"5076201",5,true,2020-06-29 21:43:57,MARIA JOSE DA SILVA,2020-06-29 21:44:03,RAQUEL SILVA,"7206101","6825281",false
329,13,"4649794",5,true,2020-06-29 21:43:57,MARIA JOSE DA SILVA,2020-06-29 21:44:03,RAQUEL SILVA,"7206101","6825281",false
328,13,"4100282",5,true,2020-06-29 21:43:57,MARIA JOSE DA SILVA,2020-06-29 21:44:03,RAQUEL SILVA,"7206101","6825281",false
327,13,"4583161",3,true,2020-06-29 21:43:57,MARIA JOSE DA SILVA,2020-06-29 21:44:03,RAQUEL SILVA,"7206101","6825281",false
326,13,"4526467",5,true,2020-06-29 21:43:57,MARIA JOSE DA SILVA,2020-06-29 21:44:03,RAQUEL SILVA,"7206101","6825281",false
536,19,"7406718",0,false,2020-07-15 11:32:45,CLAUDIA DE CASSIA MARQUES DE MELLO,,,"7249942",,false
537,19,"7562424",5,true,2020-07-15 11:32:45,CLAUDIA DE CASSIA MARQUES DE MELLO,2020-07-15 11:32:51,SERGIO PEREIRA,"7249942","8214913",false
535,19,"7147938",5,true,2020-07-15 11:32:45,CLAUDIA DE CASSIA MARQUES DE MELLO,2020-07-15 11:32:51,SERGIO PEREIRA,"7249942","8214913",false
534,19,"6767748",5,true,2020-07-15 11:32:45,CLAUDIA DE CASSIA MARQUES DE MELLO,2020-07-15 11:32:51,SERGIO PEREIRA,"7249942","8214913",false
533,19,"5276508",5,true,2020-07-15 11:32:45,CLAUDIA DE CASSIA MARQUES DE MELLO,2020-07-15 11:32:51,SERGIO PEREIRA,"7249942","8214913",false
532,19,"5269881",5,true,2020-07-15 11:32:45,CLAUDIA DE CASSIA MARQUES DE MELLO,2020-07-15 11:32:51,SERGIO PEREIRA,"7249942","8214913",false
575,21,"6507313",1,false,2020-07-17 18:03:57,THAIS MARQUES XAVIER,2020-07-17 19:27:05,THAIS MARQUES XAVIER,"8393621","8393621",true
342,13,"4811663",5,true,2020-06-29 21:43:57,MARIA JOSE DA SILVA,2020-06-29 21:44:03,RAQUEL SILVA,"7206101","6825281",false
341,13,"4576576",5,true,2020-06-29 21:43:57,MARIA JOSE DA SILVA,2020-06-29 21:44:03,RAQUEL SILVA,"7206101","6825281",false
392,14,"7575054",5,true,2020-06-29 21:53:50,MARIA JOSE DA SILVA,2020-06-29 21:53:52,RAQUEL SILVA,"7206101","6825281",false
391,14,"6853908",5,true,2020-06-29 21:53:50,MARIA JOSE DA SILVA,2020-06-29 21:53:52,RAQUEL SILVA,"7206101","6825281",false
390,14,"5439670",5,true,2020-06-29 21:53:50,MARIA JOSE DA SILVA,2020-06-29 21:53:52,RAQUEL SILVA,"7206101","6825281",false
389,14,"5194858",5,true,2020-06-29 21:53:50,MARIA JOSE DA SILVA,2020-06-29 21:53:52,RAQUEL SILVA,"7206101","6825281",false
388,14,"5194764",5,true,2020-06-29 21:53:50,MARIA JOSE DA SILVA,2020-06-29 21:53:52,RAQUEL SILVA,"7206101","6825281",false
387,14,"5041402",5,true,2020-06-29 21:53:50,MARIA JOSE DA SILVA,2020-06-29 21:53:52,RAQUEL SILVA,"7206101","6825281",false
386,14,"5032847",5,true,2020-06-29 21:53:50,MARIA JOSE DA SILVA,2020-06-29 21:53:52,RAQUEL SILVA,"7206101","6825281",false
385,14,"4966294",5,true,2020-06-29 21:53:50,MARIA JOSE DA SILVA,2020-06-29 21:53:52,RAQUEL SILVA,"7206101","6825281",false
384,14,"4964287",4,true,2020-06-29 21:53:50,MARIA JOSE DA SILVA,2020-06-29 21:53:52,RAQUEL SILVA,"7206101","6825281",false
383,14,"4875500",5,true,2020-06-29 21:53:50,MARIA JOSE DA SILVA,2020-06-29 21:53:52,RAQUEL SILVA,"7206101","6825281",false
382,14,"4829013",5,true,2020-06-29 21:53:50,MARIA JOSE DA SILVA,2020-06-29 21:53:52,RAQUEL SILVA,"7206101","6825281",false
381,14,"4693001",5,true,2020-06-29 21:53:50,MARIA JOSE DA SILVA,2020-06-29 21:53:52,RAQUEL SILVA,"7206101","6825281",false
380,14,"4693000",5,true,2020-06-29 21:53:50,MARIA JOSE DA SILVA,2020-06-29 21:53:52,RAQUEL SILVA,"7206101","6825281",false
379,14,"4651930",5,true,2020-06-29 21:53:50,MARIA JOSE DA SILVA,2020-06-29 21:53:52,RAQUEL SILVA,"7206101","6825281",false
378,14,"4649075",5,true,2020-06-29 21:53:50,MARIA JOSE DA SILVA,2020-06-29 21:53:52,RAQUEL SILVA,"7206101","6825281",false
377,14,"4647364",5,true,2020-06-29 21:53:50,MARIA JOSE DA SILVA,2020-06-29 21:53:52,RAQUEL SILVA,"7206101","6825281",false
376,14,"4564238",5,true,2020-06-29 21:53:50,MARIA JOSE DA SILVA,2020-06-29 21:53:52,RAQUEL SILVA,"7206101","6825281",false
375,14,"4560305",5,true,2020-06-29 21:53:50,MARIA JOSE DA SILVA,2020-06-29 21:53:52,RAQUEL SILVA,"7206101","6825281",false
374,14,"4551575",5,true,2020-06-29 21:53:50,MARIA JOSE DA SILVA,2020-06-29 21:53:52,RAQUEL SILVA,"7206101","6825281",false
373,14,"4526445",5,true,2020-06-29 21:53:50,MARIA JOSE DA SILVA,2020-06-29 21:53:52,RAQUEL SILVA,"7206101","6825281",false
372,14,"4526426",5,true,2020-06-29 21:53:50,MARIA JOSE DA SILVA,2020-06-29 21:53:52,RAQUEL SILVA,"7206101","6825281",false
371,14,"4509009",5,true,2020-06-29 21:53:50,MARIA JOSE DA SILVA,2020-06-29 21:53:52,RAQUEL SILVA,"7206101","6825281",false
370,14,"4491085",5,true,2020-06-29 21:53:50,MARIA JOSE DA SILVA,2020-06-29 21:53:52,RAQUEL SILVA,"7206101","6825281",false
369,14,"4375416",5,true,2020-06-29 21:53:50,MARIA JOSE DA SILVA,2020-06-29 21:53:52,RAQUEL SILVA,"7206101","6825281",false
368,14,"4352946",5,true,2020-06-29 21:53:50,MARIA JOSE DA SILVA,2020-06-29 21:53:52,RAQUEL SILVA,"7206101","6825281",false
367,14,"4352259",5,true,2020-06-29 21:53:50,MARIA JOSE DA SILVA,2020-06-29 21:53:52,RAQUEL SILVA,"7206101","6825281",false
366,14,"4207198",5,true,2020-06-29 21:53:50,MARIA JOSE DA SILVA,2020-06-29 21:53:52,RAQUEL SILVA,"7206101","6825281",false
365,14,"4200623",5,true,2020-06-29 21:53:50,MARIA JOSE DA SILVA,2020-06-29 21:53:52,RAQUEL SILVA,"7206101","6825281",false
364,14,"4100255",5,true,2020-06-29 21:53:50,MARIA JOSE DA SILVA,2020-06-29 21:53:52,RAQUEL SILVA,"7206101","6825281",false
363,14,"4098927",5,true,2020-06-29 21:53:50,MARIA JOSE DA SILVA,2020-06-29 21:53:52,RAQUEL SILVA,"7206101","6825281",false
362,14,"4098841",5,true,2020-06-29 21:53:50,MARIA JOSE DA SILVA,2020-06-29 21:53:52,RAQUEL SILVA,"7206101","6825281",false
361,14,"4098599",5,true,2020-06-29 21:53:50,MARIA JOSE DA SILVA,2020-06-29 21:53:52,RAQUEL SILVA,"7206101","6825281",false
360,14,"3950139",5,true,2020-06-29 21:53:50,MARIA JOSE DA SILVA,2020-06-29 21:53:52,RAQUEL SILVA,"7206101","6825281",false
395,15,"5872934",7,true,2020-07-13 18:16:01,CARLA FERNANDA BARRETO,2020-07-13 18:16:06,GILSON SANTOS DE MELO,"7822529","7929617",false
394,15,"6256589",7,true,2020-07-13 18:16:01,CARLA FERNANDA BARRETO,2020-07-13 18:16:06,GILSON SANTOS DE MELO,"7822529","7929617",false
393,15,"5139252",4,true,2020-07-13 18:16:01,CARLA FERNANDA BARRETO,2020-07-13 18:16:06,GILSON SANTOS DE MELO,"7822529","7929617",false
531,19,"5190353",5,true,2020-07-15 11:32:45,CLAUDIA DE CASSIA MARQUES DE MELLO,2020-07-15 11:32:51,SERGIO PEREIRA,"7249942","8214913",false
528,19,"5111014",5,true,2020-07-15 11:32:45,CLAUDIA DE CASSIA MARQUES DE MELLO,2020-07-15 11:32:51,SERGIO PEREIRA,"7249942","8214913",false
525,19,"5000350",5,true,2020-07-15 11:32:45,CLAUDIA DE CASSIA MARQUES DE MELLO,2020-07-15 11:32:51,SERGIO PEREIRA,"7249942","8214913",false
520,19,"4776864",5,true,2020-07-15 11:32:45,CLAUDIA DE CASSIA MARQUES DE MELLO,2020-07-15 11:32:51,SERGIO PEREIRA,"7249942","8214913",false
516,19,"4775837",5,true,2020-07-15 11:32:45,CLAUDIA DE CASSIA MARQUES DE MELLO,2020-07-15 11:32:51,SERGIO PEREIRA,"7249942","8214913",false
514,19,"4775550",5,true,2020-07-15 11:32:45,CLAUDIA DE CASSIA MARQUES DE MELLO,2020-07-15 11:32:51,SERGIO PEREIRA,"7249942","8214913",false
513,19,"4775531",5,true,2020-07-15 11:32:45,CLAUDIA DE CASSIA MARQUES DE MELLO,2020-07-15 11:32:51,SERGIO PEREIRA,"7249942","8214913",false
507,19,"4694564",5,true,2020-07-15 11:32:45,CLAUDIA DE CASSIA MARQUES DE MELLO,2020-07-15 11:32:51,SERGIO PEREIRA,"7249942","8214913",false
505,19,"4629169",5,true,2020-07-15 11:32:45,CLAUDIA DE CASSIA MARQUES DE MELLO,2020-07-15 11:32:51,SERGIO PEREIRA,"7249942","8214913",false
498,19,"3983678",5,true,2020-07-15 11:32:45,CLAUDIA DE CASSIA MARQUES DE MELLO,2020-07-15 11:32:51,SERGIO PEREIRA,"7249942","8214913",false
417,16,"5103958",5,true,2020-07-15 09:57:24,CLAUDIA DE CASSIA MARQUES DE MELLO,2020-07-15 09:57:31,SERGIO PEREIRA,"7249942","8214913",false
412,16,"4936413",5,true,2020-07-15 09:57:24,CLAUDIA DE CASSIA MARQUES DE MELLO,2020-07-15 09:57:31,SERGIO PEREIRA,"7249942","8214913",false
411,16,"4931316",5,true,2020-07-15 09:57:24,CLAUDIA DE CASSIA MARQUES DE MELLO,2020-07-15 09:57:31,SERGIO PEREIRA,"7249942","8214913",false
410,16,"4929164",5,true,2020-07-15 09:57:24,CLAUDIA DE CASSIA MARQUES DE MELLO,2020-07-15 09:57:31,SERGIO PEREIRA,"7249942","8214913",false
409,16,"4919477",5,true,2020-07-15 09:57:24,CLAUDIA DE CASSIA MARQUES DE MELLO,2020-07-15 09:57:31,SERGIO PEREIRA,"7249942","8214913",false
408,16,"4906602",5,true,2020-07-15 09:57:24,CLAUDIA DE CASSIA MARQUES DE MELLO,2020-07-15 09:57:31,SERGIO PEREIRA,"7249942","8214913",false
407,16,"4840086",5,true,2020-07-15 09:57:24,CLAUDIA DE CASSIA MARQUES DE MELLO,2020-07-15 09:57:31,SERGIO PEREIRA,"7249942","8214913",false
406,16,"4775982",5,true,2020-07-15 09:57:24,CLAUDIA DE CASSIA MARQUES DE MELLO,2020-07-15 09:57:31,SERGIO PEREIRA,"7249942","8214913",false
427,16,"7428111",5,true,2020-07-15 09:57:24,CLAUDIA DE CASSIA MARQUES DE MELLO,2020-07-15 09:57:31,SERGIO PEREIRA,"7249942","8214913",false
426,16,"5787499",5,true,2020-07-15 09:57:24,CLAUDIA DE CASSIA MARQUES DE MELLO,2020-07-15 09:57:31,SERGIO PEREIRA,"7249942","8214913",false
425,16,"5700481",5,true,2020-07-15 09:57:24,CLAUDIA DE CASSIA MARQUES DE MELLO,2020-07-15 09:57:31,SERGIO PEREIRA,"7249942","8214913",false
424,16,"5511213",5,true,2020-07-15 09:57:24,CLAUDIA DE CASSIA MARQUES DE MELLO,2020-07-15 09:57:31,SERGIO PEREIRA,"7249942","8214913",false
423,16,"5298775",5,true,2020-07-15 09:57:24,CLAUDIA DE CASSIA MARQUES DE MELLO,2020-07-15 09:57:31,SERGIO PEREIRA,"7249942","8214913",false
422,16,"5295445",5,true,2020-07-15 09:57:24,CLAUDIA DE CASSIA MARQUES DE MELLO,2020-07-15 09:57:31,SERGIO PEREIRA,"7249942","8214913",false
421,16,"5186499",5,true,2020-07-15 09:57:24,CLAUDIA DE CASSIA MARQUES DE MELLO,2020-07-15 09:57:31,SERGIO PEREIRA,"7249942","8214913",false
420,16,"5185969",5,true,2020-07-15 09:57:24,CLAUDIA DE CASSIA MARQUES DE MELLO,2020-07-15 09:57:31,SERGIO PEREIRA,"7249942","8214913",false
419,16,"5149963",5,true,2020-07-15 09:57:24,CLAUDIA DE CASSIA MARQUES DE MELLO,2020-07-15 09:57:31,SERGIO PEREIRA,"7249942","8214913",false
418,16,"5125871",5,true,2020-07-15 09:57:24,CLAUDIA DE CASSIA MARQUES DE MELLO,2020-07-15 09:57:31,SERGIO PEREIRA,"7249942","8214913",false
416,16,"5080617",5,true,2020-07-15 09:57:24,CLAUDIA DE CASSIA MARQUES DE MELLO,2020-07-15 09:57:31,SERGIO PEREIRA,"7249942","8214913",false
415,16,"5066981",5,true,2020-07-15 09:57:24,CLAUDIA DE CASSIA MARQUES DE MELLO,2020-07-15 09:57:31,SERGIO PEREIRA,"7249942","8214913",false
414,16,"5054001",5,true,2020-07-15 09:57:24,CLAUDIA DE CASSIA MARQUES DE MELLO,2020-07-15 09:57:31,SERGIO PEREIRA,"7249942","8214913",false
413,16,"4978257",5,true,2020-07-15 09:57:24,CLAUDIA DE CASSIA MARQUES DE MELLO,2020-07-15 09:57:31,SERGIO PEREIRA,"7249942","8214913",false
405,16,"4775421",5,true,2020-07-15 09:57:24,CLAUDIA DE CASSIA MARQUES DE MELLO,2020-07-15 09:57:31,SERGIO PEREIRA,"7249942","8214913",false
404,16,"4773134",5,true,2020-07-15 09:57:24,CLAUDIA DE CASSIA MARQUES DE MELLO,2020-07-15 09:57:31,SERGIO PEREIRA,"7249942","8214913",false
403,16,"4768650",5,true,2020-07-15 09:57:24,CLAUDIA DE CASSIA MARQUES DE MELLO,2020-07-15 09:57:31,SERGIO PEREIRA,"7249942","8214913",false
402,16,"4759673",5,true,2020-07-15 09:57:24,CLAUDIA DE CASSIA MARQUES DE MELLO,2020-07-15 09:57:31,SERGIO PEREIRA,"7249942","8214913",false
401,16,"4720080",5,true,2020-07-15 09:57:24,CLAUDIA DE CASSIA MARQUES DE MELLO,2020-07-15 09:57:31,SERGIO PEREIRA,"7249942","8214913",false
400,16,"4701761",5,true,2020-07-15 09:57:24,CLAUDIA DE CASSIA MARQUES DE MELLO,2020-07-15 09:57:31,SERGIO PEREIRA,"7249942","8214913",false
399,16,"4695569",5,true,2020-07-15 09:57:24,CLAUDIA DE CASSIA MARQUES DE MELLO,2020-07-15 09:57:31,SERGIO PEREIRA,"7249942","8214913",false
398,16,"4694826",5,true,2020-07-15 09:57:24,CLAUDIA DE CASSIA MARQUES DE MELLO,2020-07-15 09:57:31,SERGIO PEREIRA,"7249942","8214913",false
397,16,"4686212",5,true,2020-07-15 09:57:24,CLAUDIA DE CASSIA MARQUES DE MELLO,2020-07-15 09:57:31,SERGIO PEREIRA,"7249942","8214913",false
396,16,"4578770",5,true,2020-07-15 09:57:24,CLAUDIA DE CASSIA MARQUES DE MELLO,2020-07-15 09:57:31,SERGIO PEREIRA,"7249942","8214913",false
454,17,"4942911",5,true,2020-07-15 10:39:18,CLAUDIA DE CASSIA MARQUES DE MELLO,2020-07-15 10:39:25,NELSON SERVILHA,"7249942","7214855",false
453,17,"4886336",5,true,2020-07-15 10:39:18,CLAUDIA DE CASSIA MARQUES DE MELLO,2020-07-15 10:39:25,NELSON SERVILHA,"7249942","7214855",false
452,17,"4886316",5,true,2020-07-15 10:39:18,CLAUDIA DE CASSIA MARQUES DE MELLO,2020-07-15 10:39:25,NELSON SERVILHA,"7249942","7214855",false
451,17,"4886310",5,true,2020-07-15 10:39:18,CLAUDIA DE CASSIA MARQUES DE MELLO,2020-07-15 10:39:25,NELSON SERVILHA,"7249942","7214855",false
450,17,"4878323",5,true,2020-07-15 10:39:18,CLAUDIA DE CASSIA MARQUES DE MELLO,2020-07-15 10:39:25,NELSON SERVILHA,"7249942","7214855",false
449,17,"4874598",5,true,2020-07-15 10:39:18,CLAUDIA DE CASSIA MARQUES DE MELLO,2020-07-15 10:39:25,NELSON SERVILHA,"7249942","7214855",false
448,17,"4805305",5,true,2020-07-15 10:39:18,CLAUDIA DE CASSIA MARQUES DE MELLO,2020-07-15 10:39:25,NELSON SERVILHA,"7249942","7214855",false
430,17,"4201888",5,true,2020-07-15 10:39:18,CLAUDIA DE CASSIA MARQUES DE MELLO,2020-07-15 10:39:25,NELSON SERVILHA,"7249942","7214855",false
429,17,"3983566",5,true,2020-07-15 10:39:18,CLAUDIA DE CASSIA MARQUES DE MELLO,2020-07-15 10:39:25,NELSON SERVILHA,"7249942","7214855",false
428,17,"3903243",5,true,2020-07-15 10:39:18,CLAUDIA DE CASSIA MARQUES DE MELLO,2020-07-15 10:39:25,NELSON SERVILHA,"7249942","7214855",false
554,20,"4685770",5,true,2020-07-15 12:00:41,CLAUDIA DE CASSIA MARQUES DE MELLO,2020-07-15 12:00:48,NELSON SERVILHA,"7249942","7214855",false
553,20,"5224761",5,true,2020-07-15 12:00:41,CLAUDIA DE CASSIA MARQUES DE MELLO,2020-07-15 12:00:48,NELSON SERVILHA,"7249942","7214855",false
552,20,"5042848",5,true,2020-07-15 12:00:41,CLAUDIA DE CASSIA MARQUES DE MELLO,2020-07-15 12:00:48,NELSON SERVILHA,"7249942","7214855",false
551,20,"4547161",5,true,2020-07-15 12:00:41,CLAUDIA DE CASSIA MARQUES DE MELLO,2020-07-15 12:00:48,NELSON SERVILHA,"7249942","7214855",false
550,20,"4116762",5,true,2020-07-15 12:00:41,CLAUDIA DE CASSIA MARQUES DE MELLO,2020-07-15 12:00:48,NELSON SERVILHA,"7249942","7214855",false
549,20,"4702869",5,true,2020-07-15 12:00:41,CLAUDIA DE CASSIA MARQUES DE MELLO,2020-07-15 12:00:48,NELSON SERVILHA,"7249942","7214855",false
463,17,"7532004",5,true,2020-07-15 10:39:18,CLAUDIA DE CASSIA MARQUES DE MELLO,2020-07-15 10:39:25,NELSON SERVILHA,"7249942","7214855",false
462,17,"5470476",5,true,2020-07-15 10:39:18,CLAUDIA DE CASSIA MARQUES DE MELLO,2020-07-15 10:39:25,NELSON SERVILHA,"7249942","7214855",false
461,17,"5232572",5,true,2020-07-15 10:39:18,CLAUDIA DE CASSIA MARQUES DE MELLO,2020-07-15 10:39:25,NELSON SERVILHA,"7249942","7214855",false
460,17,"5199741",5,true,2020-07-15 10:39:18,CLAUDIA DE CASSIA MARQUES DE MELLO,2020-07-15 10:39:25,NELSON SERVILHA,"7249942","7214855",false
459,17,"5127822",5,true,2020-07-15 10:39:18,CLAUDIA DE CASSIA MARQUES DE MELLO,2020-07-15 10:39:25,NELSON SERVILHA,"7249942","7214855",false
458,17,"5127659",5,true,2020-07-15 10:39:18,CLAUDIA DE CASSIA MARQUES DE MELLO,2020-07-15 10:39:25,NELSON SERVILHA,"7249942","7214855",false
457,17,"5102081",5,true,2020-07-15 10:39:18,CLAUDIA DE CASSIA MARQUES DE MELLO,2020-07-15 10:39:25,NELSON SERVILHA,"7249942","7214855",false
456,17,"5102077",5,true,2020-07-15 10:39:18,CLAUDIA DE CASSIA MARQUES DE MELLO,2020-07-15 10:39:25,NELSON SERVILHA,"7249942","7214855",false
455,17,"5092323",5,true,2020-07-15 10:39:18,CLAUDIA DE CASSIA MARQUES DE MELLO,2020-07-15 10:39:25,NELSON SERVILHA,"7249942","7214855",false
447,17,"4802765",5,true,2020-07-15 10:39:18,CLAUDIA DE CASSIA MARQUES DE MELLO,2020-07-15 10:39:25,NELSON SERVILHA,"7249942","7214855",false
446,17,"4776933",5,true,2020-07-15 10:39:18,CLAUDIA DE CASSIA MARQUES DE MELLO,2020-07-15 10:39:25,NELSON SERVILHA,"7249942","7214855",false
445,17,"4776843",5,true,2020-07-15 10:39:18,CLAUDIA DE CASSIA MARQUES DE MELLO,2020-07-15 10:39:25,NELSON SERVILHA,"7249942","7214855",false
444,17,"4776841",5,true,2020-07-15 10:39:18,CLAUDIA DE CASSIA MARQUES DE MELLO,2020-07-15 10:39:25,NELSON SERVILHA,"7249942","7214855",false
443,17,"4775485",5,true,2020-07-15 10:39:18,CLAUDIA DE CASSIA MARQUES DE MELLO,2020-07-15 10:39:25,NELSON SERVILHA,"7249942","7214855",false
442,17,"4695622",5,true,2020-07-15 10:39:18,CLAUDIA DE CASSIA MARQUES DE MELLO,2020-07-15 10:39:25,NELSON SERVILHA,"7249942","7214855",false
441,17,"4644832",5,true,2020-07-15 10:39:18,CLAUDIA DE CASSIA MARQUES DE MELLO,2020-07-15 10:39:25,NELSON SERVILHA,"7249942","7214855",false
440,17,"4616703",5,true,2020-07-15 10:39:18,CLAUDIA DE CASSIA MARQUES DE MELLO,2020-07-15 10:39:25,NELSON SERVILHA,"7249942","7214855",false
439,17,"4598399",5,true,2020-07-15 10:39:18,CLAUDIA DE CASSIA MARQUES DE MELLO,2020-07-15 10:39:25,NELSON SERVILHA,"7249942","7214855",false
438,17,"4573375",5,true,2020-07-15 10:39:18,CLAUDIA DE CASSIA MARQUES DE MELLO,2020-07-15 10:39:25,NELSON SERVILHA,"7249942","7214855",false
437,17,"4572244",5,true,2020-07-15 10:39:18,CLAUDIA DE CASSIA MARQUES DE MELLO,2020-07-15 10:39:25,NELSON SERVILHA,"7249942","7214855",false
436,17,"4461692",5,true,2020-07-15 10:39:18,CLAUDIA DE CASSIA MARQUES DE MELLO,2020-07-15 10:39:25,NELSON SERVILHA,"7249942","7214855",false
435,17,"4415897",5,true,2020-07-15 10:39:18,CLAUDIA DE CASSIA MARQUES DE MELLO,2020-07-15 10:39:25,NELSON SERVILHA,"7249942","7214855",false
434,17,"4343252",5,true,2020-07-15 10:39:18,CLAUDIA DE CASSIA MARQUES DE MELLO,2020-07-15 10:39:25,NELSON SERVILHA,"7249942","7214855",false
433,17,"4296874",5,true,2020-07-15 10:39:18,CLAUDIA DE CASSIA MARQUES DE MELLO,2020-07-15 10:39:25,NELSON SERVILHA,"7249942","7214855",false
432,17,"4227289",5,true,2020-07-15 10:39:18,CLAUDIA DE CASSIA MARQUES DE MELLO,2020-07-15 10:39:25,NELSON SERVILHA,"7249942","7214855",false
431,17,"4207386",5,true,2020-07-15 10:39:18,CLAUDIA DE CASSIA MARQUES DE MELLO,2020-07-15 10:39:25,NELSON SERVILHA,"7249942","7214855",false
487,18,"4683145",5,true,2020-07-15 11:03:14,CLAUDIA DE CASSIA MARQUES DE MELLO,2020-07-15 11:03:17,SERGIO PEREIRA,"7249942","8214913",false
486,18,"5492166",5,true,2020-07-15 11:03:14,CLAUDIA DE CASSIA MARQUES DE MELLO,2020-07-15 11:03:17,SERGIO PEREIRA,"7249942","8214913",false
485,18,"4201903",5,true,2020-07-15 11:03:14,CLAUDIA DE CASSIA MARQUES DE MELLO,2020-07-15 11:03:17,SERGIO PEREIRA,"7249942","8214913",false
484,18,"4473082",5,true,2020-07-15 11:03:14,CLAUDIA DE CASSIA MARQUES DE MELLO,2020-07-15 11:03:17,SERGIO PEREIRA,"7249942","8214913",false
483,18,"4886344",5,true,2020-07-15 11:03:14,CLAUDIA DE CASSIA MARQUES DE MELLO,2020-07-15 11:03:17,SERGIO PEREIRA,"7249942","8214913",false
482,18,"7532003",5,true,2020-07-15 11:03:14,CLAUDIA DE CASSIA MARQUES DE MELLO,2020-07-15 11:03:17,SERGIO PEREIRA,"7249942","8214913",false
481,18,"7529821",5,true,2020-07-15 11:03:14,CLAUDIA DE CASSIA MARQUES DE MELLO,2020-07-15 11:03:17,SERGIO PEREIRA,"7249942","8214913",false
476,18,"5201333",5,true,2020-07-15 11:03:14,CLAUDIA DE CASSIA MARQUES DE MELLO,2020-07-15 11:03:17,SERGIO PEREIRA,"7249942","8214913",false
475,18,"4163832",5,true,2020-07-15 11:03:14,CLAUDIA DE CASSIA MARQUES DE MELLO,2020-07-15 11:03:17,SERGIO PEREIRA,"7249942","8214913",false
474,18,"4487554",5,true,2020-07-15 11:03:14,CLAUDIA DE CASSIA MARQUES DE MELLO,2020-07-15 11:03:17,SERGIO PEREIRA,"7249942","8214913",false
473,18,"4178040",5,true,2020-07-15 11:03:14,CLAUDIA DE CASSIA MARQUES DE MELLO,2020-07-15 11:03:17,SERGIO PEREIRA,"7249942","8214913",false
472,18,"4659008",5,true,2020-07-15 11:03:14,CLAUDIA DE CASSIA MARQUES DE MELLO,2020-07-15 11:03:17,SERGIO PEREIRA,"7249942","8214913",false
471,18,"4477095",5,true,2020-07-15 11:03:14,CLAUDIA DE CASSIA MARQUES DE MELLO,2020-07-15 11:03:17,SERGIO PEREIRA,"7249942","8214913",false
470,18,"4770467",5,true,2020-07-15 11:03:14,CLAUDIA DE CASSIA MARQUES DE MELLO,2020-07-15 11:03:17,SERGIO PEREIRA,"7249942","8214913",false
469,18,"4768623",5,true,2020-07-15 11:03:14,CLAUDIA DE CASSIA MARQUES DE MELLO,2020-07-15 11:03:17,SERGIO PEREIRA,"7249942","8214913",false
468,18,"4966215",5,true,2020-07-15 11:03:14,CLAUDIA DE CASSIA MARQUES DE MELLO,2020-07-15 11:03:17,SERGIO PEREIRA,"7249942","8214913",false
467,18,"4688056",5,true,2020-07-15 11:03:14,CLAUDIA DE CASSIA MARQUES DE MELLO,2020-07-15 11:03:17,SERGIO PEREIRA,"7249942","8214913",false
570,20,"4201891",5,true,2020-07-15 12:00:41,CLAUDIA DE CASSIA MARQUES DE MELLO,2020-07-15 12:00:48,NELSON SERVILHA,"7249942","7214855",false
569,20,"4389974",5,true,2020-07-15 12:00:41,CLAUDIA DE CASSIA MARQUES DE MELLO,2020-07-15 12:00:48,NELSON SERVILHA,"7249942","7214855",false
568,20,"4702560",5,true,2020-07-15 12:00:41,CLAUDIA DE CASSIA MARQUES DE MELLO,2020-07-15 12:00:48,NELSON SERVILHA,"7249942","7214855",false
567,20,"5196060",5,true,2020-07-15 12:00:41,CLAUDIA DE CASSIA MARQUES DE MELLO,2020-07-15 12:00:48,NELSON SERVILHA,"7249942","7214855",false
582,21,"5139456",1,false,2020-07-17 18:03:57,THAIS MARQUES XAVIER,2020-07-17 19:27:05,THAIS MARQUES XAVIER,"8393621","8393621",true
497,18,"3791230",5,true,2020-07-15 11:03:14,CLAUDIA DE CASSIA MARQUES DE MELLO,2020-07-15 11:03:17,SERGIO PEREIRA,"7249942","8214913",false
496,18,"5111044",5,true,2020-07-15 11:03:14,CLAUDIA DE CASSIA MARQUES DE MELLO,2020-07-15 11:03:17,SERGIO PEREIRA,"7249942","8214913",false
495,18,"4961383",5,true,2020-07-15 11:03:14,CLAUDIA DE CASSIA MARQUES DE MELLO,2020-07-15 11:03:17,SERGIO PEREIRA,"7249942","8214913",false
494,18,"4928811",5,true,2020-07-15 11:03:14,CLAUDIA DE CASSIA MARQUES DE MELLO,2020-07-15 11:03:17,SERGIO PEREIRA,"7249942","8214913",false
493,18,"5155576",5,true,2020-07-15 11:03:14,CLAUDIA DE CASSIA MARQUES DE MELLO,2020-07-15 11:03:17,SERGIO PEREIRA,"7249942","8214913",false
492,18,"4428158",5,true,2020-07-15 11:03:14,CLAUDIA DE CASSIA MARQUES DE MELLO,2020-07-15 11:03:17,SERGIO PEREIRA,"7249942","8214913",false
491,18,"4783162",5,true,2020-07-15 11:03:14,CLAUDIA DE CASSIA MARQUES DE MELLO,2020-07-15 11:03:17,SERGIO PEREIRA,"7249942","8214913",false
490,18,"4545055",5,true,2020-07-15 11:03:14,CLAUDIA DE CASSIA MARQUES DE MELLO,2020-07-15 11:03:17,SERGIO PEREIRA,"7249942","8214913",false
489,18,"5136883",5,true,2020-07-15 11:03:14,CLAUDIA DE CASSIA MARQUES DE MELLO,2020-07-15 11:03:17,SERGIO PEREIRA,"7249942","8214913",false
488,18,"7529822",5,true,2020-07-15 11:03:14,CLAUDIA DE CASSIA MARQUES DE MELLO,2020-07-15 11:03:17,SERGIO PEREIRA,"7249942","8214913",false
480,18,"5144152",5,true,2020-07-15 11:03:14,CLAUDIA DE CASSIA MARQUES DE MELLO,2020-07-15 11:03:17,SERGIO PEREIRA,"7249942","8214913",false
479,18,"4875873",5,true,2020-07-15 11:03:14,CLAUDIA DE CASSIA MARQUES DE MELLO,2020-07-15 11:03:17,SERGIO PEREIRA,"7249942","8214913",false
478,18,"4855264",5,true,2020-07-15 11:03:14,CLAUDIA DE CASSIA MARQUES DE MELLO,2020-07-15 11:03:17,SERGIO PEREIRA,"7249942","8214913",false
477,18,"5002336",5,true,2020-07-15 11:03:14,CLAUDIA DE CASSIA MARQUES DE MELLO,2020-07-15 11:03:17,SERGIO PEREIRA,"7249942","8214913",false
466,18,"5168559",5,true,2020-07-15 11:03:14,CLAUDIA DE CASSIA MARQUES DE MELLO,2020-07-15 11:03:17,SERGIO PEREIRA,"7249942","8214913",false
465,18,"4942020",5,true,2020-07-15 11:03:14,CLAUDIA DE CASSIA MARQUES DE MELLO,2020-07-15 11:03:17,SERGIO PEREIRA,"7249942","8214913",false
464,18,"4201892",5,true,2020-07-15 11:03:14,CLAUDIA DE CASSIA MARQUES DE MELLO,2020-07-15 11:03:17,SERGIO PEREIRA,"7249942","8214913",false
572,20,"5093184",5,true,2020-07-15 12:00:41,CLAUDIA DE CASSIA MARQUES DE MELLO,2020-07-15 12:00:48,NELSON SERVILHA,"7249942","7214855",false
571,20,"5314228",5,true,2020-07-15 12:00:41,CLAUDIA DE CASSIA MARQUES DE MELLO,2020-07-15 12:00:48,NELSON SERVILHA,"7249942","7214855",false
566,20,"4201885",5,true,2020-07-15 12:00:41,CLAUDIA DE CASSIA MARQUES DE MELLO,2020-07-15 12:00:48,NELSON SERVILHA,"7249942","7214855",false
565,20,"5061274",5,true,2020-07-15 12:00:41,CLAUDIA DE CASSIA MARQUES DE MELLO,2020-07-15 12:00:48,NELSON SERVILHA,"7249942","7214855",false
564,20,"5155563",5,true,2020-07-15 12:00:41,CLAUDIA DE CASSIA MARQUES DE MELLO,2020-07-15 12:00:48,NELSON SERVILHA,"7249942","7214855",false
563,20,"4499881",5,true,2020-07-15 12:00:41,CLAUDIA DE CASSIA MARQUES DE MELLO,2020-07-15 12:00:48,NELSON SERVILHA,"7249942","7214855",false
562,20,"5085943",5,true,2020-07-15 12:00:41,CLAUDIA DE CASSIA MARQUES DE MELLO,2020-07-15 12:00:48,NELSON SERVILHA,"7249942","7214855",false
561,20,"4696501",5,true,2020-07-15 12:00:41,CLAUDIA DE CASSIA MARQUES DE MELLO,2020-07-15 12:00:48,NELSON SERVILHA,"7249942","7214855",false
560,20,"4855344",5,true,2020-07-15 12:00:41,CLAUDIA DE CASSIA MARQUES DE MELLO,2020-07-15 12:00:48,NELSON SERVILHA,"7249942","7214855",false
559,20,"4678216",5,true,2020-07-15 12:00:41,CLAUDIA DE CASSIA MARQUES DE MELLO,2020-07-15 12:00:48,NELSON SERVILHA,"7249942","7214855",false
558,20,"4651097",5,true,2020-07-15 12:00:41,CLAUDIA DE CASSIA MARQUES DE MELLO,2020-07-15 12:00:48,NELSON SERVILHA,"7249942","7214855",false
557,20,"4776845",5,true,2020-07-15 12:00:41,CLAUDIA DE CASSIA MARQUES DE MELLO,2020-07-15 12:00:48,NELSON SERVILHA,"7249942","7214855",false
556,20,"5026045",5,true,2020-07-15 12:00:41,CLAUDIA DE CASSIA MARQUES DE MELLO,2020-07-15 12:00:48,NELSON SERVILHA,"7249942","7214855",false
555,20,"7342231",5,true,2020-07-15 12:00:41,CLAUDIA DE CASSIA MARQUES DE MELLO,2020-07-15 12:00:48,NELSON SERVILHA,"7249942","7214855",false
548,20,"7399704",5,true,2020-07-15 12:00:41,CLAUDIA DE CASSIA MARQUES DE MELLO,2020-07-15 12:00:48,NELSON SERVILHA,"7249942","7214855",false
547,20,"6274630",5,true,2020-07-15 12:00:41,CLAUDIA DE CASSIA MARQUES DE MELLO,2020-07-15 12:00:48,NELSON SERVILHA,"7249942","7214855",false
546,20,"4718915",5,true,2020-07-15 12:00:41,CLAUDIA DE CASSIA MARQUES DE MELLO,2020-07-15 12:00:48,NELSON SERVILHA,"7249942","7214855",false
545,20,"4100821",5,true,2020-07-15 12:00:41,CLAUDIA DE CASSIA MARQUES DE MELLO,2020-07-15 12:00:48,NELSON SERVILHA,"7249942","7214855",false
544,20,"5092162",5,true,2020-07-15 12:00:41,CLAUDIA DE CASSIA MARQUES DE MELLO,2020-07-15 12:00:48,NELSON SERVILHA,"7249942","7214855",false
543,20,"5102016",5,true,2020-07-15 12:00:41,CLAUDIA DE CASSIA MARQUES DE MELLO,2020-07-15 12:00:48,NELSON SERVILHA,"7249942","7214855",false
542,20,"4775674",5,true,2020-07-15 12:00:41,CLAUDIA DE CASSIA MARQUES DE MELLO,2020-07-15 12:00:48,NELSON SERVILHA,"7249942","7214855",false
541,20,"4547063",5,true,2020-07-15 12:00:41,CLAUDIA DE CASSIA MARQUES DE MELLO,2020-07-15 12:00:48,NELSON SERVILHA,"7249942","7214855",false
540,20,"4776691",5,true,2020-07-15 12:00:41,CLAUDIA DE CASSIA MARQUES DE MELLO,2020-07-15 12:00:48,NELSON SERVILHA,"7249942","7214855",false
539,20,"6126423",5,true,2020-07-15 12:00:41,CLAUDIA DE CASSIA MARQUES DE MELLO,2020-07-15 12:00:48,NELSON SERVILHA,"7249942","7214855",false
538,20,"4776640",5,true,2020-07-15 12:00:41,CLAUDIA DE CASSIA MARQUES DE MELLO,2020-07-15 12:00:48,NELSON SERVILHA,"7249942","7214855",false
593,22,"7347141",7,false,2020-07-17 18:19:06,THAIS MARQUES XAVIER,2020-07-17 20:55:10,THAIS MARQUES XAVIER,"8393621","8393621",true
592,22,"6507313",7,false,2020-07-17 18:19:06,THAIS MARQUES XAVIER,2020-07-17 20:55:10,THAIS MARQUES XAVIER,"8393621","8393621",true
591,22,"6247573",5,false,2020-07-17 18:19:06,THAIS MARQUES XAVIER,2020-07-17 20:55:10,THAIS MARQUES XAVIER,"8393621","8393621",true
609,24,"7347141",2,false,2020-07-17 19:18:11,THAIS MARQUES XAVIER,2020-07-17 19:24:39,THAIS MARQUES XAVIER,"8393621","8393621",true
608,24,"5215808",2,false,2020-07-17 19:18:11,THAIS MARQUES XAVIER,2020-07-17 19:24:39,THAIS MARQUES XAVIER,"8393621","8393621",true
607,24,"5955506",2,false,2020-07-17 19:18:11,THAIS MARQUES XAVIER,2020-07-17 19:24:39,THAIS MARQUES XAVIER,"8393621","8393621",true
606,24,"6507313",2,false,2020-07-17 19:18:11,THAIS MARQUES XAVIER,2020-07-17 19:24:39,THAIS MARQUES XAVIER,"8393621","8393621",true
605,24,"5588640",2,false,2020-07-17 19:18:11,THAIS MARQUES XAVIER,2020-07-17 19:24:39,THAIS MARQUES XAVIER,"8393621","8393621",true
604,24,"5684905",2,false,2020-07-17 19:18:11,THAIS MARQUES XAVIER,2020-07-17 19:24:39,THAIS MARQUES XAVIER,"8393621","8393621",true
581,21,"5727047",1,false,2020-07-17 18:03:57,THAIS MARQUES XAVIER,2020-07-17 19:27:05,THAIS MARQUES XAVIER,"8393621","8393621",true
580,21,"6247573",1,false,2020-07-17 18:03:57,THAIS MARQUES XAVIER,2020-07-17 19:27:05,THAIS MARQUES XAVIER,"8393621","8393621",true
579,21,"5718519",1,false,2020-07-17 18:03:57,THAIS MARQUES XAVIER,2020-07-17 19:27:05,THAIS MARQUES XAVIER,"8393621","8393621",true
578,21,"7347141",1,false,2020-07-17 18:03:57,THAIS MARQUES XAVIER,2020-07-17 19:27:05,THAIS MARQUES XAVIER,"8393621","8393621",true
577,21,"5215808",1,false,2020-07-17 18:03:57,THAIS MARQUES XAVIER,2020-07-17 19:27:05,THAIS MARQUES XAVIER,"8393621","8393621",true
576,21,"5955506",1,false,2020-07-17 18:03:57,THAIS MARQUES XAVIER,2020-07-17 19:27:05,THAIS MARQUES XAVIER,"8393621","8393621",true
574,21,"5588640",1,false,2020-07-17 18:03:57,THAIS MARQUES XAVIER,2020-07-17 19:27:05,THAIS MARQUES XAVIER,"8393621","8393621",true
573,21,"5684905",1,false,2020-07-17 18:03:57,THAIS MARQUES XAVIER,2020-07-17 19:27:05,THAIS MARQUES XAVIER,"8393621","8393621",true
594,23,"5684905",1,false,2020-07-17 18:41:43,THAIS MARQUES XAVIER,2020-07-17 19:24:00,THAIS MARQUES XAVIER,"8393621","8393621",true
595,23,"5588640",1,false,2020-07-17 18:41:43,THAIS MARQUES XAVIER,2020-07-17 19:24:00,THAIS MARQUES XAVIER,"8393621","8393621",true
596,23,"6507313",1,false,2020-07-17 18:41:43,THAIS MARQUES XAVIER,2020-07-17 19:24:00,THAIS MARQUES XAVIER,"8393621","8393621",true
597,23,"5955506",1,false,2020-07-17 18:41:43,THAIS MARQUES XAVIER,2020-07-17 19:24:00,THAIS MARQUES XAVIER,"8393621","8393621",true
598,23,"5215808",1,false,2020-07-17 18:41:43,THAIS MARQUES XAVIER,2020-07-17 19:24:00,THAIS MARQUES XAVIER,"8393621","8393621",true
599,23,"7347141",1,false,2020-07-17 18:41:43,THAIS MARQUES XAVIER,2020-07-17 19:24:00,THAIS MARQUES XAVIER,"8393621","8393621",true
603,23,"5139456",1,false,2020-07-17 18:41:43,THAIS MARQUES XAVIER,2020-07-17 19:24:00,THAIS MARQUES XAVIER,"8393621","8393621",true
602,23,"5727047",1,false,2020-07-17 18:41:43,THAIS MARQUES XAVIER,2020-07-17 19:24:00,THAIS MARQUES XAVIER,"8393621","8393621",true
601,23,"6247573",1,false,2020-07-17 18:41:43,THAIS MARQUES XAVIER,2020-07-17 19:24:00,THAIS MARQUES XAVIER,"8393621","8393621",true
600,23,"5718519",1,false,2020-07-17 18:41:43,THAIS MARQUES XAVIER,2020-07-17 19:24:00,THAIS MARQUES XAVIER,"8393621","8393621",true
613,24,"5139456",2,false,2020-07-17 19:18:11,THAIS MARQUES XAVIER,2020-07-17 19:24:39,THAIS MARQUES XAVIER,"8393621","8393621",true
612,24,"5727047",2,false,2020-07-17 19:18:11,THAIS MARQUES XAVIER,2020-07-17 19:24:39,THAIS MARQUES XAVIER,"8393621","8393621",true
611,24,"6247573",2,false,2020-07-17 19:18:11,THAIS MARQUES XAVIER,2020-07-17 19:24:39,THAIS MARQUES XAVIER,"8393621","8393621",true
610,24,"5718519",2,false,2020-07-17 19:18:11,THAIS MARQUES XAVIER,2020-07-17 19:24:39,THAIS MARQUES XAVIER,"8393621","8393621",true
623,25,"5139456",4,false,2020-07-17 21:37:58,THAIS MARQUES XAVIER,2020-07-17 21:50:26,THAIS MARQUES XAVIER,"8393621","8393621",true
622,25,"5727047",4,false,2020-07-17 21:37:58,THAIS MARQUES XAVIER,2020-07-17 21:50:26,THAIS MARQUES XAVIER,"8393621","8393621",true
621,25,"6247573",3,false,2020-07-17 21:37:58,THAIS MARQUES XAVIER,2020-07-17 21:50:27,THAIS MARQUES XAVIER,"8393621","8393621",true
620,25,"5718519",3,false,2020-07-17 21:37:58,THAIS MARQUES XAVIER,2020-07-17 21:50:27,THAIS MARQUES XAVIER,"8393621","8393621",true
619,25,"7347141",4,false,2020-07-17 21:37:58,THAIS MARQUES XAVIER,2020-07-17 21:50:27,THAIS MARQUES XAVIER,"8393621","8393621",true
618,25,"5215808",4,false,2020-07-17 21:37:58,THAIS MARQUES XAVIER,2020-07-17 21:50:27,THAIS MARQUES XAVIER,"8393621","8393621",true
583,22,"5588640",7,false,2020-07-17 18:19:06,THAIS MARQUES XAVIER,2020-07-17 20:55:10,THAIS MARQUES XAVIER,"8393621","8393621",true
584,22,"5215808",2,false,2020-07-17 18:19:06,THAIS MARQUES XAVIER,2020-07-17 20:55:10,THAIS MARQUES XAVIER,"8393621","8393621",true
585,22,"5106701",2,false,2020-07-17 18:19:06,THAIS MARQUES XAVIER,2020-07-17 20:55:10,THAIS MARQUES XAVIER,"8393621","8393621",true
586,22,"5139456",4,false,2020-07-17 18:19:06,THAIS MARQUES XAVIER,2020-07-17 20:55:10,THAIS MARQUES XAVIER,"8393621","8393621",true
587,22,"5684905",6,false,2020-07-17 18:19:06,THAIS MARQUES XAVIER,2020-07-17 20:55:10,THAIS MARQUES XAVIER,"8393621","8393621",true
588,22,"5718519",4,false,2020-07-17 18:19:06,THAIS MARQUES XAVIER,2020-07-17 20:55:10,THAIS MARQUES XAVIER,"8393621","8393621",true
589,22,"5727047",5,false,2020-07-17 18:19:06,THAIS MARQUES XAVIER,2020-07-17 20:55:10,THAIS MARQUES XAVIER,"8393621","8393621",true
590,22,"5955506",5,false,2020-07-17 18:19:06,THAIS MARQUES XAVIER,2020-07-17 20:55:10,THAIS MARQUES XAVIER,"8393621","8393621",true
617,25,"5955506",4,false,2020-07-17 21:37:58,THAIS MARQUES XAVIER,2020-07-17 21:50:27,THAIS MARQUES XAVIER,"8393621","8393621",true
616,25,"6507313",4,false,2020-07-17 21:37:58,THAIS MARQUES XAVIER,2020-07-17 21:50:27,THAIS MARQUES XAVIER,"8393621","8393621",true
615,25,"5588640",4,false,2020-07-17 21:37:58,THAIS MARQUES XAVIER,2020-07-17 21:50:27,THAIS MARQUES XAVIER,"8393621","8393621",true
614,25,"5684905",4,false,2020-07-17 21:37:58,THAIS MARQUES XAVIER,2020-07-17 21:50:27,THAIS MARQUES XAVIER,"8393621","8393621",true
624,26,"5955506",5,false,2020-07-17 22:01:56,THAIS MARQUES XAVIER,2020-07-21 15:17:24,THAIS MARQUES XAVIER,"8393621","8393621",true
627,26,"7347141",9,true,2020-07-17 22:01:56,THAIS MARQUES XAVIER,2020-07-21 15:17:29,ANDRE CALARESI,"8393621","8161585",false
626,26,"6507313",5,true,2020-07-17 22:01:56,THAIS MARQUES XAVIER,2020-07-21 15:17:29,ANDRE CALARESI,"8393621","8161585",false
625,26,"6247573",4,true,2020-07-17 22:01:56,THAIS MARQUES XAVIER,2020-07-21 15:17:29,ANDRE CALARESI,"8393621","8161585",false
633,26,"5684905",4,true,2020-07-17 22:01:56,THAIS MARQUES XAVIER,2020-07-21 15:17:29,ANDRE CALARESI,"8393621","8161585",false
632,26,"5139456",5,true,2020-07-17 22:01:56,THAIS MARQUES XAVIER,2020-07-21 15:17:29,ANDRE CALARESI,"8393621","8161585",false
631,26,"5215808",5,true,2020-07-17 22:01:56,THAIS MARQUES XAVIER,2020-07-21 15:17:29,ANDRE CALARESI,"8393621","8161585",false
630,26,"5588640",7,true,2020-07-17 22:01:56,THAIS MARQUES XAVIER,2020-07-21 15:17:29,ANDRE CALARESI,"8393621","8161585",false
629,26,"5718519",4,true,2020-07-17 22:01:56,THAIS MARQUES XAVIER,2020-07-21 15:17:29,ANDRE CALARESI,"8393621","8161585",false
628,26,"5727047",4,true,2020-07-17 22:01:56,THAIS MARQUES XAVIER,2020-07-21 15:17:29,ANDRE CALARESI,"8393621","8161585",false
634,27,"5267187",0,false,2020-07-21 20:14:46,ANDREZA LOPES DE OLIVEIRA,,,"8021856",,false
635,28,"5698059",0,false,2020-07-28 15:22:06,ANDREZA LOPES DE OLIVEIRA,,,"8021856",,false
636,29,"5008928",0,false,2020-07-28 15:57:25,ANDREZA LOPES DE OLIVEIRA,,,"8021856",,false
637,29,"6097406",0,false,2020-07-28 15:57:25,ANDREZA LOPES DE OLIVEIRA,,,"8021856",,false
