"id","bimestre","disciplina_id","turma_id","nome","descricao","criado_em","criado_por","alterado_em","alterado_por","criado_rf","alterado_rf","excluido","migrado","ano_letivo"
1,1,"1105",208989,Atividades realizadas durante o bimestre,"<p>O aluno Felipe de Sousa Gonçalves viajou com familiares e esteve ausente entre o dia 10/02 ao dia 06/03.</p><p>Destaco que, o aluno não teve prejuízo de aprendizagem, pois, compensou todas as aulas que perdeu durante sua viagem. O aluno realizou as atividades em casa.&nbsp;</p>",2020-05-28 14:49:27,CELINA CARVALHO GALDINO DA SILVA,2020-05-28 14:59:28,CELINA CARVALHO GALDINO DA SILVA,"8396434","8396434",true,false,2020
2,1,"1105",208989,Atividades realizadas durante o bimestre,"<p>Língua Portuguesa: - Explorar atividades empregando corretamente as questões ortográficas.</p><p>Matemática: Explorar situações problemas e cálculos que envolvam as quatro operações: adição, subtração, multiplicação e divisão; Explorar o Sistema de numeração decimal – números até a 5ª ordem.&nbsp;</p>",2020-05-28 15:07:00,CELINA CARVALHO GALDINO DA SILVA,2020-05-28 15:14:38,CELINA CARVALHO GALDINO DA SILVA,"8396434","8396434",true,false,2020
3,1,"1105",208989,Atividades realizadas durante o bimestre,"<p>Matemática: Explorar situações problemas e cálculos que envolvam as quatro operações: adição, subtração, multiplicação e divisão; Explorar o Sistema de numeração decimal – números até a 5ª ordem.&nbsp;</p><p>Língua Portuguesa: Explorar atividades empregando corretamente as questões ortográficas.</p>",2020-05-28 15:18:51,CELINA CARVALHO GALDINO DA SILVA,,,"8396434",,false,false,2020
4,1,"9",209270,Video sobre Gratitude,"<p>Video sobre ""Gratitude"" tema gerador da escola.</p>",2020-05-31 17:46:26,MARIA APARECIDA RODRIGUES ALVES,2020-05-31 17:46:59,MARIA APARECIDA RODRIGUES ALVES,"8096252","8096252",true,false,2020
6,1,"2",213748,"INSTRUÇÃO NORMATIVA SME Nº 13, DE 19 DE MARÇO DE 2020","<p>INSTRUÇÃO NORMATIVA SME Nº 13, DE 19 DE MARÇO DE 2020</p><p>Art. 2º Não serão computadas as ausências dos estudantes no período compreendido entre 16 e 20/03/2020, destinado à realização de atividades de orientação, medidas básicas de higiene, de prevenção e de preservação à saúde</p>",2020-06-29 19:13:17,MARIA JOSE DA SILVA,2020-06-29 19:24:01,MARIA JOSE DA SILVA,"7206101","7206101",false,false,2020
5,1,"2",213749,"INSTRUÇÃO NORMATIVA SME Nº 13, DE 19 DE MARÇO DE 2020","<p>INSTRUÇÃO NORMATIVA SME Nº 13, DE 19 DE MARÇO DE 2020</p><p>Art. 2º Não serão computadas as ausências dos estudantes no período compreendido entre 16 e 20/03/2020, destinado à realização de atividades de orientação, medidas básicas de higiene, de prevenção e de preservação à saúde.</p>",2020-06-29 17:29:13,MARIA JOSE DA SILVA,2020-06-29 19:26:16,MARIA JOSE DA SILVA,"7206101","7206101",false,false,2020
7,1,"2",213729,"INSTRUÇÃO NORMATIVA SME Nº 13, DE 19 DE MARÇO DE 2020","<p>INSTRUÇÃO NORMATIVA SME Nº 13, DE 19 DE MARÇO DE 2020</p><p>Art. 2º Não serão computadas as ausências dos estudantes no período compreendido entre 16 e 20/03/2020, destinado à realização de atividades de orientação, medidas básicas de higiene, de prevenção e de preservação à saúde.</p>",2020-06-29 19:28:25,MARIA JOSE DA SILVA,2020-06-29 20:33:23,MARIA JOSE DA SILVA,"7206101","7206101",false,false,2020
8,1,"2",213731,"INSTRUÇÃO NORMATIVA SME Nº 13, DE 19 DE MARÇO DE 2020","<p>INSTRUÇÃO NORMATIVA SME Nº 13, DE 19 DE MARÇO DE 2020</p><p>Art. 2º Não serão computadas as ausências dos estudantes no período compreendido entre 16 e 20/03/2020, destinado à realização de atividades de orientação, medidas básicas de higiene, de prevenção e de preservação à saúde.</p>",2020-06-29 19:30:47,MARIA JOSE DA SILVA,2020-06-29 20:42:13,MARIA JOSE DA SILVA,"7206101","7206101",false,false,2020
9,1,"2",213733,"INSTRUÇÃO NORMATIVA SME Nº 13, DE 19 DE MARÇO DE 2020","<p>INSTRUÇÃO NORMATIVA SME Nº 13, DE 19 DE MARÇO DE 2020</p><p>Art. 2º Não serão computadas as ausências dos estudantes no período compreendido entre 16 e 20/03/2020, destinado à realização de atividades de orientação, medidas básicas de higiene, de prevenção e de preservação à saúde.</p>",2020-06-29 20:54:11,MARIA JOSE DA SILVA,,,"7206101",,false,false,2020
10,1,"2",213741,"INSTRUÇÃO NORMATIVA SME Nº 13, DE 19 DE MARÇO DE 2020","<p>INSTRUÇÃO NORMATIVA SME Nº 13, DE 19 DE MARÇO DE 2020</p><p>Art. 2º Não serão computadas as ausências dos estudantes no período compreendido entre 16 e 20/03/2020, destinado à realização de atividades de orientação, medidas básicas de higiene, de prevenção e de preservação à saúde.</p>",2020-06-29 21:01:05,MARIA JOSE DA SILVA,2020-06-29 21:05:46,MARIA JOSE DA SILVA,"7206101","7206101",false,false,2020
11,1,"2",213743,"INSTRUÇÃO NORMATIVA SME Nº 13, DE 19 DE MARÇO DE 2020","<p>INSTRUÇÃO NORMATIVA SME Nº 13, DE 19 DE MARÇO DE 2020</p><p>Art. 2º Não serão computadas as ausências dos estudantes no período compreendido entre 16 e 20/03/2020, destinado à realização de atividades de orientação, medidas básicas de higiene, de prevenção e de preservação à saúde.</p>",2020-06-29 21:17:43,MARIA JOSE DA SILVA,,,"7206101",,false,false,2020
12,1,"2",213745,"INSTRUÇÃO NORMATIVA SME Nº 13, DE 19 DE MARÇO DE 2020","<p>INSTRUÇÃO NORMATIVA SME Nº 13, DE 19 DE MARÇO DE 2020</p><p>Art. 2º Não serão computadas as ausências dos estudantes no período compreendido entre 16 e 20/03/2020, destinado à realização de atividades de orientação, medidas básicas de higiene, de prevenção e de preservação à saúde.</p>",2020-06-29 21:28:35,MARIA JOSE DA SILVA,,,"7206101",,false,false,2020
13,1,"2",213746,"INSTRUÇÃO NORMATIVA SME Nº 13, DE 19 DE MARÇO DE 2020","<p>INSTRUÇÃO NORMATIVA SME Nº 13, DE 19 DE MARÇO DE 2020</p><p>Art. 2º Não serão computadas as ausências dos estudantes no período compreendido entre 16 e 20/03/2020, destinado à realização de atividades de orientação, medidas básicas de higiene, de prevenção e de preservação à saúde.</p>",2020-06-29 21:43:57,MARIA JOSE DA SILVA,,,"7206101",,false,false,2020
14,1,"2",213747,"INSTRUÇÃO NORMATIVA SME Nº 13, DE 19 DE MARÇO DE 2020","<p>INSTRUÇÃO NORMATIVA SME Nº 13, DE 19 DE MARÇO DE 2020</p><p>Art. 2º Não serão computadas as ausências dos estudantes no período compreendido entre 16 e 20/03/2020, destinado à realização de atividades de orientação, medidas básicas de higiene, de prevenção e de preservação à saúde.</p>",2020-06-29 21:53:50,MARIA JOSE DA SILVA,,,"7206101",,false,false,2020
15,1,"1105",211175,Fábula e Situações problemas,"<p>Leitura ""O livro dos travas - línguas"". Ilustração da história (o aluno levou o livro para casa).</p><p>Leitura e interpretação “A raposa e as uvas"" (atividade em folha de sulfite).</p><p>Reescrita da fábula no caderno de Língua Portuguesa.</p><p>Situações problemas envolvendo adição, subtração e multiplicação (atividade em folha de sulfite).</p>",2020-07-13 18:09:15,CARLA FERNANDA BARRETO,2020-07-13 18:16:01,CARLA FERNANDA BARRETO,"7822529","7822529",false,false,2020
16,1,"2",213735,"INSTRUÇÃO NORMATIVA SME Nº 13, DE 19 DE MARÇO DE 2020","<p>INSTRUÇÃO NORMATIVA SME Nº 13, DE 19 DE MARÇO DE 2020</p><p>Art. 2º Não serão computadas as ausências dos estudantes no período compreendido entre 16 e 20/03/2020, destinado à realização de atividades de orientação, medidas básicas de higiene, de prevenção e de preservação à saúde.</p>",2020-07-15 09:57:24,CLAUDIA DE CASSIA MARQUES DE MELLO,,,"7249942",,false,false,2020
17,1,"2",213738,"INSTRUÇÃO NORMATIVA SME Nº 13, DE 19 DE MARÇO DE 2020","<p>INSTRUÇÃO NORMATIVA SME Nº 13, DE 19 DE MARÇO DE 2020</p><p>Art. 2º Não serão computadas as ausências dos estudantes no período compreendido entre 16 e 20/03/2020, destinado à realização de atividades de orientação, medidas básicas de higiene, de prevenção e de preservação à saúde.</p><p>&nbsp;</p>",2020-07-15 10:39:18,CLAUDIA DE CASSIA MARQUES DE MELLO,,,"7249942",,false,false,2020
18,1,"2",213740,"INSTRUÇÃO NORMATIVA SME Nº 13, DE 19 DE MARÇO DE 2020","<p>INSTRUÇÃO NORMATIVA SME Nº 13, DE 19 DE MARÇO DE 2020</p><p>Art. 2º Não serão computadas as ausências dos estudantes no período compreendido entre 16 e 20/03/2020, destinado à realização de atividades de orientação, medidas básicas de higiene, de prevenção e de preservação à saúde.</p>",2020-07-15 11:03:14,CLAUDIA DE CASSIA MARQUES DE MELLO,,,"7249942",,false,false,2020
19,1,"2",213742,"INSTRUÇÃO NORMATIVA SME Nº 13, DE 19 DE MARÇO DE 2020","<p>INSTRUÇÃO NORMATIVA SME Nº 13, DE 19 DE MARÇO DE 2020</p><p>Art. 2º Não serão computadas as ausências dos estudantes no período compreendido entre 16 e 20/03/2020, destinado à realização de atividades de orientação, medidas básicas de higiene, de prevenção e de preservação à saúde.</p>",2020-07-15 11:32:45,CLAUDIA DE CASSIA MARQUES DE MELLO,,,"7249942",,false,false,2020
20,1,"2",213744,"INSTRUÇÃO NORMATIVA SME Nº 13, DE 19 DE MARÇO DE 2020","<p>INSTRUÇÃO NORMATIVA SME Nº 13, DE 19 DE MARÇO DE 2020</p><p>Art. 2º Não serão computadas as ausências dos estudantes no período compreendido entre 16 e 20/03/2020, destinado à realização de atividades de orientação, medidas básicas de higiene, de prevenção e de preservação à saúde.</p>",2020-07-15 12:00:41,CLAUDIA DE CASSIA MARQUES DE MELLO,,,"7249942",,false,false,2020
25,1,"1105",211154,"""Problemateca"" situações problemas ","<p>A ""problemateca"" é composta por fichas escritas e ilustrativas com situações problema envolvendo diferentes contextos e componentes para leitura, interpretação e resolução de problemas . Os alunos sorteiam uma ficha e em pequenos grupos criam hipóteses relacionadas aos campos de adição, subtração, multiplicação e divisão. Em seguida socializam a ficha com toda a turma sendo a correção realizada de maneira coletiva</p>",2020-07-17 21:37:58,THAIS MARQUES XAVIER,2020-07-17 21:50:27,THAIS MARQUES XAVIER,"8393621","8393621",true,false,2020
26,1,"1105",211154,Roda de conversa: Paisagem Natural e humanizada-Problemateca: situações problema,"<p>Roda de conversa: Paisagem natural e humanizada-Nessa atividade os alunos foram orientados a participar&nbsp;de uma roda de convesa com recursos &nbsp;de imagens com paisagens naturais e &nbsp;Humanizadas para observação e análise. Nesse sentido a conversa foi mediada pela professora que busca estimular a observação dos alunos tendo em vista os diferentes elementos que compõem as paisagens( Naturais e &nbsp;humanizadas).</p><p>Problemateca"" situações problemas-A ""problemateca"" é composta por fichas escritas e ilustrativas com situações problema envolvendo diferentes contextos e componentes para leitura, interpretação e resolução de problemas . Os alunos sorteiam uma ficha e em pequenos grupos criam hipóteses relacionadas aos campos de adição, subtração, multiplicação e divisão. Em seguida socializam a ficha com toda a turma sendo a correção realizada de maneira coletiva</p><p>&nbsp;</p>",2020-07-17 22:01:55,THAIS MARQUES XAVIER,2020-07-21 15:17:24,THAIS MARQUES XAVIER,"8393621","8393621",false,false,2020
23,1,"1105",211154,Brincadeira: Jogo dos números,"<p>Nessa atividade as crianças são dispostas em círculo e cada uma recebe um número , observam com atenção os comandos da professora&nbsp;e caso o seu número seja mencionado precisam anunciar o próximo número conforme a rodada "" em &nbsp;ordem crescente ou decrescente"" até chegar em um vencedor.&nbsp;</p>",2020-07-17 18:41:42,THAIS MARQUES XAVIER,2020-07-17 19:24:00,THAIS MARQUES XAVIER,"8393621","8393621",true,false,2020
24,1,"1105",211154,"Confecção ""bandeirinha : Tudo Sobre mim""","<p>Os alunos receberam uma bandeirinha para registro escrito e ilustrativo de suas preferências, nome , idade, data de nascimento entre outros itens referente a identidade . Esse material foi confeccionado em casa e conforme a entrega exposto na sala de aula.</p>",2020-07-17 19:18:11,THAIS MARQUES XAVIER,2020-07-17 19:24:39,THAIS MARQUES XAVIER,"8393621","8393621",true,false,2020
21,1,"1105",211154,Roda de conversa: Paisagem Natural e Cultural,<p>Nessa atividade os alunos são convidados a participar&nbsp;de uma roda de convesa com recursos &nbsp;de imagens com paisagens naturais e &nbsp;Humanizadas para observação e análise. Nesse sentido a conversa foi mediada pela professora que busca estimular a observação dos alunos tendo em vista os diferentes elementos que compõem as paisagens( Naturais e &nbsp;humanizadas).</p><p>De maneira aleatória os alunos foram comentando sobre os elementos descobertos construindo hipóteses sobre a origem bem como modificação das paisagens.</p>,2020-07-17 18:03:57,THAIS MARQUES XAVIER,2020-07-17 19:27:05,THAIS MARQUES XAVIER,"8393621","8393621",true,false,2020
27,1,"9",207987,Atividades para desenvolver em casa,"<p>Atividades relacionadas ao tema trabalhado em sala de aula. Revisão dos vocabulários estudados no ano anterior especificamente com este aluno: cores, números, frutas e meios de transportes.</p><p>As atividades foram adaptadas de acordo com as necessidades do aluno e para que sua família consiga o auxiliar nas tarefas.</p>",2020-07-21 20:14:46,ANDREZA LOPES DE OLIVEIRA,,,"8021856",,false,false,2020
28,1,"9",207990,Atividades para casa,"<p>Com base nos conteúdos estudados em sala de aula com a turma, foi enviado atividades adaptadas para o aluno com revisões de conteúdos do ano anterior bem como avaliação diagnóstica de leitura e escuta.</p>",2020-07-28 15:22:06,ANDREZA LOPES DE OLIVEIRA,,,"8021856",,false,false,2020
22,1,"1105",211154,"Caixa da ""Problemateca"" situações problemas ","<p>A ""problemateca"" é composta por fichas escritas e ilustrativas com situações problema envolvendo diferentes contextos e componentes para leitura, interpretação e resolução de problemas . Os alunos sorteiam uma ficha e em pequenos grupos criam hipóteses relacionadas aos campos de adição, subtração, multiplicação e divisão. Em seguida socializam a ficha com toda a turma sendo a correção realizada de maneira coletiva.</p>",2020-07-17 18:19:05,THAIS MARQUES XAVIER,2020-07-17 20:57:57,THAIS MARQUES XAVIER,"8393621","8393621",true,false,2020
29,1,"9",207991,Atividades para casa,"<p>De acordo com os conteúdos que estávamos trabalhando em sala de aula: revisões e avaliações diagnósticas, fiz adaptações as necessidades de cada aluno e enviei atividades para serem realizadas em casa com suporte dos responsáveis.</p>",2020-07-28 15:57:25,ANDREZA LOPES DE OLIVEIRA,,,"8021856",,false,false,2020
