"id","dre_id","abreviacao","nome","data_atualizacao"
1,"108800",DRE - JT,DIRETORIA REGIONAL DE EDUCACAO JACANA/TREMEMBE,2019-12-19
2,"109300",DRE - MP,DIRETORIA REGIONAL DE EDUCACAO SAO MIGUEL,2019-12-20
3,"109100",DRE - SA,DIRETORIA REGIONAL DE EDUCACAO SANTO AMARO,2019-12-20
4,"108100",DRE - BT,DIRETORIA REGIONAL DE EDUCACAO BUTANTA,2019-12-20
5,"108500",DRE - G,DIRETORIA REGIONAL DE EDUCACAO GUAIANASES,2019-12-20
6,"108400",DRE - FB,DIRETORIA REGIONAL DE EDUCACAO FREGUESIA/BRASILANDIA,2019-12-20
7,"108900",DRE - PE,DIRETORIA REGIONAL DE EDUCACAO PENHA,2019-12-20
8,"108700",DRE - IQ,DIRETORIA REGIONAL DE EDUCACAO ITAQUERA,2019-12-20
9,"109200",DRE - SM,DIRETORIA REGIONAL DE EDUCACAO SAO MATEUS,2019-12-20
10,"108600",DRE - IP,DIRETORIA REGIONAL DE EDUCACAO IPIRANGA,2019-12-20
11,"109000",DRE - PJ,DIRETORIA REGIONAL DE EDUCACAO PIRITUBA/JARAGUA,2019-12-20
12,"108200",DRE - CL,DIRETORIA REGIONAL DE EDUCACAO CAMPO LIMPO,2019-12-20
13,"108300",DRE - CS,DIRETORIA REGIONAL DE EDUCACAO CAPELA DO SOCORRO,2019-12-20
