"id","tipo_calendario_id","bimestre","periodo_inicio","periodo_fim","alterado_por","alterado_rf","alterado_em","criado_por","criado_rf","criado_em","migrado"
1,1,1,2014-02-05 00:00:00,2014-04-08 00:00:00,Migrado - Não informado no legado,"0",2014-12-01 13:56:50,Migrado - Não informado no legado,"0",2014-02-03 09:50:28,true
2,1,2,2014-04-09 00:00:00,2014-07-06 00:00:00,Migrado - Não informado no legado,"0",2014-12-01 13:56:50,Migrado - Não informado no legado,"0",2014-02-03 09:50:28,true
3,1,3,2014-07-07 00:00:00,2014-09-30 00:00:00,Migrado - Não informado no legado,"0",2014-12-01 13:56:51,Migrado - Não informado no legado,"0",2014-02-03 09:50:28,true
4,1,4,2014-10-01 00:00:00,2014-12-23 00:00:00,Migrado - Não informado no legado,"0",2014-12-01 13:56:51,Migrado - Não informado no legado,"0",2014-02-03 09:50:28,true
5,2,1,2015-02-04 00:00:00,2015-04-26 00:00:00,Migrado - Não informado no legado,"0",2015-04-24 17:00:29,Migrado - Não informado no legado,"0",2015-01-28 18:10:42,true
6,2,2,2015-04-27 00:00:00,2015-07-08 00:00:00,Migrado - Não informado no legado,"0",2015-04-24 17:00:29,Migrado - Não informado no legado,"0",2015-01-28 18:10:42,true
7,2,3,2015-07-22 00:00:00,2015-10-04 00:00:00,Migrado - Não informado no legado,"0",2015-04-24 17:00:29,Migrado - Não informado no legado,"0",2015-01-28 18:10:42,true
8,2,4,2015-10-05 00:00:00,2015-12-23 00:00:00,Migrado - Não informado no legado,"0",2015-04-24 17:00:29,Migrado - Não informado no legado,"0",2015-01-28 18:10:42,true
9,3,1,2016-02-11 00:00:00,2016-05-01 00:00:00,Migrado - Não informado no legado,"0",2016-02-18 11:23:57,Migrado - Não informado no legado,"0",2016-02-16 18:03:06,true
10,3,2,2016-05-02 00:00:00,2016-07-08 00:00:00,Migrado - Não informado no legado,"0",2016-02-18 11:23:57,Migrado - Não informado no legado,"0",2016-02-16 18:03:06,true
11,3,3,2016-07-25 00:00:00,2016-10-02 00:00:00,Migrado - Não informado no legado,"0",2016-02-18 11:23:57,Migrado - Não informado no legado,"0",2016-02-16 18:03:06,true
12,3,4,2016-10-03 00:00:00,2016-12-22 00:00:00,Migrado - Não informado no legado,"0",2016-02-18 11:23:57,Migrado - Não informado no legado,"0",2016-02-16 18:03:06,true
13,4,1,2017-02-06 00:00:00,2017-05-01 00:00:00,Migrado - Não informado no legado,"0",2017-06-21 15:28:47,Migrado - Não informado no legado,"0",2017-01-05 16:44:59,true
14,4,2,2017-05-02 00:00:00,2017-07-23 00:00:00,Migrado - Não informado no legado,"0",2017-06-21 15:28:47,Migrado - Não informado no legado,"0",2017-01-05 16:44:59,true
15,4,3,2017-07-24 00:00:00,2017-09-30 00:00:00,Migrado - Não informado no legado,"0",2017-06-21 15:28:47,Migrado - Não informado no legado,"0",2017-01-05 16:44:59,true
16,4,4,2017-10-02 00:00:00,2017-12-22 00:00:00,Migrado - Não informado no legado,"0",2017-06-21 15:28:47,Migrado - Não informado no legado,"0",2017-01-05 16:44:59,true
17,5,1,2017-02-06 00:00:00,2017-04-30 00:00:00,Migrado - Não informado no legado,"0",2018-02-20 14:38:54,Migrado - Não informado no legado,"0",2017-05-23 16:42:11,true
18,5,2,2017-05-01 00:00:00,2017-07-08 00:00:00,Migrado - Não informado no legado,"0",2018-02-20 14:38:54,Migrado - Não informado no legado,"0",2017-05-23 16:42:11,true
19,6,1,2017-07-24 00:00:00,2017-09-30 00:00:00,Migrado - Não informado no legado,"0",2017-08-28 14:17:22,Migrado - Não informado no legado,"0",2017-05-23 16:42:11,true
20,6,2,2017-10-01 00:00:00,2017-12-22 00:00:00,Migrado - Não informado no legado,"0",2017-08-28 14:17:22,Migrado - Não informado no legado,"0",2017-05-23 16:42:11,true
21,7,1,2018-02-05 00:00:00,2018-04-30 00:00:00,Migrado - Não informado no legado,"0",2019-07-24 12:56:49,Migrado - Não informado no legado,"0",2017-01-05 16:44:59,true
22,7,2,2018-05-01 00:00:00,2018-07-07 00:00:00,Migrado - Não informado no legado,"0",2019-07-24 12:56:49,Migrado - Não informado no legado,"0",2017-01-05 16:44:59,true
23,7,3,2018-07-08 00:00:00,2018-09-29 00:00:00,Migrado - Não informado no legado,"0",2019-07-24 12:56:49,Migrado - Não informado no legado,"0",2017-01-05 16:44:59,true
24,7,4,2018-10-01 00:00:00,2018-12-21 00:00:00,Migrado - Não informado no legado,"0",2019-07-24 12:56:49,Migrado - Não informado no legado,"0",2017-01-05 16:44:59,true
25,8,1,2018-02-05 00:00:00,2018-04-30 00:00:00,Migrado - Não informado no legado,"0",2018-05-15 08:58:03,Migrado - Não informado no legado,"0",2017-05-23 16:42:11,true
26,8,2,2018-05-02 00:00:00,2018-07-21 00:00:00,Migrado - Não informado no legado,"0",2018-05-15 08:58:03,Migrado - Não informado no legado,"0",2017-05-23 16:42:11,true
27,9,1,2018-07-23 00:00:00,2018-09-29 00:00:00,Migrado - Não informado no legado,"0",2017-08-28 14:17:22,Migrado - Não informado no legado,"0",2017-05-23 16:42:11,true
28,9,2,2018-09-30 00:00:00,2018-12-21 00:00:00,Migrado - Não informado no legado,"0",2017-08-28 14:17:22,Migrado - Não informado no legado,"0",2017-05-23 16:42:11,true
29,10,1,2019-02-04 00:00:00,2019-04-30 00:00:00,Migrado - Não informado no legado,"0",2019-06-18 13:40:11,Migrado - Não informado no legado,"0",2017-01-05 16:44:59,true
30,10,2,2019-05-02 00:00:00,2019-07-05 00:00:00,Migrado - Não informado no legado,"0",2019-06-18 13:40:11,Migrado - Não informado no legado,"0",2017-01-05 16:44:59,true
31,10,3,2019-07-06 00:00:00,2019-09-30 00:00:00,Migrado - Não informado no legado,"0",2019-06-18 13:40:11,Migrado - Não informado no legado,"0",2017-01-05 16:44:59,true
32,10,4,2019-10-01 00:00:00,2019-12-20 00:00:00,Migrado - Não informado no legado,"0",2019-06-18 13:40:11,Migrado - Não informado no legado,"0",2017-01-05 16:44:59,true
33,11,1,2019-02-04 00:00:00,2019-04-30 00:00:00,Migrado - Não informado no legado,"0",2019-04-30 15:25:49,Migrado - Não informado no legado,"0",2017-05-23 16:42:11,true
34,11,2,2019-05-02 00:00:00,2019-07-20 00:00:00,Migrado - Não informado no legado,"0",2019-04-30 15:25:49,Migrado - Não informado no legado,"0",2017-05-23 16:42:11,true
35,12,1,2019-07-22 00:00:00,2019-09-30 00:00:00,Migrado - Não informado no legado,"0",2019-02-20 10:58:57,Migrado - Não informado no legado,"0",2017-05-23 16:42:11,true
36,12,2,2019-10-01 00:00:00,2019-12-20 00:00:00,Migrado - Não informado no legado,"0",2019-02-20 10:58:57,Migrado - Não informado no legado,"0",2017-05-23 16:42:11,true
37,13,1,2020-02-05 00:00:00,2020-08-31 00:00:00,HELOISA MARIA DE MORAIS GIANNICHI,"7944560",2020-06-08 19:21:14,GABRIELA MANZOLLI ROWLANDS LOPES,"7924488",2020-01-22 16:14:11,false
38,13,2,2020-09-01 00:00:00,2020-10-31 00:00:00,HELOISA MARIA DE MORAIS GIANNICHI,"7944560",2020-06-08 19:21:14,GABRIELA MANZOLLI ROWLANDS LOPES,"7924488",2020-01-22 16:14:11,false
39,13,3,2020-11-01 00:00:00,2020-11-30 00:00:00,HELOISA MARIA DE MORAIS GIANNICHI,"7944560",2020-06-08 19:21:14,GABRIELA MANZOLLI ROWLANDS LOPES,"7924488",2020-01-22 16:14:11,false
40,13,4,2020-12-01 00:00:00,2020-12-22 00:00:00,HELOISA MARIA DE MORAIS GIANNICHI,"7944560",2020-06-08 19:21:14,GABRIELA MANZOLLI ROWLANDS LOPES,"7924488",2020-01-22 16:14:11,false
43,15,1,2020-07-21 00:00:00,2020-09-30 00:00:00,MARLON AMCOM,"",2020-02-03 15:51:00,GABRIELA MANZOLLI ROWLANDS LOPES,"7924488",2020-01-22 17:13:55,false
44,15,2,2020-10-01 00:00:00,2020-12-22 00:00:00,MARLON AMCOM,"",2020-02-03 15:51:00,GABRIELA MANZOLLI ROWLANDS LOPES,"7924488",2020-01-22 17:13:55,false
41,14,1,2020-02-05 00:00:00,2020-08-31 00:00:00,HELOISA MARIA DE MORAIS GIANNICHI,"7944560",2020-07-15 11:02:04,GABRIELA MANZOLLI ROWLANDS LOPES,"7924488",2020-01-22 17:12:47,false
42,14,2,2020-09-01 00:00:00,2020-09-01 00:00:00,HELOISA MARIA DE MORAIS GIANNICHI,"7944560",2020-07-15 11:02:04,GABRIELA MANZOLLI ROWLANDS LOPES,"7924488",2020-01-22 17:12:47,false
