"id","ue_id","dre_id","nome","tipo_escola","data_atualizacao"
1,"094765",1,"MAXIMO DE MOURA SANTOS, PROF.",1,2019-12-09
2,"016993",2,"VICENTE AMATO SOBRINHO, COM.",1,2019-12-09
3,"019404",2,NEUZA AVELINO DA SILVA MELO,1,2019-12-09
4,"093866",2,RAIMUNDO CORREIA,1,2019-12-09
5,"019503",2,JARDIM BARTIRA,1,2019-12-09
6,"000108",2,"JOSE ERMIRIO DE MORAIS, SEN.",1,2019-12-09
7,"093891",2,ARMANDO CRIDEY RIGHETTI,1,2019-12-09
8,"019226",2,MARIA CLARA MACHADO,16,2019-12-09
9,"019410",2,MURURES,1,2019-12-09
10,"093904",2,CAPISTRANO DE ABREU,1,2019-12-09
11,"093831",2,ANTONIA E ARTUR BEGBIE,1,2019-12-09
12,"093882",2,"JOSE BENTO DE ASSIS, PROF.",1,2019-12-09
13,"019225",2,"WANDA OVIDIO GONCALVES, PROFA.",1,2019-12-09
14,"014583",2,"FLAVIO AUGUSTO ROSA, PROF.",1,2019-12-09
15,"099139",2,VIRGILIO DE MELLO FRANCO,1,2019-12-09
16,"093912",2,"CARLOS PASQUALE, PROF.",1,2019-12-09
17,"019505",2,"JOSE MARIO PIRES AZANHA, PROF.",1,2019-12-09
18,"093696",2,"EPITACIO PESSOA, PRES.",1,2019-12-09
19,"093742",2,"LUIS SAIA, ARQ.",1,2019-12-09
20,"093769",2,"PEDRO DE FRONTIN, ALM.",1,2019-12-09
21,"093823",2,HENRIQUE FELIPE DA COSTA - HENRICAO,1,2019-12-09
22,"093840",2,"NEWTON REIS, GEN.",1,2019-12-09
23,"093874",2,JOSE AMERICO DE ALMEIDA,1,2019-12-09
24,"093939",2,SUD MENNUCCI,1,2019-12-09
25,"010049",2,"CHICO FALCONI, PE.",1,2019-12-09
26,"019367",2,TRES PONTES,16,2019-12-09
27,"019409",2,"IZABEL APARECIDA CRISTOVAO DA LUZ, PROFA",1,2019-12-09
28,"019449",2,"JURANDI GOMES DE ARAUJO, PROF.",1,2019-12-09
29,"019507",2,PEDRO FUKUYEI YAMAGUCHI FERREIRA,1,2019-12-09
30,"093700",2,RAUL PILLA,1,2019-12-09
31,"093858",2,"MARIA IMILDA DO SANTISSIMO SACRAMENTO, ME.",1,2019-12-09
32,"019433",2,"JOSEFA NICACIO ARAUJO, PROFA.",1,2019-12-09
33,"019011",2,"LINO DE MATTOS, SEN.",1,2019-12-09
34,"093726",2,PEDRO TEIXEIRA,1,2019-12-09
35,"018210",2,DARCY RIBEIRO,3,2019-12-09
36,"093921",2,EZEQUIEL RAMOS JUNIOR,1,2019-12-09
37,"093751",2,"PAULO ROLIM LOUREIRO, D.",1,2019-12-09
38,"015440",2,EUZEBIO ROCHA FILHO,1,2019-12-09
39,"093807",2,"JOAO AUGUSTO BREVES, DR.",1,2019-12-09
40,"019269",2,PARQUE SAO CARLOS,16,2019-12-09
41,"019400",2,DAMA ENTRE RIOS VERDES,1,2019-12-09
42,"019426",2,"MARISA MORETTI CAMARA, PROFA.",1,2019-12-09
43,"097713",2,"JOSE PEDRO LEITE CORDEIRO, DR.",1,2019-12-09
44,"010405",2,"NILDO DO AMARAL JUNIOR, PE.",1,2019-12-09
45,"093777",2,"FERNANDO DE AZEVEDO, PROF.",1,2019-12-09
46,"093734",2,ANTONIO CARLOS DE ANDRADA E SILVA,1,2019-12-09
47,"019506",2,MILTON PEREIRA COSTA,1,2019-12-09
48,"019278",2,VILA CURUCA,16,2019-12-09
49,"099651",2,JOSE HONORIO RODRIGUES,1,2019-12-09
50,"019241",2,"HELLIO TAVARES, DR.",1,2019-12-09
51,"093688",2,"PEDRO ALEIXO, DR.",1,2019-12-09
52,"019529",2,JARDIM SILVA TELES,1,2019-12-09
53,"093793",2,"JOSE DE ANCHIETA, PE.",1,2019-12-09
54,"095265",3,ARMANDO ARRUDA PEREIRA,1,2019-12-09
55,"095257",3,"ANTONIO DE SAMPAIO DORIA, PROF.",1,2019-12-09
56,"093211",3,JOAO GUALBERTO DO AMARAL CARVALHO,1,2019-12-09
57,"093203",3,"LAERTE RAMOS DE CARVALHO, PROF.",1,2019-12-09
58,"010120",3,CARLOS AUGUSTO DE QUEIROZ ROCHA,1,2019-12-09
59,"000418",3,"JOAO DE SOUZA FERRAZ, PROF.",1,2019-12-09
60,"093271",3,"TIRADENTES, ALF.",1,2019-12-09
61,"010111",3,"MARIO SCHONBERG, PROF.",1,2019-12-09
62,"019465",3,"AMELIA RODRIGUES DE OLIVEIRA, PROFA",1,2019-12-09
63,"000264",3,"SYLVIO HECK, ALM.",1,2019-12-09
64,"010138",3,"ELZA MAIA COSTA FREIRE, PROFA.",1,2019-12-09
65,"095206",3,"CALOGERAS, MIN.",1,2019-12-09
66,"095273",3,CACILDA BECKER,1,2019-12-09
67,"093289",3,"PEREIRA CARNEIRO, CDE.",1,2019-12-09
68,"093262",3,"ISABEL VIEIRA FERREIRA, PROFA.",1,2019-12-09
69,"093190",3,CARLOS DE ANDRADE RIZZINI,1,2019-12-09
70,"093181",3,"LINNEU PRESTES, PROF.",3,2019-12-09
71,"093220",3,"ANTONIO CARLOS DE ABREU SODRE, DR.",1,2019-12-09
72,"095249",3,"HABIB CARLOS KYRILLOS, DR.",1,2019-12-09
73,"019257",3,"ALDO DA TOFORI, PE",1,2019-12-09
74,"093246",3,"MANOEL CARLOS DE FIGUEIREDO FERRAZ, DES.",1,2019-12-09
75,"093254",3,"JOAO SUSSUMU HIRATA, DEP.",1,2019-12-09
76,"015423",3,PRESTES MAIA,1,2019-12-09
77,"019419",3,"ANA MARIA ALVES BENETTI, PROFA",1,2019-12-09
78,"093238",3,ANTENOR NASCENTES,1,2019-12-09
79,"099180",3,ANNE SULLIVAN,4,2019-12-09
80,"019420",3,"MARIA LUCIA DOS SANTOS, PROFA.",1,2019-12-09
81,"095231",3,MARINA VIEIRA DE CARVALHO MESQUITA,1,2019-12-09
82,"019260",3,"PAULO GONCALO DOS SANTOS, PROF.",16,2019-12-09
83,"095222",3,"ARY PARREIRAS, ALM.",1,2019-12-09
84,"019373",3,"JOSE REZENDE, PROF.",16,2019-12-09
85,"095281",3,"NELSON PIMENTEL QUEIROZ, PROF.",1,2019-12-09
86,"093157",3,CHIQUINHA RODRIGUES,1,2019-12-09
87,"095214",3,BERNARDO O HIGGINS,1,2019-12-09
88,"093173",3,"JOAQUIM CANDIDO DE AZEVEDO MARQUES, DES.",1,2019-12-09
89,"019196",3,"LILIANE VERZINI SILVA, PROFA",1,2019-12-09
90,"092771",4,SOLANO TRINDADE,1,2019-12-09
91,"092681",4,JOSE DE ALCANTARA MACHADO FILHO,1,2019-12-09
92,"092797",4,JULIO MESQUITA,1,2019-12-09
93,"019551",4,"CESAR ARRUDA CASTANHO, DEP.",16,2019-12-09
94,"092801",4,IBRAHIM NOBRE,1,2019-12-09
95,"092827",4,"ALVARO SILVA BRAGA, GEN.",1,2019-12-09
96,"092711",4,"DEODORO DA FONSECA, MAL.",1,2019-12-09
97,"019417",4,JARDIM PAULO VI,1,2019-12-09
98,"019416",4,VILA MUNCK,1,2019-12-09
99,"099287",4,VIANNA MOOG,1,2019-12-09
100,"092843",4,"ROBERTO MANGE, PROF.",1,2019-12-09
101,"092738",4,TARSILA DO AMARAL,1,2019-12-09
102,"092720",4,"ARTHUR WHITAKER, DES.",1,2019-12-09
103,"092789",4,"LUIZ EDUARDO MATARAZZO, CDE.",1,2019-12-09
104,"099589",4,PEDRO NAVA,1,2019-12-09
105,"092690",4,"AMORIM LIMA, DES.",1,2019-12-09
106,"092851",4,"EUCLYDES DE OLIVEIRA FIGUEIREDO, GEN.",1,2019-12-09
107,"092762",4,JOAO XXIII,1,2019-12-09
108,"092746",4,"ALIPIO ANDRADA SERPA, TTE.",1,2019-12-09
109,"093149",4,"OLAVO PEZZOTTI, PROF.",1,2019-12-09
110,"092703",4,"THEODOMIRO DIAS, DES.",1,2019-12-09
111,"093165",4,"JOSE DIAS DA SILVEIRA, DR.",1,2019-12-09
112,"000191",4,"ALIPIO CORREA NETO, PROF.",1,2019-12-09
113,"011924",4,"MARIA ALICE BORGES GHION, PROFA.",1,2019-12-09
114,"019249",4,"DAISY AMADIO FUJIWARA, PROFA.",1,2019-12-09
115,"019262",4,BUTANTA,16,2019-12-09
116,"092819",4,BRASIL-JAPAO,1,2019-12-09
117,"092754",4,"ALCIDES GONCALVES ETCHEGOYEN, GEN.",1,2019-12-09
118,"019160",4,"ILEUSA CAETANO DA SILVA, PROFA.",1,2019-12-09
119,"099261",4,TEOFILO BENEDITO OTTONI,1,2019-12-09
120,"093131",4,"MARIA ANTONIETA D'ALKIMIN BASTO, PROFA.",1,2019-12-09
121,"097047",4,"EDUCANDARIO DOM DUARTE, ANEXA AO",1,2019-12-09
122,"000477",4,"EDA TEREZINHA CHICA MEDEIROS, PROFA.",1,2019-12-09
123,"093548",5,SATURNINO PEREIRA,1,2019-12-09
124,"019369",5,LAJEADO,16,2019-12-09
125,"008834",5,"IDEMIA DE GODOY, PROFA.",1,2019-12-09
126,"093530",5,"JOANA ANGELICA DE JESUS, MADRE",1,2019-12-09
127,"017973",5,"MAILSON DELANE, PROF.",1,2019-12-09
128,"014699",5,"ANTONIO DAVILA, PROF.",1,2019-12-09
129,"016527",5,"CLAUDIA BARTOLOMAZI, PROFA.",1,2019-12-09
130,"009148",5,ALEXANDRE VANNUCHI LEME,1,2019-12-09
131,"093637",5,OSWALDO ARANHA BANDEIRA DE MELLO,3,2019-12-09
132,"019476",5,"MARIA APARECIDA DO NASCIMENTO, PROFA.",1,2019-12-09
133,"093513",5,"JOAO DE LIMA PAIVA, PROF.",1,2019-12-09
134,"019437",5,DIAS GOMES,1,2019-12-09
135,"093653",5,VLADIMIR HERZOG,1,2019-12-09
136,"013528",5,"ANNA LAMBERGA ZEGLIO, VER.",1,2019-12-09
137,"019456",5,"HELINA COUTINHO LOURENCO ALVES, PROFESSORA",1,2019-12-09
138,"093645",5,MAURICIO GOULART,1,2019-12-09
139,"019208",5,"LUIZ ROBERTO MEGA, PROF.",1,2019-12-09
140,"019457",5,"MARIA APARECIDA MAGNANELLI FERNANDES, PROFA",1,2019-12-09
141,"093785",5,JOAO RIBEIRO DE BARROS,1,2019-12-09
142,"093815",5,ALEXANDRE DE GUSMAO,1,2019-12-09
143,"097055",5,"JUSCELINO KUBITSCHEK DE OLIVEIRA, PRES.",1,2019-12-09
144,"097721",5,"JOSE AUGUSTO CESAR SALGADO, DR.",1,2019-12-09
145,"009156",5,"LUIS CARLOS PRESTES, SEN.",1,2019-12-09
146,"012157",5,ELIAS SHAMMASS,1,2019-12-09
147,"019443",5,"MEIRE DE JESUS RIBEIRO,PROF.",1,2019-12-09
148,"019455",5,"CELIA REGINA ANDERY BRAGA, PROF",1,2019-12-09
149,"093521",5,VINTE E CINCO DE JANEIRO,1,2019-12-09
150,"019265",5,JAMBEIRO,16,2019-12-09
151,"019264",5,INACIO MONTEIRO,16,2019-12-09
152,"013510",5,"OLINDA MENEZES SERRA VIDAL, PROFA.",1,2019-12-09
153,"010413",5,"QUIRINO CARNEIRO RENNO, PROF.",1,2019-12-09
154,"097705",5,AURELIANO LEITE,1,2019-12-09
155,"015024",5,"CAIO SERGIO POMPEU DE TOLEDO, DEP.",1,2019-12-09
156,"097063",5,ANTONIO PEREIRA IGNACIO,1,2019-12-09
157,"019333",5,AGUA AZUL,16,2019-12-09
158,"019447",5,JOEL FERNANDES DE SOUZA,1,2019-12-09
159,"019453",6,"MARIO PEREIRA BICUDO, PROF.",4,2019-12-09
160,"019363",6,JARDIM PAULISTANO,16,2019-12-09
161,"094251",6,"SEBASTIAO NOGUEIRA DE LIMA, DES.",1,2019-12-09
162,"099783",6,GERALDO SESSO JUNIOR,1,2019-12-09
163,"019402",6,ZILKA SALABERRY DE CARVALHO,1,2019-12-09
164,"094315",6,PEDRO AMERICO,1,2019-12-09
165,"019350",6,"JOSE HERMINIO RODRIGUES, CEL. PM",1,2019-12-09
166,"094277",6,JOAO AMOS COMENIUS,1,2019-12-09
167,"094161",6,"NILO PECANHA, PRES.",1,2019-12-09
168,"094366",6,"GARCIA DAVILA, CTE.",1,2019-12-09
169,"019704",6,"PRIMO PASCOLI MELARE, PROF.",1,2019-12-09
170,"019394",6,"CAIRA ALAYDE ALVARENGA MEDEA, PROFA",1,2019-12-09
171,"094293",6,OSVALDO QUIRINO SIMOES,1,2019-12-09
172,"094200",6,"MILTOM CAMPOS, SEN.",1,2019-12-09
173,"091804",6,PAULO NOGUEIRA FILHO,1,2019-12-09
174,"094226",6,"RAUL FERNANDES, EMB.",1,2019-12-09
175,"019395",6,"NEIR AUGUSTO LOPES, PROF",1,2019-12-09
176,"094323",6,"ELIAS DE SIQUEIRA CAVALCANTI, DR.",1,2019-12-09
177,"094692",6,MARCILIO DIAS,1,2019-12-09
178,"094218",6,"ANDRE RODRIGUES DE ALCKMIN, PROF.",1,2019-12-09
179,"094382",6,"CECILIA MORAES DE VASCONCELOS, PROFA.",1,2019-12-09
180,"094307",6,"FREDERICO GUSTAVO DOS SANTOS, TTE. AVIADOR",1,2019-12-09
181,"019458",6,"MARIA APARECIDA RODRIGUES CINTRA, PROFA.",1,2019-12-09
182,"019349",6,JARDIM DAMASCENO I,1,2019-12-09
183,"000299",6,"ROBERTO PATRICIO, PROF.",1,2019-12-09
184,"094331",6,HUMBERTO DANTAS,1,2019-12-09
185,"019405",6,"GILBERTO DUPAS, PROF",1,2019-12-09
186,"019462",6,"LILIAN MASO, PROFA",1,2019-12-09
187,"094374",6,"TEOTONIO VILELA, SEN.",16,2019-12-09
188,"094269",6,CASTRO ALVES,1,2019-12-09
189,"094188",6,"JOANINHA GRASSI FAGUNDES, PROFA.",1,2019-12-09
190,"094196",6,ERICO VERISSIMO,1,2019-12-09
191,"094170",6,PLINIO AYROSA,1,2019-12-09
192,"094340",6,"AROLDO DE AZEVEDO, PROF.",1,2019-12-09
193,"094234",6,THEO DUTRA,1,2019-12-09
194,"019341",6,"JARDIM GUARANI - JOSE ALFREDO APOLINARIO, PROF.",1,2019-12-09
195,"094242",6,"ANTONIO PRUDENTE, PROF.",1,2019-12-09
196,"094358",6,"ANGELINA MAFFEI VITA, DA.",1,2019-12-09
197,"019365",7,"ROSANGELA RODRIGUES VIEIRA, PROFA.",16,2019-12-09
198,"094005",7,HUMBERTO DE CAMPOS,1,2019-12-09
199,"094137",7,CECILIA MEIRELES,1,2019-12-09
200,"093980",7,FIRMINO TIBURCIO DA COSTA,1,2019-12-09
201,"093955",7,JACKSON DE FIGUEIREDO,1,2019-12-09
202,"019399",7,"JANUARIO MANTELLI NETO, DEP.",1,2019-12-09
203,"093947",7,"OTHELO FRANCO, GEN.",1,2019-12-09
204,"094081",7,"HENRIQUE PEGADO, PROF.",1,2019-12-09
205,"093661",7,OCTAVIO MANGABEIRA,1,2019-12-09
206,"094099",7,"JUAREZ TAVORA, MAL.",1,2019-12-09
207,"000329",7,"NEUSA BASSETTO, PROFA.",4,2019-12-09
208,"095362",7,"MAUA, BR. DE",1,2019-12-09
209,"094153",7,ARTHUR AZEVEDO,1,2019-12-09
210,"094048",7,"ANTONIO VIEIRA, PE.",1,2019-12-09
211,"094129",7,GUILHERME DE ALMEIDA,1,2019-12-09
212,"094145",7,EDGARD CAVALHEIRO,1,2019-12-09
213,"095087",7,"SILVIO FLEMING, MJ.",1,2019-12-09
214,"011851",7,ANALIA FRANCO BASTOS,1,2019-12-09
215,"019396",7,"SERAFIN MARTINEZ GUTIERREZ, PE.",1,2019-12-09
216,"093963",7,"JOAO PINHEIRO, PRES.",1,2019-12-09
217,"094102",7,"FRANCISCO DE MONT' ALVERNE, FREI",1,2019-12-09
218,"094111",7,LUIS WASHINGTON VITA,1,2019-12-09
219,"093998",7,"ABRAO DE MORAES, PROF.",1,2019-12-09
220,"094021",7,"CAIRU, VISC. DE",1,2019-12-09
221,"015296",7,"JOAO FRANZOLIN NETO, PROF.",1,2019-12-09
222,"093670",7,AMADEU AMARAL,1,2019-12-09
223,"094013",7,JOSE BONIFACIO,1,2019-12-09
224,"094072",7,"WANNY SALGADO ROCHA, PROFA",1,2019-12-09
225,"000485",7,ASSAD ABDALA,1,2019-12-09
226,"094056",7,"JENNY GOMES, DA.",1,2019-12-09
227,"094641",7,"HENRIQUE, INFANTE D.",1,2019-12-09
228,"015121",7,"JOSE CARLOS DE FIGUEIREDO FERRAZ, PREF.",1,2019-12-09
229,"019418",7,"ALEX MARTINS COSTA, PROF, MAESTRO",1,2019-12-09
230,"095109",7,LEONOR MENDES DE BARROS,1,2019-12-09
231,"095079",7,"FABIO DA SILVA PRADO, DR.",1,2019-12-09
232,"093971",7,"19 DE NOVEMBRO",1,2019-12-09
233,"095095",7,EMILIANO DI CAVALCANTI,1,2019-12-09
234,"019388",7,"ANTONIO CARLOS ROCHA, PROF.",16,2019-12-09
235,"094030",7,ARTHUR ALVIM,1,2019-12-09
236,"095125",8,BARTOLOMEU LOURENCO DE GUSMAO,1,2019-12-09
237,"019143",8,JOSE QUERINO RIBEIRO,1,2019-12-09
238,"019398",8,AGUAS DE MARCO,1,2019-12-09
239,"093718",8,"ANTONIO DUARTE DE ALMEIDA, PROF.",1,2019-12-09
240,"010103",8,FRANCISCO ALVES MENDES FILHO - CHICO MENDES,1,2019-12-09
241,"093467",8,DANYLO JOSE FERNANDES,1,2019-12-09
242,"094064",8,"8 DE MAIO",1,2019-12-09
243,"019386",8,"MARIA APARECIDA DE SOUZA CAMPOS, PROFA",16,2019-12-09
244,"095133",8,"JOAO NAOKI SUMITA, DR.",1,2019-12-09
245,"017523",8,"CLOTILDE ROSA HENRIQUES ELIAS, PROFA.",1,2019-12-09
246,"093505",8,BENEDITO CALIXTO,1,2019-12-09
247,"093629",8,"AURELIO ARROBAS MARTINS, PROF.",1,2019-12-09
248,"095150",8,ROQUETTE PINTO,1,2019-12-09
249,"095192",8,GUIMARAES ROSA,1,2019-12-09
250,"019691",8,"MARIO COVAS, GOV.",1,2019-12-09
251,"093459",8,EDUARDO PRADO,1,2019-12-09
252,"093475",8,AYRES MARTINS TORRES,1,2019-12-09
253,"095117",8,"KENNEDY, PRES.",1,2019-12-09
254,"095184",8,SERGIO MILLIET,1,2019-12-09
255,"093432",8,"CORREIA DE MELLO, BRIG.",1,2019-12-09
256,"008842",8,"SEBASTIAO FRANCISCO, O NEGRO",1,2019-12-09
257,"019261",8,"PAULO GOMES CARDIM, PROF. DR.",16,2019-12-09
258,"095141",8,VICENTINA RIBEIRO DA LUZ,1,2019-12-09
259,"019227",8,"CONCEICAO APARECIDA DE JESUS, PROFA",16,2019-12-09
260,"093441",8,CARLOS CHAGAS,1,2019-12-09
261,"099678",8,"MALLET, MAL.",1,2019-12-09
262,"093491",8,ARTUR NEIVA,1,2019-12-09
263,"019397",8,"GILMAR TACCOLA , PROF",1,2019-12-09
264,"015130",8,"JULIO CESAR DE MELO E SOUSA-MALBA TAHAN, PROF",1,2019-12-09
265,"093483",8,"HAROLDO VELOSO, BRIG.",1,2019-12-09
266,"094919",1,LOURENCO FILHO,1,2019-12-09
267,"094897",1,OCTAVIO PEREIRA LOPES,1,2019-12-09
268,"019401",1,JARDIM FONTALIS,1,2019-12-09
269,"099091",1,HIPOLITO JOSE DA COSTA,1,2019-12-09
270,"094811",1,"ROMAO GOMES, CEL.",1,2019-12-09
271,"094714",1,"NOE AZEVEDO, PROF",1,2019-12-09
273,"000302",1,"HELIO FRANCO CHAVES, CEL.",1,2019-12-09
274,"094706",1,"GASTAO MOUTINHO, CTE.",1,2019-12-09
275,"019046",1,"CELIA REGINA LEKEVICIUS CONSOLIN, PROFA.",1,2019-12-09
276,"094668",1,"DERVILLE ALLEGRETTI, PROF.",3,2019-12-09
277,"094757",1,"RONDON, MAL.",1,2019-12-09
278,"094749",1,MARTIN FRANCISCO RIBEIRO DE ANDRADA,1,2019-12-09
279,"094862",1,ALBERTO SANTOS DUMONT,1,2019-12-09
280,"094927",1,"MARIA HELENA FARIA LIMA, PROFA.",1,2019-12-09
281,"094901",1,EDSON RODRIGUES,1,2019-12-09
282,"094790",1,"HELENA LOMBARDI BRAGA, PROFA.",1,2019-12-09
283,"094820",1,JOAO DOMINGUES SAMPAIO,1,2019-12-09
284,"017442",1,"ANTONIO SAMPAIO, VER.",3,2019-12-09
285,"094684",1,MARCOS MELEGA,1,2019-12-09
286,"094773",1,OLIVA IRENE BAYERLEIN SILVA,1,2019-12-09
287,"094838",1,"PEDRO I, D.",1,2019-12-09
288,"094854",1,ENEAS CARVALHO DE AGUIAR,1,2019-12-09
289,"094943",1,RODRIGUES ALVES,1,2019-12-09
290,"094846",1,"TAMANDARE, ALM.",1,2019-12-09
291,"094951",1,"SHIRLEY GUIO, PROFA.",1,2019-12-09
292,"094803",1,"ARY GOMES, CEL.",1,2019-12-09
293,"094871",1,"JULIO MARCONDES SALGADO, GEN.",1,2019-12-09
294,"094731",1,"ESMERALDA SALLES PEREIRA RAMOS, PROFA.",1,2019-12-09
295,"094889",1,"ANTONIO SANT ANA GALVAO, FREI",1,2019-12-09
296,"019631",1,"NILCE CRUZ FIGUEIREDO, PROFA.",1,2019-12-09
297,"000337",1,"LUCIE BRAY, ME",4,2019-12-09
298,"094935",1,"FRANKLIN AUGUSTO DE MOURA CAMPOS, PROF",1,2019-12-09
299,"094285",1,RAUL DE LEONI,1,2019-12-09
300,"094676",1,"ADOLPHO OTTO DE LAET, PROF.",1,2019-12-09
301,"094722",1,JOAO RAMOS - PERNAMBUCO - ABOLICIONISTA,1,2019-12-09
302,"019337",1,JACANA,16,2019-12-09
303,"094781",1,RUY BARBOSA,1,2019-12-09
304,"095559",9,CLAUDIO MANOEL DA COSTA,1,2019-12-09
305,"019454",9,BARTOLOMEU CAMPOS DE QUEIROS,1,2019-12-09
306,"093564",9,JOAQUIM OSORIO DUQUE ESTRADA,1,2019-12-09
307,"093581",9,PLINIO DE QUEIROZ,1,2019-12-09
308,"019640",9,"MARIA LISBOA DA SILVA, PROFA",16,2019-12-09
309,"019216",9,THEREZA MACIEL DE PAULA PROFA.,1,2019-12-09
310,"093572",9,COELHO NETO,1,2019-12-09
311,"019366",9,TATIANA BELINKY,16,2019-12-09
312,"095516",9,HERALDO BARBUY,1,2019-12-09
313,"019223",9,"MARIA APARECIDA VILASBOAS, PROFA.",1,2019-12-09
314,"019407",9,"VIRGINIA LORISA ZEITOUNIAN CAMARGO, PROFA",1,2019-12-09
315,"095494",9,ARMANDO DE SALLES OLIVEIRA,1,2019-12-09
316,"019274",9,"CANDIDA DORA PINO PRETINI, PROFA",16,2019-12-09
317,"095524",9,VINICIUS DE MORAES,1,2019-12-09
318,"019232",9,FAZENDA DA JUTA,1,2019-12-09
319,"095176",9,JOSE LINS DO REGO,1,2019-12-09
320,"095168",9,"ACHILLES DE OLIVEIRA RIBEIRO, DES.",1,2019-12-09
321,"092622",9,"ARLINDO CAETANO FILHO, PROF.",1,2019-12-09
322,"093602",9,RODRIGO MELLO FRANCO DE ANDRADE,1,2019-12-09
323,"095508",9,BRASILIO MACHADO NETO,1,2019-12-09
324,"095532",9,RODRIGUES DE CARVALHO,1,2019-12-09
325,"095541",9,OLIVAL COSTA,1,2019-12-09
326,"095567",9,ALCEU AMOROSO LIMA,1,2019-12-09
327,"095583",9,"GREGORIO WESTRUPP, PE.",1,2019-12-09
328,"095591",9,"IVETE VARGAS, DEP.",1,2019-12-09
329,"095613",9,PAULO DUARTE,1,2019-12-09
330,"018511",9,"CARLOS CORREA MASCARO, PROF.",1,2019-12-09
331,"019244",9,"GIUSEPPE TAVOLARO, PROF",1,2019-12-09
332,"019391",9,ALTO ALEGRE,16,2019-12-09
333,"093556",9,"FELICIO PAGLIUSO, PROF.",1,2019-12-09
334,"099121",9,"DOMINGOS RUBINO, PROF.",16,2019-12-09
335,"013803",9,JULIO DE GRAMMONT,1,2019-12-09
336,"016519",9,RUBENS PAIVA,3,2019-12-09
337,"019460",9,"JOSE CARLOS NICOLETO - ZITO, PROFESSOR",1,2019-12-09
338,"095575",9,CIDADE DE OSAKA,1,2019-12-09
339,"099660",9,"AMELIA, IMP. DA.",1,2019-12-09
340,"093599",9,JOSE MARIA WHITAKER,1,2019-12-09
341,"019425",9,MARTIN LUTHER KING JR,1,2019-12-09
342,"095460",9,EMILIO RIBAS,1,2019-12-09
343,"000892",9,HENRIQUE SOUZA FILHO - HENFIL,1,2019-12-09
344,"099325",9,"BENEDITO MONTENEGRO, PROF.",1,2019-12-09
345,"095605",9,"VILANOVA ARTIGAS, ARQ.",1,2019-12-09
346,"099792",9,FORTE DOS REIS MAGOS,1,2019-12-09
347,"019408",9,PARQUE BOA ESPERANCA II,1,2019-12-09
348,"019615",9,"DIRCE GENESIO DOS SANTOS, PROFA",1,2019-12-09
349,"093611",9,"RIVADAVIA MARQUES JUNIOR, PROF.",1,2019-12-09
350,"019509",9,ACLAMADO,1,2019-12-09
351,"012874",9,BENEDITO DE JESUS BATISTA LAURINDO - PE BATISTA,1,2019-12-09
352,"095443",9,"HENRIQUE MELEGA, PROF.",1,2019-12-09
353,"095478",9,"FLORES DA CUNHA, DEP.",1,2019-12-09
354,"095451",9,"TAUNAY, VISC. DE",1,2019-12-09
355,"019585",9,"WLADIMIR DE TOLEDO PIZA,PREF.",1,2019-12-09
356,"019221",9,JARDIM DAS LARANJEIRAS,1,2019-12-09
357,"095320",10,IRINEU MARINHO,1,2019-12-09
358,"095401",10,"PRUDENTE DE MORAIS, PRES.",1,2019-12-09
359,"094960",10,JOSE MARIA LISBOA,1,2019-12-09
360,"095036",10,"LEAO MACHADO, PROF.",1,2019-12-09
361,"095397",10,"MARLENE RONDELLI, PROFA.",1,2019-12-09
362,"091812",10,HELEN KELLER,4,2019-12-09
363,"019427",10,HERCILIA DE CAMPOS COSTA,1,2019-12-09
364,"095010",10,CASSIANO RICARDO,1,2019-12-09
365,"094994",10,OLAVO FONTOURA,1,2019-12-09
366,"019569",10,"ROBERTO PLINIO COLACIOPPO, PROF.",1,2019-12-09
367,"094625",10,"CAXIAS, DUQUE DE",1,2019-12-09
368,"094633",10,CELSO LEITE RIBEIRO FILHO,1,2019-12-09
369,"095001",10,JOAQUIM NABUCO,1,2019-12-09
370,"095028",10,JOSE DO PATROCINIO,1,2019-12-09
371,"095061",10,"FRANCISCO MEIRELLES, DES.",1,2019-12-09
372,"095346",10,"QUEIROZ FILHO, PROF.",1,2019-12-09
373,"095389",10,"AUREA RIBEIRO XAVIER LOPES, PROFA.",1,2019-12-09
374,"095427",10,ALVARES DE AZEVEDO,1,2019-12-09
375,"009971",10,LUIZ GONZAGA DO NASCIMENTO JR. - GONZAGUINHA,1,2019-12-09
376,"019385",10,"MARA CRISTINA TARTAGLIA SENA, PROFA.",16,2019-12-09
377,"095435",10,ALTINO ARANTES,1,2019-12-09
378,"095371",10,CLEOMENES CAMPOS,1,2019-12-09
379,"094978",10,"EURICO GASPAR DUTRA, MAL.",1,2019-12-09
380,"095338",10,"RUTH LOPES ANDRADE, PROFA.",1,2019-12-09
381,"095354",10,"OSORIO, GEN.",1,2019-12-09
382,"011533",10,"FRANCISCO DA SILVEIRA BUENO, PROF.",1,2019-12-09
383,"095311",10,JEAN MERMOZ,1,2019-12-09
384,"094617",10,"FARIA LIMA, BRIG.",1,2019-12-09
385,"094986",10,"SYLVIA MARTIN PIRES, PROFA.",1,2019-12-09
386,"019266",10,MENINOS,16,2019-12-09
387,"095052",10,ANTONIO DE ALCANTARA MACHADO,1,2019-12-09
388,"017981",10,PERICLES EUGENIO DA SILVA RAMOS,1,2019-12-09
389,"095044",10,"CAMPOS SALLES, PRES.",16,2019-12-09
390,"019480",10,"ABRAO HUCK, DR.",1,2019-12-09
391,"095303",10,"MANOEL DE PAIVA, PE",1,2019-12-09
392,"095290",10,"JOAO CARLOS DA SILVA BORGES, PROF.",1,2019-12-09
393,"095419",10,"MASCARENHAS DE MORAES, MAL.",1,2019-12-09
394,"019414",11,"MOISES ELIAS DE SOUZA, TTE.",1,2019-12-09
395,"019020",11,"JAIRO DE ALMEIDA, PROF.",1,2019-12-09
396,"019351",11,"MARILI DIAS, PROFA",1,2019-12-09
397,"000540",11,RAUL POMPEIA,1,2019-12-09
398,"094463",11,"LEONEL FRANCA, PE.",1,2019-12-09
399,"094552",11,"AMADEU MENDES, PROF.",1,2019-12-09
400,"094579",11,"JOSE FERRAZ DE CAMPOS, PROF.",1,2019-12-09
401,"019195",11,"JOSE KAUFFMANN , DR.",1,2019-12-09
402,"094501",11,PAULO PRADO,1,2019-12-09
403,"019322",11,CITY JARAGUA IV,1,2019-12-09
404,"019219",11,"ENZO ANTONIO SILVESTRIN, PROF",1,2019-12-09
405,"019220",11,MARIO LAGO,1,2019-12-09
406,"019413",11,"ELIANE BENUTE LESSA AYRES GONCALVES, PROFESSORA- NANY BENUTE",1,2019-12-09
407,"010171",11,"ALDO RIBEIRO LUZ, PROF.",1,2019-12-09
408,"094412",11,"GABRIEL PRESTES, PROF.",1,2019-12-09
409,"093106",11,DILERMANDO DIAS DOS SANTOS,1,2019-12-09
410,"094544",11,RUI BLOEM,1,2019-12-09
411,"094421",11,"LIBERATO BITTENCOURT, GEN.",1,2019-12-09
412,"094404",11,MONTEIRO LOBATO,1,2019-12-09
413,"094471",11,"LUIZ DAVID SOBRINHO, PROF.",1,2019-12-09
414,"094391",11,MARIO KOSEL FILHO,1,2019-12-09
415,"019277",11,VILA ATLANTICA,16,2019-12-09
416,"019390",11,JAGUARE,16,2019-12-09
417,"092835",11,"ESPIRIDIAO ROSAS, MAL.",1,2019-12-09
418,"094561",11,"EUCLIDES CUSTODIO DA SILVEIRA, DES.",1,2019-12-09
419,"094595",11,"SILVIO PORTUGAL, DES.",1,2019-12-09
420,"093122",11,"JOSE MARIA PINTO DUARTE, TTE.",1,2019-12-09
421,"019271",11,PERA MARMELO,16,2019-12-09
422,"094536",11,JAIRO RAMOS,1,2019-12-09
423,"094447",11,"RENATO ANTONIO CHECCHIA, PROF.",1,2019-12-09
424,"019412",11,BADRA,1,2019-12-09
425,"019463",11,ESTACAO JARAGUA,1,2019-12-09
426,"094510",11,"HENRIQUE RAYMUNDO DYOTT FONTENELLE, BRIG.",1,2019-12-09
427,"019487",11,CHACARA TURISTICA,1,2019-12-09
428,"019607",11,"ANTONIO RODRIGUES DE CAMPOS, PROF.",1,2019-12-09
429,"093114",11,"ANIBAL FREIRE, MIN.",1,2019-12-09
430,"094439",11,"LEOPOLDINA, IMP.",1,2019-12-09
431,"094480",11,JULIO DE OLIVEIRA,1,2019-12-09
432,"094528",11,"HENRIQUE GEISEL, GEN.",1,2019-12-09
433,"016497",11,FERNANDO GRACIOSO,1,2019-12-09
434,"019217",11,RECANTO DOS HUMILDES,1,2019-12-09
435,"019224",11,"MILENA BENEDICTO, PROFA",1,2019-12-09
436,"019229",11,"JOSUE DE CASTRO, PROF",1,2019-12-09
437,"019272",11,PERUS,16,2019-12-09
438,"019415",11,"ALICE MEIRELLES REIS, PROFA",1,2019-12-09
439,"094587",11,"GABRIEL SYLVESTRE TEIXEIRA DE CARVALHO, PROF.",1,2019-12-09
440,"019445",11,"ROGE FERREIRA, DEP.",1,2019-12-09
441,"019389",11,PARQUE ANHANGUERA,16,2019-12-09
442,"019314",11,"PHILO GONCALVES DOS SANTOS, PROFA",1,2019-12-09
443,"019218",11,JARDIM MONTE BELO,1,2019-12-09
444,"014249",11,"ERNESTO DE MORAES LEME, PROF.",1,2019-12-09
445,"019215",11,"REMO RINALDI NADDEO, PROF.",1,2019-12-09
446,"094609",11,ANTONIO ALVES VERISSIMO,3,2019-12-09
447,"019347",11,JARDIM DA CONQUISTA,1,2019-12-09
448,"094498",11,CANDIDO PORTINARI,1,2019-12-09
449,"094455",11,"VICENTE DE PAULO DALE COUTINHO, GEN.",1,2019-12-09
450,"017272",11,GUIOMAR CABRAL,3,2019-12-09
451,"000205",11,"VERA LUCIA APARECIDA RIBEIRO, PROFA.",4,2019-12-09
452,"019233",11,EDGARD CARONE,1,2019-12-09
453,"015431",11,ERNANI SILVA BRUNO,1,2019-12-09
454,"009326",11,"IRENE GARCIA COSTA DE SOUZA, PROFA. DRA.",1,2019-12-09
455,"092959",12,"IRACEMA MARQUES DA SILVEIRA, PROFA.",1,2019-12-09
456,"019383",12,JOSE SARAMAGO,16,2019-12-09
457,"092908",12,"CLEMENTE PASTORE, PROF.",1,2019-12-09
458,"092916",12,ANTONIO ESTANISLAU DO AMARAL,1,2019-12-09
459,"019308",12,HERMES FERREIRA DE SOUZA,16,2019-12-09
460,"093068",12,ZULMIRA CAVALHEIRO FAUSTINO,1,2019-12-09
461,"019335",12,FEITICO DA VILA,16,2019-12-09
462,"092860",12,"MARIO MOURA E ALBUQUERQUE, BEL.",1,2019-12-09
463,"019466",12,PERIMETRAL,1,2019-12-09
464,"093076",12,"PAULO COLOMBO PEREIRA DE QUEIROZ, DES.",1,2019-12-09
465,"019275",12,FRANCISCO REBOLO,1,2019-12-09
466,"093033",12,MAURICIO SIMAO,1,2019-12-09
467,"019348",12,GIANFRANCESCO GUARNIERI,1,2019-12-09
468,"093041",12,LEONARDO VILLAS BOAS,1,2019-12-09
469,"019500",12,HERBERT DE SOUZA - BETINHO,1,2019-12-09
470,"092924",12,"MARIO RANGEL, CEL.",1,2019-12-09
471,"092975",12,OTONIEL MOTA,1,2019-12-09
472,"093050",12,"SYNESIO ROCHA, MIN.",1,2019-12-09
473,"000281",12,"VERA LUCIA FUSCO BORBA, PROFA.",1,2019-12-09
474,"019430",12,CAMPO LIMPO III -LUISA ROSARIA DE OLIVEIRA DIAS,1,2019-12-09
475,"019370",12,"JARDIM MITSUTANI I - PAULO PATARRA, JORNALISTA",1,2019-12-09
476,"099686",12,"RICARDO VITIELLO, PROF.",1,2019-12-09
477,"019712",12,"MARIA BERENICE DOS SANTOS, PROFA.",1,2019-12-09
478,"016713",12,ANNA SILVEIRA PEDREIRA,1,2019-12-09
479,"019428",12,SOCRATES BRASILEIRO SAMPAIO DE SOUSA VIEIRA DE OLIVEIRA,1,2019-12-09
480,"099236",12,MODESTO SCAGLIUSI,1,2019-12-09
481,"093017",12,"ADHEMAR DE BARROS, PREF.",1,2019-12-09
482,"000566",12,TERESA MARGARIDA DA SILVA E ORTA,1,2019-12-09
483,"019303",12,CASA BLANCA,16,2019-12-09
484,"093084",12,"DE GAULLE, GEN.",1,2019-12-09
485,"010154",12,MAURO FACCIO GONCALVES - ZACARIA,1,2019-12-09
486,"087319",12,"THEODOMIRO MONTEIRO DO AMARAL, PROF.",1,2019-12-09
487,"019362",12,VILA DO SOL,16,2019-12-09
488,"093092",12,FAGUNDES VARELLA,1,2019-12-09
489,"000311",12,"ANTONIO ALVES DA SILVA, SG.",1,2019-12-09
490,"099112",12,PRACINHAS DA FEB,1,2019-12-09
491,"092878",12,"CAROLINA RENNO RIBEIRO DE OLIVEIRA, PROFA.",1,2019-12-09
492,"019431",12,"MILLOR FERNANDES, JORNALISTA",1,2019-12-09
493,"019251",12,CASARAO,1,2019-12-09
494,"019434",12,CAMPO LIMPO II,1,2019-12-09
495,"010162",12,"LORENCO MANOEL SPARAPAN, PROF.",1,2019-12-09
496,"019361",12,CANTOS DO AMANHECER,16,2019-12-09
497,"092967",12,"LEVY DE AZEVEDO SODRE, PROF.",1,2019-12-09
498,"019421",12,"JOSE FRANCISCO CAVALCANTE, PROF",1,2019-12-09
499,"019283",12,"JOSE BLOTA JUNIOR, DEP.",1,2019-12-09
500,"019372",12,CHACARA SONHO AZUL,1,2019-12-09
501,"019423",12,M BOI MIRIM II,1,2019-12-09
502,"093009",12,"LUIZ TENORIO DE BRITO, CEL.",1,2019-12-09
503,"099228",12,"JOAO PEDRO DE CARVALHO NETO, DR.",1,2019-12-09
504,"092991",12,"AIRTON ARANTES RIBEIRO, PROF.",1,2019-12-09
505,"092932",12,"JORGE AMERICANO, PROF.",1,2019-12-09
506,"010146",12,MARIA RITA LOPES PONTES - IRMA DULCE,1,2019-12-09
507,"099350",12,"22 DE MARCO",1,2019-12-09
508,"012939",12,JOSE OLYMPIO PEREIRA FILHO,1,2019-12-09
509,"019267",12,"MARIA RITA DE CASSIA PINHEIRO SIMOES BRAGA, PROFA.",1,2019-12-09
510,"092886",12,OLIVEIRA VIANA,1,2019-12-09
511,"092894",12,"MARIO MARQUES DE OLIVEIRA, PROF.",1,2019-12-09
512,"093025",12,"PALIMERCIO DE REZENDE, CEL.",1,2019-12-09
513,"019222",12,"VEREMUNDO TOTH, DOM",1,2019-12-09
514,"018830",12,"PAULO FREIRE, PROF.",1,2019-12-09
515,"092983",12,PROCOPIO FERREIRA,1,2019-12-09
516,"019424",12,MARLI FERRAZ TORRES BONFIM,1,2019-12-09
517,"010421",12,"CYRO ALBUQUERQUE, DEP.",1,2019-12-09
518,"019492",12,"EDIVALDO DOS SANTOS DANTAS, PROF.",1,2019-12-09
519,"099104",12,DEZOITO DO FORTE,1,2019-12-09
520,"019247",12,TEREZINHA MOTA DE FIGUEIREDO,1,2019-12-09
521,"019384",12,PARAISOPOLIS,16,2019-12-09
522,"019360",12,MARIO FITTIPALDI,16,2019-12-09
523,"019526",12,DONATO SUSUMU KIMURA,1,2019-12-09
524,"019422",12,M BOI MIRIM I,1,2019-12-09
525,"092941",12,EUCLIDES DA CUNHA,1,2019-12-09
526,"093394",13,"TEODOMIRO TOLEDO PIZA, DES.",1,2019-12-09
527,"019474",13,VARGEM GRANDE II,1,2019-12-09
528,"019228",13,"JOSE PEGORARO, PE.",1,2019-12-09
529,"093378",13,"MANOEL DE ABREU, DR.",1,2019-12-09
530,"018546",13,"DAMIAO, FREI",1,2019-12-09
531,"019406",13,CONSTELACAO DO INDIO,1,2019-12-09
532,"019439",13,"ALDINA ANALIA AGOSTINHA TADDEO CONDE, PROFA",1,2019-12-09
533,"093335",13,JOAO DE DEUS CARDOSO DE MELLO,1,2019-12-09
534,"093408",13,PAULO SETUBAL,1,2019-12-09
535,"019276",13,TRES LAGOS,16,2019-12-09
536,"093297",13,PLACIDO DE CASTRO,1,2019-12-09
537,"093351",13,"MILTON FERREIRA DE ALBUQUERQUE, PROF.",1,2019-12-09
538,"019243",13,"MARINA MELANDER COUTINHO, PROFA",1,2019-12-09
539,"019254",13,"AYRTON OLIVEIRA SAMPAIO, PROF.",1,2019-12-09
540,"019263",13,CIDADE DUTRA,16,2019-12-09
541,"019291",13,VARGEM GRANDE,1,2019-12-09
542,"019440",13,"GENY MARIA MUNIZ ALMEIDA KLEIN PUSSINELLI, PROFA.",1,2019-12-09
543,"093343",13,OLEGARIO MARIANO,1,2019-12-09
544,"093424",13,"MIGUEL VIEIRA FERREIRA, DR.",1,2019-12-09
545,"016501",13,"FLORESTAN FERNANDES, PROF.",1,2019-12-09
546,"019194",13,PEDRO GERALDO SCHUNCK,1,2019-12-09
547,"019336",13,VILA RUBI,16,2019-12-09
548,"093386",13,JOAQUIM BENTO ALVES DE LIMA NETO,1,2019-12-09
549,"099791",13,PLINIO SALGADO,1,2019-12-09
550,"093301",13,HEITOR DE ANDRADE,1,2019-12-09
551,"093327",13,"AFRANIO DE MELLO FRANCO, DR.",1,2019-12-09
552,"093360",13,"ELIZA RACHEL MACEDO DE SOUZA, PROFA.",1,2019-12-09
553,"019674",13,JARDIM ELIANA,16,2019-12-09
554,"019305",13,JOAO DA SILVA,1,2019-12-09
555,"019313",13,MANOEL VIEIRA DE QUEIROZ FILHO,16,2019-12-09
556,"019436",13,CARLOS FRANCISCO GASPAR,1,2019-12-09
557,"019321",13,LOURIVAL BRANDAO DOS SANTOS,1,2019-12-09
558,"012688",13,ULYSSES DA SYLVEIRA GUIMARAES,1,2019-12-09
559,"093319",13,"ALMEIDA JUNIOR, PROF.",1,2019-12-09
560,"093416",13,"JOSE AMADEI, ENG.",1,2019-12-09
561,"019496",13,PLINIO MARCOS,1,2019-12-09
562,"888888",11,ESCOLA PRODAM - SITE EOL SERVIDOR,1,2020-02-11
272,"019488",1,"PAULO CARNEIRO THOMAZ ALVES, GEN.",1,2020-04-02
563,"019660",3,SETE PRAIAS,1,2020-06-15
