"id","fechamento_turma_id","migrado","excluido","criado_em","criado_por","alterado_em","alterado_por","criado_rf","alterado_rf"
39,59,false,false,2020-05-04 16:29:23,DARLEN ANA LOUREIRO DE CAMPOS,,,"5228506",
40,59,false,false,2020-05-04 16:29:23,DARLEN ANA LOUREIRO DE CAMPOS,,,"5228506",
41,59,false,false,2020-05-04 16:29:23,DARLEN ANA LOUREIRO DE CAMPOS,,,"5228506",
42,59,false,false,2020-05-04 16:29:23,DARLEN ANA LOUREIRO DE CAMPOS,,,"5228506",
43,59,false,false,2020-05-04 16:29:23,DARLEN ANA LOUREIRO DE CAMPOS,,,"5228506",
44,59,false,false,2020-05-04 16:29:23,DARLEN ANA LOUREIRO DE CAMPOS,,,"5228506",
45,59,false,false,2020-05-04 16:29:23,DARLEN ANA LOUREIRO DE CAMPOS,,,"5228506",
46,59,false,false,2020-05-04 16:29:23,DARLEN ANA LOUREIRO DE CAMPOS,,,"5228506",
60,63,false,false,2020-05-05 01:22:48,ROSANE MARTINS DA CRUZ,,,"6773559",
47,12,false,false,2020-05-04 16:47:49,ANA RITA GOMES DOS SANTOS,,,"6809324",
48,12,false,false,2020-05-04 16:47:49,ANA RITA GOMES DOS SANTOS,,,"6809324",
49,11,false,false,2020-05-04 16:51:04,ANA RITA GOMES DOS SANTOS,,,"6809324",
50,11,false,false,2020-05-04 16:51:05,ANA RITA GOMES DOS SANTOS,,,"6809324",
10,33,false,false,2020-04-16 11:07:58,FILIPE GONCALVES DE SOUZA NOGUEIRA DA SILVA,2020-04-21 11:20:49,FILIPE GONCALVES DE SOUZA NOGUEIRA DA SILVA,"8085676","8085676"
16,39,false,false,2020-04-20 11:32:04,FILIPE GONCALVES DE SOUZA NOGUEIRA DA SILVA,2020-04-21 11:20:55,FILIPE GONCALVES DE SOUZA NOGUEIRA DA SILVA,"8085676","8085676"
17,41,false,false,2020-04-20 11:35:24,FILIPE GONCALVES DE SOUZA NOGUEIRA DA SILVA,2020-04-21 11:21:00,FILIPE GONCALVES DE SOUZA NOGUEIRA DA SILVA,"8085676","8085676"
71,73,false,false,2020-06-25 02:38:06,ROSANE MARTINS DA CRUZ,,,"6773559",
18,48,false,false,2020-04-28 11:41:32,FILIPE GONCALVES DE SOUZA NOGUEIRA DA SILVA,2020-04-28 11:41:59,FILIPE GONCALVES DE SOUZA NOGUEIRA DA SILVA,"8085676","8085676"
13,36,false,false,2020-04-17 18:57:11,DIRCE FRANCISCO MOCO NASCIMENTO,2020-04-17 18:57:38,DIRCE FRANCISCO MOCO NASCIMENTO,"7526083","7526083"
14,37,false,false,2020-04-17 18:58:04,DIRCE FRANCISCO MOCO NASCIMENTO,,,"7526083",
15,38,false,false,2020-04-17 18:58:12,DIRCE FRANCISCO MOCO NASCIMENTO,2020-04-17 18:58:20,DIRCE FRANCISCO MOCO NASCIMENTO,"7526083","7526083"
57,62,false,false,2020-05-04 19:06:05,ABIGAIL LOMBARDI,2020-05-04 19:17:30,ABIGAIL LOMBARDI,"8215821","8215821"
55,40,false,false,2020-05-04 18:39:43,ROSANE MARTINS DA CRUZ,2020-05-04 19:18:16,ROSANE MARTINS DA CRUZ,"6773559","6773559"
51,60,false,false,2020-05-04 17:06:43,FERNANDA TOLEDO CATALANI,2020-05-04 17:13:04,FERNANDA TOLEDO CATALANI,"8279306","8279306"
21,54,false,false,2020-05-04 09:54:46,ARACI NOBUE NAKANE CHAEBO GADUM,,,"7213000",
53,46,false,false,2020-05-04 17:29:37,ADRIANE AVERSAN,,,"6580866",
54,46,false,false,2020-05-04 17:29:38,ADRIANE AVERSAN,,,"6580866",
22,54,false,false,2020-05-04 09:54:50,ARACI NOBUE NAKANE CHAEBO GADUM,,,"7213000",
23,54,false,false,2020-05-04 09:54:51,ARACI NOBUE NAKANE CHAEBO GADUM,,,"7213000",
24,50,false,false,2020-05-04 14:13:23,DEISE EMILIA GUERRA,,,"7923783",
25,50,false,false,2020-05-04 14:13:24,DEISE EMILIA GUERRA,,,"7923783",
26,51,false,false,2020-05-04 14:13:33,DEISE EMILIA GUERRA,,,"7923783",
27,51,false,false,2020-05-04 14:13:34,DEISE EMILIA GUERRA,,,"7923783",
28,52,false,false,2020-05-04 14:13:46,DEISE EMILIA GUERRA,,,"7923783",
29,52,false,false,2020-05-04 14:13:46,DEISE EMILIA GUERRA,,,"7923783",
30,56,false,false,2020-05-04 14:21:56,ELISA MARIA VELOSO CAMERA,,,"7272936",
31,56,false,false,2020-05-04 14:21:57,ELISA MARIA VELOSO CAMERA,,,"7272936",
33,15,false,false,2020-05-04 14:27:47,SADAKO MORITA,,,"3135535",
35,49,false,false,2020-05-04 15:48:19,ADALGISA GONCALVES,,,"6769195",
36,58,false,false,2020-05-04 16:28:59,DARLEN ANA LOUREIRO DE CAMPOS,,,"5228506",
37,59,false,false,2020-05-04 16:29:23,DARLEN ANA LOUREIRO DE CAMPOS,,,"5228506",
38,59,false,false,2020-05-04 16:29:23,DARLEN ANA LOUREIRO DE CAMPOS,,,"5228506",
64,30,false,false,2020-06-23 20:03:34,ESTER CUSTODIA DOS SANTOS,2020-06-23 20:03:45,ESTER CUSTODIA DOS SANTOS,"6926886","6926886"
58,19,false,false,2020-05-04 21:52:45,ANA RITA GOMES DOS SANTOS,2020-08-06 02:00:31,ALINE BARROS CAVALCANTE DE CARLOS,"6809324","7927649"
32,15,false,false,2020-05-04 14:27:47,SADAKO MORITA,2020-05-06 18:51:27,JOSELY ANGELA CARRUBBA,"3135535","7217757"
52,61,false,false,2020-05-04 17:06:45,FERNANDA TOLEDO CATALANI,,,"8279306",
12,29,false,false,2020-04-16 11:15:26,FILIPE GONCALVES DE SOUZA NOGUEIRA DA SILVA,2020-06-24 23:44:02,FILIPE GONCALVES DE SOUZA NOGUEIRA DA SILVA,"8085676","8085676"
56,62,false,false,2020-05-04 19:06:04,ABIGAIL LOMBARDI,,,"8215821",
19,53,false,false,2020-04-29 20:03:23,SADAKO MORITA,2020-05-15 16:54:26,CLEODEONIRA ALONSO DE CARVALHO MORAES,"3135535","6347380"
61,64,false,false,2020-05-21 17:55:10,ADALGISA GONCALVES,,,"6769195",
63,32,false,false,2020-06-22 18:09:24,ESTER CUSTODIA DOS SANTOS,2020-06-24 17:45:55,ESTER CUSTODIA DOS SANTOS,"6926886","6926886"
11,28,false,false,2020-04-16 11:14:33,FILIPE GONCALVES DE SOUZA NOGUEIRA DA SILVA,2020-06-24 23:38:13,FILIPE GONCALVES DE SOUZA NOGUEIRA DA SILVA,"8085676","8085676"
65,78,false,false,2020-06-24 09:20:34,ROSANE MARTINS DA CRUZ,2020-06-25 02:33:34,ROSANE MARTINS DA CRUZ,"6773559","6773559"
66,77,false,false,2020-06-24 09:21:24,ROSANE MARTINS DA CRUZ,2020-06-24 09:23:53,ROSANE MARTINS DA CRUZ,"6773559","6773559"
62,31,false,false,2020-06-15 04:55:54,ESTER CUSTODIA DOS SANTOS,2020-06-24 17:44:02,ESTER CUSTODIA DOS SANTOS,"6926886","6926886"
68,82,false,false,2020-06-24 15:21:54,ADRIANE AVERSAN,,,"6580866",
69,82,false,false,2020-06-24 15:22:11,ADRIANE AVERSAN,,,"6580866",
70,82,false,false,2020-06-24 15:22:12,ADRIANE AVERSAN,,,"6580866",
34,49,false,false,2020-05-04 15:48:19,ADALGISA GONCALVES,2020-08-16 16:55:21,JOSELY ANGELA CARRUBBA,"6769195","7217757"
72,70,false,false,2020-06-25 02:44:24,ROSANE MARTINS DA CRUZ,,,"6773559",
76,84,false,false,2020-07-01 16:05:15,ADALGISA GONCALVES,,,"6769195",
67,79,false,false,2020-06-24 10:10:03,ADRIANE AVERSAN,2020-08-06 02:29:31,ADRIANE AVERSAN,"6580866","6580866"
59,18,false,false,2020-05-04 22:12:30,ANA RITA GOMES DOS SANTOS,2020-08-06 02:19:16,ALINE BARROS CAVALCANTE DE CARLOS,"6809324","7927649"
75,84,false,false,2020-07-01 16:05:14,ADALGISA GONCALVES,2020-08-18 11:55:31,CLEODEONIRA ALONSO DE CARVALHO MORAES,"6769195","6347380"
73,83,false,false,2020-07-01 16:04:35,ADALGISA GONCALVES,2020-08-18 11:54:21,CLEODEONIRA ALONSO DE CARVALHO MORAES,"6769195","6347380"
80,86,false,false,2020-07-08 16:56:43,ALESSANDRA SYNESIO ANTUNE RIBEIRO,,,"7778287",
78,86,false,false,2020-07-08 16:56:17,ALESSANDRA SYNESIO ANTUNE RIBEIRO,2020-07-08 16:59:15,ALESSANDRA SYNESIO ANTUNE RIBEIRO,"7778287","7778287"
77,85,false,false,2020-07-08 16:49:39,ALESSANDRA SYNESIO ANTUNE RIBEIRO,2020-07-08 17:03:17,ALESSANDRA SYNESIO ANTUNE RIBEIRO,"7778287","7778287"
79,86,false,false,2020-07-08 16:56:42,ALESSANDRA SYNESIO ANTUNE RIBEIRO,2020-07-08 17:04:16,ALESSANDRA SYNESIO ANTUNE RIBEIRO,"7778287","7778287"
81,87,false,false,2020-07-08 21:52:32,ALESSANDRA SYNESIO ANTUNE RIBEIRO,2020-07-08 21:56:48,ALESSANDRA SYNESIO ANTUNE RIBEIRO,"7778287","7778287"
82,88,false,false,2020-07-08 23:22:11,ALESSANDRA SYNESIO ANTUNE RIBEIRO,,,"7778287",
84,88,false,false,2020-07-08 23:22:33,ALESSANDRA SYNESIO ANTUNE RIBEIRO,,,"7778287",
83,88,false,false,2020-07-08 23:22:33,ALESSANDRA SYNESIO ANTUNE RIBEIRO,2020-07-08 23:27:26,ALESSANDRA SYNESIO ANTUNE RIBEIRO,"7778287","7778287"
88,90,false,false,2020-07-08 23:36:45,CLEIDE VIANA VANDERLEI,2020-07-08 23:41:02,CLEIDE VIANA VANDERLEI,"6804446","6804446"
85,89,false,false,2020-07-08 23:35:40,CLEIDE VIANA VANDERLEI,2020-07-08 23:41:26,CLEIDE VIANA VANDERLEI,"6804446","6804446"
87,90,false,false,2020-07-08 23:36:45,CLEIDE VIANA VANDERLEI,2020-07-08 23:41:55,CLEIDE VIANA VANDERLEI,"6804446","6804446"
89,93,false,false,2020-07-21 12:18:30,IRENE APARECIDA GULLINO,,,"7494998",
91,94,false,false,2020-07-21 12:19:11,IRENE APARECIDA GULLINO,,,"7494998",
92,94,false,false,2020-07-21 12:19:12,IRENE APARECIDA GULLINO,,,"7494998",
86,90,false,false,2020-07-08 23:36:34,CLEIDE VIANA VANDERLEI,2020-07-21 16:25:39,CLEIDE VIANA VANDERLEI,"6804446","6804446"
90,94,false,false,2020-07-21 12:18:49,IRENE APARECIDA GULLINO,2020-07-22 05:50:25,ANA PAULA QUADRINI GARCIA,"7494998","8536236"
96,96,false,false,2020-07-22 06:58:41,FILIPE GONCALVES DE SOUZA NOGUEIRA DA SILVA,,,"8085676",
95,96,false,false,2020-07-22 06:58:40,FILIPE GONCALVES DE SOUZA NOGUEIRA DA SILVA,2020-07-22 06:59:48,FILIPE GONCALVES DE SOUZA NOGUEIRA DA SILVA,"8085676","8085676"
93,95,false,false,2020-07-22 06:57:15,FILIPE GONCALVES DE SOUZA NOGUEIRA DA SILVA,2020-07-22 12:02:55,FILIPE GONCALVES DE SOUZA NOGUEIRA DA SILVA,"8085676","8085676"
94,96,false,false,2020-07-22 06:58:24,FILIPE GONCALVES DE SOUZA NOGUEIRA DA SILVA,2020-07-22 12:05:17,FILIPE GONCALVES DE SOUZA NOGUEIRA DA SILVA,"8085676","8085676"
97,97,false,false,2020-07-22 19:55:17,FILIPE GONCALVES DE SOUZA NOGUEIRA DA SILVA,2020-07-22 19:56:47,FILIPE GONCALVES DE SOUZA NOGUEIRA DA SILVA,"8085676","8085676"
98,98,false,false,2020-07-22 19:56:55,FILIPE GONCALVES DE SOUZA NOGUEIRA DA SILVA,,,"8085676",
100,98,false,false,2020-07-22 19:57:05,FILIPE GONCALVES DE SOUZA NOGUEIRA DA SILVA,,,"8085676",
99,98,false,false,2020-07-22 19:57:04,FILIPE GONCALVES DE SOUZA NOGUEIRA DA SILVA,2020-07-22 19:59:29,FILIPE GONCALVES DE SOUZA NOGUEIRA DA SILVA,"8085676","8085676"
74,84,false,false,2020-07-01 16:05:04,ADALGISA GONCALVES,2020-08-18 11:01:46,CLEODEONIRA ALONSO DE CARVALHO MORAES,"6769195","6347380"
