"id","nome","aprovado","frequencia","conselho","inicio_vigencia","fim_vigencia","criado_por","criado_rf","criado_em","alterado_por","alterado_rf","alterado_em","nota"
2,Promovido pelo conselho,true,false,true,2014-01-01 00:00:00,,SISTEMA,"0",2014-01-01 00:00:00,,,,false
3,Continuidade dos estudos,true,true,false,2014-01-01 00:00:00,,SISTEMA,"0",2014-01-01 00:00:00,,,,false
5,Retido por frequência,false,true,false,2014-01-01 00:00:00,,SISTEMA,"0",2014-01-01 00:00:00,,,,false
1,Promovido,true,true,false,2014-01-01 00:00:00,,SISTEMA,"0",2014-01-01 00:00:00,,,,true
4,Retido,false,false,true,2014-01-01 00:00:00,,SISTEMA,"0",2014-01-01 00:00:00,,,,true
