"id","conselho_classe_aluno_id","componente_curricular_codigo","nota","conceito_id","justificativa","migrado","excluido","criado_em","criado_por","alterado_em","alterado_por","criado_rf","alterado_rf"
2,33,6,9.50,,<p>Teste 2</p>,false,false,2020-05-04 14:08:58,ARACI NOBUE NAKANE CHAEBO GADUM,2020-05-04 14:09:25,ARACI NOBUE NAKANE CHAEBO GADUM,"7213000","7213000"
3,36,2,10.00,,<p>Teste 1º Bimestre</p>,false,false,2020-05-04 14:13:23,DEISE EMILIA GUERRA,,,"7923783",
4,38,2,10.00,,<p>Teste 2º Bimestre</p>,false,false,2020-05-04 14:13:33,DEISE EMILIA GUERRA,,,"7923783",
5,40,2,10.00,,<p>Teste 3º Bimestre</p>,false,false,2020-05-04 14:13:46,DEISE EMILIA GUERRA,,,"7923783",
6,30,2,10.00,,<p>Teste 4º Bimestre</p>,false,false,2020-05-04 14:14:00,DEISE EMILIA GUERRA,,,"7923783",
7,42,138,9.00,,<p>teste</p>,false,false,2020-05-04 14:21:57,ELISA MARIA VELOSO CAMERA,,,"7272936",
8,44,139,,2,<p>teste</p>,false,false,2020-05-04 14:27:47,SADAKO MORITA,2020-05-04 14:28:03,SADAKO MORITA,"3135535","3135535"
9,46,6,,1,<p>teste</p>,false,false,2020-05-04 14:35:54,SADAKO MORITA,,,"3135535",
10,30,89,8.00,,<p>Teste</p>,false,false,2020-05-04 14:39:18,ARACI NOBUE NAKANE CHAEBO GADUM,,,"7213000",
11,33,138,8.00,,<p>Teste</p>,false,false,2020-05-04 14:39:50,ARACI NOBUE NAKANE CHAEBO GADUM,,,"7213000",
12,33,89,8.00,,<p>Teste</p>,false,false,2020-05-04 14:40:49,ARACI NOBUE NAKANE CHAEBO GADUM,,,"7213000",
13,42,2,10.00,,<p>Teste</p>,false,false,2020-05-04 14:45:44,ELISA MARIA VELOSO CAMERA,,,"7272936",
14,47,2,10.00,,<p>teste</p>,false,false,2020-05-04 15:48:19,ADALGISA GONCALVES,,,"6769195",
16,49,2,10.00,,<p>teste</p>,false,false,2020-05-04 15:50:10,ADALGISA GONCALVES,,,"6769195",
15,46,139,,1,<p>teste</p>,false,false,2020-05-04 15:48:55,SADAKO MORITA,2020-05-04 15:50:38,SADAKO MORITA,"3135535","3135535"
17,47,6,10.00,,<p>teste</p>,false,false,2020-05-04 16:18:58,ADALGISA GONCALVES,,,"6769195",
40,50,139,6.00,,<p>teste</p>,false,false,2020-05-04 18:42:50,FILIPE GONCALVES DE SOUZA NOGUEIRA DA SILVA,,,"8085676",
18,50,2,9.50,,<p>asdf</p>,false,false,2020-05-04 16:27:05,FILIPE GONCALVES DE SOUZA NOGUEIRA DA SILVA,2020-05-04 16:56:11,FILIPE GONCALVES DE SOUZA NOGUEIRA DA SILVA,"8085676","8085676"
19,50,6,9.50,,<p>asdf</p>,false,false,2020-05-04 16:29:41,FILIPE GONCALVES DE SOUZA NOGUEIRA DA SILVA,2020-05-04 16:56:17,FILIPE GONCALVES DE SOUZA NOGUEIRA DA SILVA,"8085676","8085676"
25,66,7,,1,<p>Teste 3</p>,false,false,2020-05-04 16:51:44,ANA RITA GOMES DOS SANTOS,2020-05-04 16:56:44,ANA RITA GOMES DOS SANTOS,"6809324","6809324"
21,50,8,9.50,,<p>a</p>,false,false,2020-05-04 16:32:01,FILIPE GONCALVES DE SOUZA NOGUEIRA DA SILVA,2020-05-04 17:12:58,FILIPE GONCALVES DE SOUZA NOGUEIRA DA SILVA,"8085676","8085676"
41,50,9,7.00,,<p>teste</p>,false,false,2020-05-04 18:42:57,FILIPE GONCALVES DE SOUZA NOGUEIRA DA SILVA,,,"8085676",
22,64,7,,2,<p>Teste</p>,false,false,2020-05-04 16:47:49,ANA RITA GOMES DOS SANTOS,,,"6809324",
26,72,2,9.00,,<p>Teste</p>,false,false,2020-05-04 17:29:37,ADRIANE AVERSAN,2020-05-04 17:30:13,ADRIANE AVERSAN,"6580866","6580866"
20,50,7,9.50,,<p>teste</p>,false,false,2020-05-04 16:30:48,FILIPE GONCALVES DE SOUZA NOGUEIRA DA SILVA,2020-05-04 17:30:53,FILIPE GONCALVES DE SOUZA NOGUEIRA DA SILVA,"8085676","8085676"
27,50,51,1.00,,<p>teste</p>,false,false,2020-05-04 17:38:12,FILIPE GONCALVES DE SOUZA NOGUEIRA DA SILVA,,,"8085676",
42,50,98,0.50,,<p>teste</p>,false,false,2020-05-04 18:43:03,FILIPE GONCALVES DE SOUZA NOGUEIRA DA SILVA,,,"8085676",
28,50,52,1.50,,<p>teste</p>,false,false,2020-05-04 17:39:22,FILIPE GONCALVES DE SOUZA NOGUEIRA DA SILVA,,,"8085676",
24,66,2,,2,<p>Teste</p>,false,false,2020-05-04 16:51:04,ANA RITA GOMES DOS SANTOS,,,"6809324",
43,50,1311,6.00,,<p>teste</p>,false,false,2020-05-04 18:43:10,FILIPE GONCALVES DE SOUZA NOGUEIRA DA SILVA,,,"8085676",
23,64,2,,3,<p>Teste</p>,false,false,2020-05-04 16:48:01,ANA RITA GOMES DOS SANTOS,2020-05-04 16:52:22,ANA RITA GOMES DOS SANTOS,"6809324","6809324"
29,71,2,,2,<p>Justificativa de nota pós-conselhoJustificativa de nota pós-conselhoJustificativa de nota pós-conselhoJustificativa de nota pós-conselhoJustificativa de nota pós-conselho</p>,false,false,2020-05-04 17:46:32,FERNANDA TOLEDO CATALANI,2020-05-04 17:46:50,FERNANDA TOLEDO CATALANI,"8279306","8279306"
44,50,1312,7.00,,<p>teste</p>,false,false,2020-05-04 18:43:17,FILIPE GONCALVES DE SOUZA NOGUEIRA DA SILVA,,,"8085676",
30,71,6,,1,<p>teste</p>,false,false,2020-05-04 17:50:44,FERNANDA TOLEDO CATALANI,,,"8279306",
32,78,7,0.50,,<p>teste</p>,false,false,2020-05-04 18:29:39,JOSELY ANGELA CARRUBBA,,,"7217757",
33,79,7,0.50,,<p>teste</p>,false,false,2020-05-04 18:32:09,JOSELY ANGELA CARRUBBA,,,"7217757",
34,80,6,,1,<p>TEste</p>,false,false,2020-05-04 18:39:43,ROSANE MARTINS DA CRUZ,,,"6773559",
36,80,1061,,1,<p>Teste</p>,false,false,2020-05-04 18:39:56,ROSANE MARTINS DA CRUZ,,,"6773559",
37,80,1106,,1,<p>Teste</p>,false,false,2020-05-04 18:40:02,ROSANE MARTINS DA CRUZ,,,"6773559",
38,50,53,8.00,,<p>teste</p>,false,false,2020-05-04 18:42:34,FILIPE GONCALVES DE SOUZA NOGUEIRA DA SILVA,,,"8085676",
39,50,138,7.00,,<p>teste</p>,false,false,2020-05-04 18:42:41,FILIPE GONCALVES DE SOUZA NOGUEIRA DA SILVA,,,"8085676",
45,50,1313,9.00,,<p>teste</p>,false,false,2020-05-04 18:43:25,FILIPE GONCALVES DE SOUZA NOGUEIRA DA SILVA,,,"8085676",
46,50,1317,9.00,,<p>sdf</p>,false,false,2020-05-04 18:50:17,FILIPE GONCALVES DE SOUZA NOGUEIRA DA SILVA,,,"8085676",
47,50,1314,9.50,,<p>sdfas</p>,false,false,2020-05-04 18:50:26,FILIPE GONCALVES DE SOUZA NOGUEIRA DA SILVA,,,"8085676",
48,50,1318,7.00,,<p>teste</p>,false,false,2020-05-04 18:50:40,FILIPE GONCALVES DE SOUZA NOGUEIRA DA SILVA,,,"8085676",
49,82,139,,2,<p>teste</p>,false,false,2020-05-04 19:06:05,ABIGAIL LOMBARDI,,,"8215821",
50,83,139,,1,<p>teste</p>,false,false,2020-05-04 19:10:24,ABIGAIL LOMBARDI,,,"8215821",
51,83,6,,1,<p>teste</p>,false,false,2020-05-04 19:11:24,ABIGAIL LOMBARDI,,,"8215821",
52,83,1106,,2,<p>asda</p>,false,false,2020-05-04 19:16:49,ABIGAIL LOMBARDI,,,"8215821",
35,80,139,,1,<p>teste</p>,false,false,2020-05-04 18:39:50,ROSANE MARTINS DA CRUZ,2020-05-04 20:09:35,ANDRESSA DE CASTRO DELL ELBA GOMES ANCETTI,"6773559","7920989"
31,77,7,5.50,,<p>aaa</p>,false,false,2020-05-04 18:03:57,JOSELY ANGELA CARRUBBA,2020-05-04 21:30:49,JOSELY ANGELA CARRUBBA,"7217757","7217757"
53,85,2,,2,<p>Teste</p>,false,false,2020-05-04 21:52:45,ANA RITA GOMES DOS SANTOS,,,"6809324",
55,86,1106,,1,<p>teste</p>,false,false,2020-05-04 22:00:04,ANA RITA GOMES DOS SANTOS,,,"6809324",
92,68,2,,1,<p>Teste</p>,false,false,2020-05-14 09:28:29,FERNANDA TOLEDO CATALANI,2020-05-14 09:29:32,FERNANDA TOLEDO CATALANI,"8279306","8279306"
76,68,9,,3,<p>Teste</p>,false,false,2020-05-05 02:09:39,FERNANDA TOLEDO CATALANI,2020-05-14 09:31:30,FERNANDA TOLEDO CATALANI,"8279306","8279306"
97,100,138,9.00,,<p>teste ano anterior</p>,false,false,2020-05-21 17:55:10,ADALGISA GONCALVES,,,"6769195",
54,86,6,,1,<p>teste dev</p>,false,false,2020-05-04 21:59:53,ANA RITA GOMES DOS SANTOS,2020-05-04 23:39:08,ANA RITA GOMES DOS SANTOS,"6809324","6809324"
57,86,139,,1,<p>teste dev</p>,false,false,2020-05-04 22:29:15,ANA RITA GOMES DOS SANTOS,2020-05-04 23:39:15,ANA RITA GOMES DOS SANTOS,"6809324","6809324"
56,86,89,,2,<p>teste dev</p>,false,false,2020-05-04 22:00:26,ANA RITA GOMES DOS SANTOS,2020-05-04 23:39:26,ANA RITA GOMES DOS SANTOS,"6809324","6809324"
60,86,8,,2,<p>teste</p>,false,false,2020-05-04 23:39:50,ANA RITA GOMES DOS SANTOS,,,"6809324",
61,89,6,,1,<p>teste dev</p>,false,false,2020-05-04 23:40:44,ANA RITA GOMES DOS SANTOS,,,"6809324",
62,89,139,,1,<p>teste dev</p>,false,false,2020-05-04 23:41:00,ANA RITA GOMES DOS SANTOS,,,"6809324",
63,89,89,,1,<p>dev</p>,false,false,2020-05-04 23:41:33,ANA RITA GOMES DOS SANTOS,,,"6809324",
64,89,1106,,2,<p>dev</p>,false,false,2020-05-04 23:41:41,ANA RITA GOMES DOS SANTOS,,,"6809324",
65,90,1106,,1,<p>asdsa</p>,false,false,2020-05-04 23:51:17,ANA RITA GOMES DOS SANTOS,,,"6809324",
66,90,89,,1,<p>adsa</p>,false,false,2020-05-04 23:51:28,ANA RITA GOMES DOS SANTOS,,,"6809324",
67,90,139,,2,<p>teste</p>,false,false,2020-05-05 00:12:08,ANA RITA GOMES DOS SANTOS,,,"6809324",
70,13,6,6.00,,<p>Teste</p>,false,false,2020-05-05 00:56:37,FILIPE GONCALVES DE SOUZA NOGUEIRA DA SILVA,,,"8085676",
71,13,7,7.50,,<p>Teste</p>,false,false,2020-05-05 00:56:44,FILIPE GONCALVES DE SOUZA NOGUEIRA DA SILVA,,,"8085676",
72,13,8,8.00,,<p>Teste</p>,false,false,2020-05-05 00:56:52,FILIPE GONCALVES DE SOUZA NOGUEIRA DA SILVA,,,"8085676",
73,85,139,,1,<p>Teste</p>,false,false,2020-05-05 01:44:28,ANA RITA GOMES DOS SANTOS,,,"6809324",
74,85,6,,1,<p>Teste</p>,false,false,2020-05-05 01:44:36,ANA RITA GOMES DOS SANTOS,,,"6809324",
75,85,1106,,1,<p>Teste</p>,false,false,2020-05-05 01:47:30,ANA RITA GOMES DOS SANTOS,,,"6809324",
77,72,139,6.00,,<p>Teste</p>,false,false,2020-05-05 02:24:24,ADRIANE AVERSAN,,,"6580866",
78,72,138,5.00,,<p>Teste</p>,false,false,2020-05-05 02:24:38,ADRIANE AVERSAN,,,"6580866",
79,42,6,8.00,,<p>Teste</p>,false,false,2020-05-05 02:38:51,ELISA MARIA VELOSO CAMERA,,,"7272936",
80,42,7,5.20,,<p>Teste</p>,false,false,2020-05-05 02:38:59,ELISA MARIA VELOSO CAMERA,,,"7272936",
81,93,6,,1,<p>aaa</p>,false,false,2020-05-06 18:29:20,JOSELY ANGELA CARRUBBA,,,"7217757",
82,93,139,,1,<p>aaa</p>,false,false,2020-05-06 18:50:19,JOSELY ANGELA CARRUBBA,,,"7217757",
83,93,2,,1,<p>aaa</p>,false,false,2020-05-06 18:50:30,JOSELY ANGELA CARRUBBA,,,"7217757",
84,93,7,,2,<p>aaaaa</p>,false,false,2020-05-06 18:50:37,JOSELY ANGELA CARRUBBA,,,"7217757",
85,93,8,,2,<p>aaa</p>,false,false,2020-05-06 18:50:44,JOSELY ANGELA CARRUBBA,,,"7217757",
86,93,89,,1,<p>aaa</p>,false,false,2020-05-06 18:50:50,JOSELY ANGELA CARRUBBA,,,"7217757",
87,93,138,,2,<p>aaa</p>,false,false,2020-05-06 18:50:57,JOSELY ANGELA CARRUBBA,,,"7217757",
88,93,9,,2,<p>aaaa</p>,false,false,2020-05-06 18:51:11,JOSELY ANGELA CARRUBBA,,,"7217757",
98,47,7,5.50,,<p>teste</p>,false,false,2020-05-28 15:44:59,ADALGISA GONCALVES,,,"6769195",
1,33,2,9.50,,<p>Teste</p>,false,false,2020-05-04 14:07:13,DEISE EMILIA GUERRA,2020-05-11 10:06:21,ARACI NOBUE NAKANE CHAEBO GADUM,"7923783","7213000"
90,95,7,6.50,,<p>Teste</p>,false,false,2020-05-11 10:07:55,ARACI NOBUE NAKANE CHAEBO GADUM,,,"7213000",
91,96,8,8.00,,<p>Teste</p>,false,false,2020-05-11 10:08:16,ARACI NOBUE NAKANE CHAEBO GADUM,,,"7213000",
99,101,2,,2,<p>rasd</p>,false,false,2020-06-15 04:55:54,ESTER CUSTODIA DOS SANTOS,,,"6926886",
89,94,7,0.00,,<p>Teste</p>,false,false,2020-05-07 08:31:47,JOSELY ANGELA CARRUBBA,2020-05-14 09:37:02,JOSELY ANGELA CARRUBBA,"7217757","7217757"
100,103,2,5.00,,<p>Teset</p>,false,false,2020-06-22 18:57:57,FILIPE GONCALVES DE SOUZA NOGUEIRA DA SILVA,,,"8085676",
59,68,139,,1,<p>Teste</p>,false,false,2020-05-04 22:55:28,FERNANDA TOLEDO CATALANI,2020-05-14 09:29:25,FERNANDA TOLEDO CATALANI,"8279306","8279306"
93,94,6,0.00,,<p>Teste</p>,false,false,2020-05-14 09:37:37,JOSELY ANGELA CARRUBBA,,,"7217757",
94,94,2,0.00,,<p>Teste</p>,false,false,2020-05-14 09:41:29,JOSELY ANGELA CARRUBBA,,,"7217757",
58,68,6,,2,<p>aaa</p>,false,false,2020-05-04 22:54:55,FERNANDA TOLEDO CATALANI,2020-05-14 16:20:09,FERNANDA TOLEDO CATALANI,"8279306","8279306"
95,99,2,10.00,,<p>ok</p>,false,false,2020-05-15 17:25:31,CLEODEONIRA ALONSO DE CARVALHO MORAES,,,"6347380",
96,99,7,4.50,,<p>teste</p>,false,false,2020-05-15 17:25:46,CLEODEONIRA ALONSO DE CARVALHO MORAES,2020-05-15 17:26:24,CLEODEONIRA ALONSO DE CARVALHO MORAES,"6347380","6347380"
101,103,6,6.00,,<p>Teste</p>,false,false,2020-06-22 18:58:11,FILIPE GONCALVES DE SOUZA NOGUEIRA DA SILVA,,,"8085676",
102,103,7,7.00,,<p>Teste</p>,false,false,2020-06-22 18:58:16,FILIPE GONCALVES DE SOUZA NOGUEIRA DA SILVA,,,"8085676",
103,103,8,7.00,,<p>Teste</p>,false,false,2020-06-22 18:58:21,FILIPE GONCALVES DE SOUZA NOGUEIRA DA SILVA,,,"8085676",
104,103,51,8.00,,<p>Teste</p>,false,false,2020-06-22 18:58:25,FILIPE GONCALVES DE SOUZA NOGUEIRA DA SILVA,,,"8085676",
105,103,52,9.00,,<p>Teste</p>,false,false,2020-06-22 18:58:30,FILIPE GONCALVES DE SOUZA NOGUEIRA DA SILVA,,,"8085676",
106,103,53,10.00,,<p>Teste</p>,false,false,2020-06-22 18:58:36,FILIPE GONCALVES DE SOUZA NOGUEIRA DA SILVA,,,"8085676",
107,103,138,5.00,,<p>Teste</p>,false,false,2020-06-22 18:58:49,FILIPE GONCALVES DE SOUZA NOGUEIRA DA SILVA,,,"8085676",
108,103,139,5.00,,<p>Teste</p>,false,false,2020-06-22 18:58:55,FILIPE GONCALVES DE SOUZA NOGUEIRA DA SILVA,,,"8085676",
68,91,2,7.50,,<p>teste</p>,false,false,2020-05-05 00:53:18,FILIPE GONCALVES DE SOUZA NOGUEIRA DA SILVA,2020-07-11 17:50:29,HELOISA MARIA DE MORAIS GIANNICHI,"8085676","7944560"
109,103,9,10.00,,<p>Teste</p>,false,false,2020-06-22 18:59:07,FILIPE GONCALVES DE SOUZA NOGUEIRA DA SILVA,,,"8085676",
110,103,98,8.00,,<p>Teste</p>,false,false,2020-06-22 18:59:12,FILIPE GONCALVES DE SOUZA NOGUEIRA DA SILVA,,,"8085676",
112,103,1311,4.00,,<p>Teste</p>,false,false,2020-06-22 18:59:24,FILIPE GONCALVES DE SOUZA NOGUEIRA DA SILVA,,,"8085676",
111,103,103,5.00,,<p>Teste</p>,false,false,2020-06-22 18:59:18,FILIPE GONCALVES DE SOUZA NOGUEIRA DA SILVA,,,"8085676",
113,103,1312,7.00,,<p>Teste</p>,false,false,2020-06-22 18:59:30,FILIPE GONCALVES DE SOUZA NOGUEIRA DA SILVA,,,"8085676",
114,103,1313,6.00,,<p>Teste</p>,false,false,2020-06-22 18:59:35,FILIPE GONCALVES DE SOUZA NOGUEIRA DA SILVA,,,"8085676",
115,103,1314,5.50,,<p>Teste</p>,false,false,2020-06-22 18:59:43,FILIPE GONCALVES DE SOUZA NOGUEIRA DA SILVA,,,"8085676",
116,103,1317,6.00,,<p>Teste</p>,false,false,2020-06-22 18:59:49,FILIPE GONCALVES DE SOUZA NOGUEIRA DA SILVA,,,"8085676",
117,103,1318,8.00,,<p>Teste</p>,false,false,2020-06-22 18:59:57,FILIPE GONCALVES DE SOUZA NOGUEIRA DA SILVA,,,"8085676",
118,103,1319,9.00,,<p>Teste</p>,false,false,2020-06-22 19:00:04,FILIPE GONCALVES DE SOUZA NOGUEIRA DA SILVA,,,"8085676",
119,104,2,9.00,,<p>teste</p>,false,false,2020-06-23 18:35:18,FILIPE GONCALVES DE SOUZA NOGUEIRA DA SILVA,,,"8085676",
120,105,2,,2,<p>Teste</p>,false,false,2020-06-23 20:03:34,ESTER CUSTODIA DOS SANTOS,,,"6926886",
122,106,139,,1,<p>Teste</p>,false,false,2020-06-24 09:20:43,ROSANE MARTINS DA CRUZ,,,"6773559",
123,106,1106,,1,<p>Teste</p>,false,false,2020-06-24 09:20:50,ROSANE MARTINS DA CRUZ,,,"6773559",
124,107,6,,1,<p>TEste</p>,false,false,2020-06-24 09:21:24,ROSANE MARTINS DA CRUZ,,,"6773559",
125,107,139,,1,<p>Teste</p>,false,false,2020-06-24 09:21:32,ROSANE MARTINS DA CRUZ,,,"6773559",
126,107,1106,,1,<p>Teste</p>,false,false,2020-06-24 09:21:38,ROSANE MARTINS DA CRUZ,,,"6773559",
127,108,6,10.00,,<p>teste</p>,false,false,2020-06-24 10:10:03,ADRIANE AVERSAN,,,"6580866",
128,108,139,5.00,,<p>teste</p>,false,false,2020-06-24 10:10:11,ADRIANE AVERSAN,,,"6580866",
129,108,138,0.00,,<p>teste</p>,false,false,2020-06-24 10:10:18,ADRIANE AVERSAN,,,"6580866",
130,108,1106,1.00,,<p>teste</p>,false,false,2020-06-24 10:10:27,ADRIANE AVERSAN,,,"6580866",
131,110,6,10.00,,<p>teste</p>,false,false,2020-06-24 15:22:11,ADRIANE AVERSAN,,,"6580866",
132,110,139,9.00,,<p>Teste</p>,false,false,2020-06-24 15:22:18,ADRIANE AVERSAN,,,"6580866",
133,110,1106,10.00,,<p>Teste</p>,false,false,2020-06-24 15:22:26,ADRIANE AVERSAN,,,"6580866",
134,112,2,,1,<p>Teste</p>,false,false,2020-06-24 17:42:20,ESTER CUSTODIA DOS SANTOS,,,"6926886",
135,112,6,,1,<p>Teste</p>,false,false,2020-06-24 17:42:24,ESTER CUSTODIA DOS SANTOS,,,"6926886",
136,112,7,,1,<p>Teste</p>,false,false,2020-06-24 17:42:32,ESTER CUSTODIA DOS SANTOS,,,"6926886",
137,112,8,,1,<p>Teste</p>,false,false,2020-06-24 17:42:37,ESTER CUSTODIA DOS SANTOS,,,"6926886",
138,112,89,,1,<p>Teste</p>,false,false,2020-06-24 17:42:45,ESTER CUSTODIA DOS SANTOS,,,"6926886",
139,112,138,,1,<p>Teste</p>,false,false,2020-06-24 17:42:58,ESTER CUSTODIA DOS SANTOS,,,"6926886",
140,112,139,,1,<p>Teste</p>,false,false,2020-06-24 17:43:28,ESTER CUSTODIA DOS SANTOS,,,"6926886",
141,113,2,,1,<p>Teste</p>,false,false,2020-06-24 17:44:29,ESTER CUSTODIA DOS SANTOS,,,"6926886",
142,113,6,,1,<p>Teste</p>,false,false,2020-06-24 17:44:34,ESTER CUSTODIA DOS SANTOS,,,"6926886",
143,113,7,,1,<p>Teste</p>,false,false,2020-06-24 17:44:41,ESTER CUSTODIA DOS SANTOS,,,"6926886",
144,113,8,,1,<p>Teste</p>,false,false,2020-06-24 17:44:47,ESTER CUSTODIA DOS SANTOS,,,"6926886",
145,113,89,,1,<p>Teste</p>,false,false,2020-06-24 17:45:39,ESTER CUSTODIA DOS SANTOS,,,"6926886",
146,113,138,,1,<p>Teste</p>,false,false,2020-06-24 17:45:46,ESTER CUSTODIA DOS SANTOS,,,"6926886",
147,113,139,,1,<p>Teste</p>,false,false,2020-06-24 17:45:51,ESTER CUSTODIA DOS SANTOS,,,"6926886",
148,114,6,,1,<p>teste</p>,false,false,2020-06-24 17:55:16,ROSANE MARTINS DA CRUZ,,,"6773559",
149,115,6,,1,<p>teste</p>,false,false,2020-06-24 17:57:37,ROSANE MARTINS DA CRUZ,,,"6773559",
150,116,6,,1,<p>aa</p>,false,false,2020-06-24 17:58:39,ROSANE MARTINS DA CRUZ,,,"6773559",
151,117,6,,1,<p>Teste</p>,false,false,2020-06-24 18:45:28,ROSANE MARTINS DA CRUZ,,,"6773559",
152,118,6,,1,<p>Teste</p>,false,false,2020-06-24 18:54:43,ROSANE MARTINS DA CRUZ,,,"6773559",
153,119,6,,1,<p>Teste</p>,false,false,2020-06-24 18:56:15,ROSANE MARTINS DA CRUZ,,,"6773559",
154,120,6,,1,<p>Teste</p>,false,false,2020-06-24 19:02:29,ROSANE MARTINS DA CRUZ,,,"6773559",
155,121,6,,1,<p>Teste</p>,false,false,2020-06-24 19:16:15,ROSANE MARTINS DA CRUZ,,,"6773559",
156,122,6,,1,<p>Teste</p>,false,false,2020-06-24 19:19:06,ROSANE MARTINS DA CRUZ,,,"6773559",
157,123,139,,1,<p>Teste</p>,false,false,2020-06-24 19:20:49,ROSANE MARTINS DA CRUZ,,,"6773559",
158,124,6,,1,<p>Teste</p>,false,false,2020-06-24 19:21:43,ROSANE MARTINS DA CRUZ,,,"6773559",
159,125,6,,1,<p>Teste</p>,false,false,2020-06-24 19:25:39,ROSANE MARTINS DA CRUZ,,,"6773559",
160,126,6,,1,<p>Teste</p>,false,false,2020-06-24 19:28:46,ROSANE MARTINS DA CRUZ,,,"6773559",
161,127,6,,1,<p>Tes</p>,false,false,2020-06-24 19:29:52,ROSANE MARTINS DA CRUZ,,,"6773559",
162,128,6,,1,<p>Teste</p>,false,false,2020-06-24 19:39:04,ROSANE MARTINS DA CRUZ,,,"6773559",
164,129,139,,1,<p>Teste</p>,false,false,2020-06-24 19:54:36,ROSANE MARTINS DA CRUZ,,,"6773559",
165,130,6,,1,<p>Teste</p>,false,false,2020-06-24 20:03:31,ROSANE MARTINS DA CRUZ,,,"6773559",
166,131,6,,1,<p>T</p>,false,false,2020-06-24 20:06:54,ROSANE MARTINS DA CRUZ,,,"6773559",
163,129,6,,2,<p>Te</p>,false,false,2020-06-24 19:51:02,ROSANE MARTINS DA CRUZ,2020-06-24 20:18:51,ROSANE MARTINS DA CRUZ,"6773559","6773559"
167,129,1106,,1,<p>Teste</p>,false,false,2020-06-24 20:24:32,ROSANE MARTINS DA CRUZ,,,"6773559",
168,132,6,,1,<p>Teste</p>,false,false,2020-06-24 20:25:08,ROSANE MARTINS DA CRUZ,,,"6773559",
169,133,6,,1,<p>Teste</p>,false,false,2020-06-24 20:32:58,ROSANE MARTINS DA CRUZ,,,"6773559",
170,13,51,0.00,,<p>teste</p>,false,false,2020-06-24 23:36:36,FILIPE GONCALVES DE SOUZA NOGUEIRA DA SILVA,,,"8085676",
171,13,52,1.00,,<p>teste</p>,false,false,2020-06-24 23:36:45,FILIPE GONCALVES DE SOUZA NOGUEIRA DA SILVA,,,"8085676",
172,13,53,10.00,,<p>teste</p>,false,false,2020-06-24 23:36:51,FILIPE GONCALVES DE SOUZA NOGUEIRA DA SILVA,,,"8085676",
173,13,138,8.00,,<p>teste</p>,false,false,2020-06-24 23:36:59,FILIPE GONCALVES DE SOUZA NOGUEIRA DA SILVA,,,"8085676",
174,13,139,9.00,,<p>teste</p>,false,false,2020-06-24 23:37:05,FILIPE GONCALVES DE SOUZA NOGUEIRA DA SILVA,,,"8085676",
175,13,9,5.00,,<p>teste</p>,false,false,2020-06-24 23:37:15,FILIPE GONCALVES DE SOUZA NOGUEIRA DA SILVA,,,"8085676",
176,13,98,5.00,,<p>teste</p>,false,false,2020-06-24 23:37:21,FILIPE GONCALVES DE SOUZA NOGUEIRA DA SILVA,,,"8085676",
177,13,1311,5.00,,<p>teste</p>,false,false,2020-06-24 23:37:26,FILIPE GONCALVES DE SOUZA NOGUEIRA DA SILVA,,,"8085676",
178,13,1312,5.00,,<p>teste</p>,false,false,2020-06-24 23:37:33,FILIPE GONCALVES DE SOUZA NOGUEIRA DA SILVA,,,"8085676",
179,13,1313,7.50,,<p>teste</p>,false,false,2020-06-24 23:37:40,FILIPE GONCALVES DE SOUZA NOGUEIRA DA SILVA,,,"8085676",
180,13,1314,8.50,,<p>teste</p>,false,false,2020-06-24 23:37:48,FILIPE GONCALVES DE SOUZA NOGUEIRA DA SILVA,,,"8085676",
181,13,1317,9.00,,<p>teste</p>,false,false,2020-06-24 23:37:55,FILIPE GONCALVES DE SOUZA NOGUEIRA DA SILVA,,,"8085676",
182,13,1318,10.00,,<p>teste</p>,false,false,2020-06-24 23:38:00,FILIPE GONCALVES DE SOUZA NOGUEIRA DA SILVA,,,"8085676",
183,13,1319,9.00,,<p>teste</p>,false,false,2020-06-24 23:38:10,FILIPE GONCALVES DE SOUZA NOGUEIRA DA SILVA,,,"8085676",
184,14,2,10.00,,<p>Teste</p>,false,false,2020-06-24 23:41:49,FILIPE GONCALVES DE SOUZA NOGUEIRA DA SILVA,,,"8085676",
185,14,6,0.50,,<p>Teste</p>,false,false,2020-06-24 23:41:59,FILIPE GONCALVES DE SOUZA NOGUEIRA DA SILVA,,,"8085676",
186,14,7,0.00,,<p>Teste</p>,false,false,2020-06-24 23:42:04,FILIPE GONCALVES DE SOUZA NOGUEIRA DA SILVA,,,"8085676",
187,14,8,8.00,,<p>Teste</p>,false,false,2020-06-24 23:42:11,FILIPE GONCALVES DE SOUZA NOGUEIRA DA SILVA,,,"8085676",
188,14,51,7.50,,<p>Teste</p>,false,false,2020-06-24 23:42:26,FILIPE GONCALVES DE SOUZA NOGUEIRA DA SILVA,,,"8085676",
189,14,52,9.00,,<p>Teste</p>,false,false,2020-06-24 23:42:33,FILIPE GONCALVES DE SOUZA NOGUEIRA DA SILVA,,,"8085676",
190,14,53,10.00,,<p>Teste</p>,false,false,2020-06-24 23:42:42,FILIPE GONCALVES DE SOUZA NOGUEIRA DA SILVA,,,"8085676",
191,14,138,9.00,,<p>Teste</p>,false,false,2020-06-24 23:42:49,FILIPE GONCALVES DE SOUZA NOGUEIRA DA SILVA,,,"8085676",
192,14,139,8.00,,<p>Teste</p>,false,false,2020-06-24 23:42:57,FILIPE GONCALVES DE SOUZA NOGUEIRA DA SILVA,,,"8085676",
193,14,9,8.00,,<p>Teste</p>,false,false,2020-06-24 23:43:04,FILIPE GONCALVES DE SOUZA NOGUEIRA DA SILVA,,,"8085676",
194,14,98,8.00,,<p>Teste</p>,false,false,2020-06-24 23:43:11,FILIPE GONCALVES DE SOUZA NOGUEIRA DA SILVA,,,"8085676",
195,14,1311,8.00,,<p>Teste</p>,false,false,2020-06-24 23:43:19,FILIPE GONCALVES DE SOUZA NOGUEIRA DA SILVA,,,"8085676",
196,14,1312,8.00,,<p>Teste</p>,false,false,2020-06-24 23:43:26,FILIPE GONCALVES DE SOUZA NOGUEIRA DA SILVA,,,"8085676",
197,14,1313,8.00,,<p>Teste</p>,false,false,2020-06-24 23:43:32,FILIPE GONCALVES DE SOUZA NOGUEIRA DA SILVA,,,"8085676",
198,14,1314,8.00,,<p>Teste</p>,false,false,2020-06-24 23:43:38,FILIPE GONCALVES DE SOUZA NOGUEIRA DA SILVA,,,"8085676",
199,14,1317,7.50,,<p>Teste</p>,false,false,2020-06-24 23:43:43,FILIPE GONCALVES DE SOUZA NOGUEIRA DA SILVA,,,"8085676",
200,14,1318,9.50,,<p>Teste</p>,false,false,2020-06-24 23:43:49,FILIPE GONCALVES DE SOUZA NOGUEIRA DA SILVA,,,"8085676",
201,14,1319,10.00,,<p>Teste</p>,false,false,2020-06-24 23:43:54,FILIPE GONCALVES DE SOUZA NOGUEIRA DA SILVA,,,"8085676",
69,13,2,10.00,,<p>teste</p>,false,false,2020-05-05 00:56:20,FILIPE GONCALVES DE SOUZA NOGUEIRA DA SILVA,2020-06-25 01:55:41,FILIPE GONCALVES DE SOUZA NOGUEIRA DA SILVA,"8085676","8085676"
121,106,6,,2,<p>Nova nota e justificativa</p>,false,false,2020-06-24 09:20:34,ROSANE MARTINS DA CRUZ,2020-06-25 02:00:08,ROSANE MARTINS DA CRUZ,"6773559","6773559"
202,134,2,,1,<p>teste</p>,false,false,2020-06-25 02:30:05,ESTER CUSTODIA DOS SANTOS,,,"6926886",
203,117,139,,1,<p>Teste</p>,false,false,2020-06-25 02:30:54,ROSANE MARTINS DA CRUZ,,,"6773559",
204,119,139,,2,<p>Teste</p>,false,false,2020-06-25 02:33:21,ROSANE MARTINS DA CRUZ,,,"6773559",
205,119,1106,,1,<p>Teste</p>,false,false,2020-06-25 02:33:27,ROSANE MARTINS DA CRUZ,,,"6773559",
206,135,6,,1,<p>teste</p>,false,false,2020-06-25 02:38:06,ROSANE MARTINS DA CRUZ,,,"6773559",
207,136,6,,1,<p>Teste</p>,false,false,2020-06-25 02:40:28,ROSANE MARTINS DA CRUZ,,,"6773559",
208,137,6,,1,<p>Teste</p>,false,false,2020-06-25 02:44:24,ROSANE MARTINS DA CRUZ,,,"6773559",
209,138,6,,1,<p>Teste</p>,false,false,2020-06-25 02:46:17,ROSANE MARTINS DA CRUZ,,,"6773559",
210,139,6,,1,<p>Teste</p>,false,false,2020-06-25 02:55:48,ROSANE MARTINS DA CRUZ,,,"6773559",
211,140,6,,1,<p>t</p>,false,false,2020-06-25 08:41:40,DEISE EMILIA GUERRA,,,"7923783",
212,141,2,5.00,,<p>5</p>,false,false,2020-07-01 16:04:35,ADALGISA GONCALVES,,,"6769195",
213,141,7,5.00,,<p>5</p>,false,false,2020-07-01 16:04:40,ADALGISA GONCALVES,,,"6769195",
214,141,8,5.00,,<p>5</p>,false,false,2020-07-01 16:04:43,ADALGISA GONCALVES,,,"6769195",
215,141,89,5.00,,<p>5</p>,false,false,2020-07-01 16:04:48,ADALGISA GONCALVES,,,"6769195",
216,141,139,5.00,,<p>5</p>,false,false,2020-07-01 16:04:51,ADALGISA GONCALVES,,,"6769195",
217,141,9,5.00,,<p>5</p>,false,false,2020-07-01 16:04:55,ADALGISA GONCALVES,,,"6769195",
218,143,2,5.00,,<p>5</p>,false,false,2020-07-01 16:05:14,ADALGISA GONCALVES,,,"6769195",
219,143,7,5.00,,<p>5</p>,false,false,2020-07-01 16:05:19,ADALGISA GONCALVES,,,"6769195",
220,143,8,5.00,,<p>5</p>,false,false,2020-07-01 16:05:22,ADALGISA GONCALVES,,,"6769195",
221,143,89,5.00,,<p>5</p>,false,false,2020-07-01 16:05:26,ADALGISA GONCALVES,,,"6769195",
222,143,139,5.00,,<p>5</p>,false,false,2020-07-01 16:05:30,ADALGISA GONCALVES,,,"6769195",
223,143,9,5.00,,<p>5</p>,false,false,2020-07-01 16:05:35,ADALGISA GONCALVES,,,"6769195",
224,145,2,5.00,,<p>5</p>,false,false,2020-07-01 16:05:47,ADALGISA GONCALVES,,,"6769195",
225,145,7,5.00,,<p>5</p>,false,false,2020-07-01 16:05:51,ADALGISA GONCALVES,,,"6769195",
226,145,8,5.00,,<p>5</p>,false,false,2020-07-01 16:05:55,ADALGISA GONCALVES,,,"6769195",
227,145,89,5.00,,<p>5</p>,false,false,2020-07-01 16:05:58,ADALGISA GONCALVES,,,"6769195",
228,145,138,5.00,,<p>5</p>,false,false,2020-07-01 16:06:01,ADALGISA GONCALVES,,,"6769195",
229,145,139,5.00,,<p>5</p>,false,false,2020-07-01 16:06:04,ADALGISA GONCALVES,,,"6769195",
230,145,9,5.00,,<p>5</p>,false,false,2020-07-01 16:06:07,ADALGISA GONCALVES,,,"6769195",
231,146,2,5.00,,<p>5</p>,false,false,2020-07-01 16:06:16,ADALGISA GONCALVES,,,"6769195",
232,146,7,5.00,,<p>5</p>,false,false,2020-07-01 16:06:19,ADALGISA GONCALVES,,,"6769195",
233,146,8,5.00,,<p>5</p>,false,false,2020-07-01 16:06:22,ADALGISA GONCALVES,,,"6769195",
234,146,89,5.00,,<p>5</p>,false,false,2020-07-01 16:06:27,ADALGISA GONCALVES,,,"6769195",
235,146,139,5.00,,<p>5</p>,false,false,2020-07-01 16:06:32,ADALGISA GONCALVES,,,"6769195",
236,146,9,5.00,,<p>5</p>,false,false,2020-07-01 16:06:35,ADALGISA GONCALVES,,,"6769195",
237,88,6,,1,<p>Teste</p>,false,false,2020-07-07 10:43:53,ANA RITA GOMES DOS SANTOS,,,"6809324",
238,88,139,,1,<p>Teste</p>,false,false,2020-07-07 10:44:00,ANA RITA GOMES DOS SANTOS,,,"6809324",
239,88,1106,,1,<p>Teste</p>,false,false,2020-07-07 10:44:07,ANA RITA GOMES DOS SANTOS,,,"6809324",
240,147,2,10.00,,<p>Teste</p>,false,false,2020-07-08 16:49:39,ALESSANDRA SYNESIO ANTUNE RIBEIRO,,,"7778287",
241,147,6,10.00,,<p>Teste</p>,false,false,2020-07-08 16:49:49,ALESSANDRA SYNESIO ANTUNE RIBEIRO,,,"7778287",
242,147,7,10.00,,<p>TEste</p>,false,false,2020-07-08 16:49:58,ALESSANDRA SYNESIO ANTUNE RIBEIRO,,,"7778287",
243,147,8,10.00,,<p>Teste</p>,false,false,2020-07-08 16:50:07,ALESSANDRA SYNESIO ANTUNE RIBEIRO,,,"7778287",
244,147,89,10.00,,<p>Teste</p>,false,false,2020-07-08 16:50:19,ALESSANDRA SYNESIO ANTUNE RIBEIRO,,,"7778287",
245,147,139,10.00,,<p>Teste</p>,false,false,2020-07-08 16:50:30,ALESSANDRA SYNESIO ANTUNE RIBEIRO,,,"7778287",
246,147,9,10.00,,<p>Teste</p>,false,false,2020-07-08 16:52:47,ALESSANDRA SYNESIO ANTUNE RIBEIRO,,,"7778287",
247,149,2,10.00,,<p>TEste</p>,false,false,2020-07-08 16:56:42,ALESSANDRA SYNESIO ANTUNE RIBEIRO,,,"7778287",
248,148,6,10.00,,<p>Teste</p>,false,false,2020-07-08 16:57:49,ALESSANDRA SYNESIO ANTUNE RIBEIRO,,,"7778287",
249,148,7,10.00,,<p>Teste</p>,false,false,2020-07-08 16:58:07,ALESSANDRA SYNESIO ANTUNE RIBEIRO,,,"7778287",
250,148,8,10.00,,<p>Teste</p>,false,false,2020-07-08 16:58:16,ALESSANDRA SYNESIO ANTUNE RIBEIRO,,,"7778287",
251,148,89,10.00,,<p>Teste</p>,false,false,2020-07-08 16:58:22,ALESSANDRA SYNESIO ANTUNE RIBEIRO,,,"7778287",
252,148,139,10.00,,<p>Teste</p>,false,false,2020-07-08 16:58:29,ALESSANDRA SYNESIO ANTUNE RIBEIRO,,,"7778287",
253,148,9,10.00,,<p>Teste</p>,false,false,2020-07-08 16:58:38,ALESSANDRA SYNESIO ANTUNE RIBEIRO,,,"7778287",
254,151,2,0.00,,<p>Teste</p>,false,false,2020-07-08 17:02:07,ALESSANDRA SYNESIO ANTUNE RIBEIRO,,,"7778287",
255,151,6,0.00,,<p>Teste</p>,false,false,2020-07-08 17:02:17,ALESSANDRA SYNESIO ANTUNE RIBEIRO,,,"7778287",
256,151,7,0.00,,<p>Teste</p>,false,false,2020-07-08 17:02:51,ALESSANDRA SYNESIO ANTUNE RIBEIRO,,,"7778287",
257,151,8,0.00,,<p>Teste</p>,false,false,2020-07-08 17:02:55,ALESSANDRA SYNESIO ANTUNE RIBEIRO,,,"7778287",
258,151,89,0.00,,<p>Teste</p>,false,false,2020-07-08 17:03:00,ALESSANDRA SYNESIO ANTUNE RIBEIRO,,,"7778287",
259,151,139,0.00,,<p>Teste</p>,false,false,2020-07-08 17:03:06,ALESSANDRA SYNESIO ANTUNE RIBEIRO,,,"7778287",
260,151,9,0.00,,<p>Teste</p>,false,false,2020-07-08 17:03:11,ALESSANDRA SYNESIO ANTUNE RIBEIRO,,,"7778287",
261,152,2,0.00,,<p>Teste</p>,false,false,2020-07-08 17:03:27,ALESSANDRA SYNESIO ANTUNE RIBEIRO,,,"7778287",
262,152,6,0.00,,<p>Teste</p>,false,false,2020-07-08 17:03:32,ALESSANDRA SYNESIO ANTUNE RIBEIRO,,,"7778287",
263,152,7,0.00,,<p>Teste</p>,false,false,2020-07-08 17:03:36,ALESSANDRA SYNESIO ANTUNE RIBEIRO,,,"7778287",
264,152,8,0.00,,<p>Teste</p>,false,false,2020-07-08 17:03:41,ALESSANDRA SYNESIO ANTUNE RIBEIRO,,,"7778287",
265,152,89,0.00,,<p>Teste</p>,false,false,2020-07-08 17:03:46,ALESSANDRA SYNESIO ANTUNE RIBEIRO,,,"7778287",
266,152,139,0.00,,<p>Teste</p>,false,false,2020-07-08 17:03:50,ALESSANDRA SYNESIO ANTUNE RIBEIRO,,,"7778287",
267,152,9,0.00,,<p>Teste</p>,false,false,2020-07-08 17:04:02,ALESSANDRA SYNESIO ANTUNE RIBEIRO,,,"7778287",
268,154,1150,10.00,,<p>Teste</p>,false,false,2020-07-08 21:52:32,ALESSANDRA SYNESIO ANTUNE RIBEIRO,,,"7778287",
269,154,2,10.00,,<p>Teste</p>,false,false,2020-07-08 21:52:44,ALESSANDRA SYNESIO ANTUNE RIBEIRO,,,"7778287",
270,154,6,10.00,,<p>Teste</p>,false,false,2020-07-08 21:52:52,ALESSANDRA SYNESIO ANTUNE RIBEIRO,,,"7778287",
271,154,7,10.00,,<p>Teste</p>,false,false,2020-07-08 21:52:58,ALESSANDRA SYNESIO ANTUNE RIBEIRO,,,"7778287",
272,154,8,10.00,,<p>Teste</p>,false,false,2020-07-08 21:53:33,ALESSANDRA SYNESIO ANTUNE RIBEIRO,,,"7778287",
273,154,89,10.00,,<p>Teste</p>,false,false,2020-07-08 21:54:53,ALESSANDRA SYNESIO ANTUNE RIBEIRO,,,"7778287",
274,154,139,10.00,,<p>Teste</p>,false,false,2020-07-08 21:55:00,ALESSANDRA SYNESIO ANTUNE RIBEIRO,,,"7778287",
275,154,9,10.00,,<p>Teste</p>,false,false,2020-07-08 21:55:07,ALESSANDRA SYNESIO ANTUNE RIBEIRO,,,"7778287",
276,156,1150,10.00,,<p>Teste</p>,false,false,2020-07-08 23:22:33,ALESSANDRA SYNESIO ANTUNE RIBEIRO,,,"7778287",
277,156,2,10.00,,<p>Teste</p>,false,false,2020-07-08 23:22:43,ALESSANDRA SYNESIO ANTUNE RIBEIRO,,,"7778287",
278,156,6,10.00,,<p>Teste</p>,false,false,2020-07-08 23:22:49,ALESSANDRA SYNESIO ANTUNE RIBEIRO,,,"7778287",
279,156,7,10.00,,<p>Teste</p>,false,false,2020-07-08 23:22:56,ALESSANDRA SYNESIO ANTUNE RIBEIRO,,,"7778287",
280,156,8,10.00,,<p>Teste</p>,false,false,2020-07-08 23:23:03,ALESSANDRA SYNESIO ANTUNE RIBEIRO,,,"7778287",
281,156,89,9.00,,<p>Teste</p>,false,false,2020-07-08 23:27:02,ALESSANDRA SYNESIO ANTUNE RIBEIRO,,,"7778287",
282,156,139,9.00,,<p>Teste</p>,false,false,2020-07-08 23:27:09,ALESSANDRA SYNESIO ANTUNE RIBEIRO,,,"7778287",
283,156,9,9.00,,<p>Teste</p>,false,false,2020-07-08 23:27:16,ALESSANDRA SYNESIO ANTUNE RIBEIRO,,,"7778287",
284,158,2,10.00,,<p>Teste</p>,false,false,2020-07-08 23:35:40,CLEIDE VIANA VANDERLEI,,,"6804446",
285,158,6,10.00,,<p>Teste</p>,false,false,2020-07-08 23:35:50,CLEIDE VIANA VANDERLEI,,,"6804446",
286,158,139,10.00,,<p>Teste</p>,false,false,2020-07-08 23:36:16,CLEIDE VIANA VANDERLEI,,,"6804446",
287,158,1106,10.00,,<p>Teste</p>,false,false,2020-07-08 23:36:24,CLEIDE VIANA VANDERLEI,,,"6804446",
288,160,6,10.00,,<p>Teste</p>,false,false,2020-07-08 23:36:45,CLEIDE VIANA VANDERLEI,,,"6804446",
289,160,139,10.00,,<p>Teste</p>,false,false,2020-07-08 23:37:48,CLEIDE VIANA VANDERLEI,,,"6804446",
290,160,1106,10.00,,<p>Teste</p>,false,false,2020-07-08 23:37:57,CLEIDE VIANA VANDERLEI,,,"6804446",
291,162,6,9.00,,<p>Teste</p>,false,false,2020-07-08 23:38:29,CLEIDE VIANA VANDERLEI,,,"6804446",
292,162,139,9.00,,<p>Teste</p>,false,false,2020-07-08 23:38:36,CLEIDE VIANA VANDERLEI,,,"6804446",
293,162,1106,9.00,,<p>Teste</p>,false,false,2020-07-08 23:39:16,CLEIDE VIANA VANDERLEI,,,"6804446",
294,163,6,9.00,,<p>Teste</p>,false,false,2020-07-08 23:39:37,CLEIDE VIANA VANDERLEI,,,"6804446",
295,163,139,9.00,,<p>Teste</p>,false,false,2020-07-08 23:39:43,CLEIDE VIANA VANDERLEI,,,"6804446",
296,163,1106,9.00,,<p>Teste</p>,false,false,2020-07-08 23:39:49,CLEIDE VIANA VANDERLEI,,,"6804446",
297,164,6,5.00,,<p>Teste</p>,false,false,2020-07-08 23:40:10,CLEIDE VIANA VANDERLEI,,,"6804446",
298,164,139,5.00,,<p>Teste</p>,false,false,2020-07-08 23:40:15,CLEIDE VIANA VANDERLEI,,,"6804446",
299,164,1106,5.00,,<p>Teste</p>,false,false,2020-07-08 23:40:26,CLEIDE VIANA VANDERLEI,,,"6804446",
300,165,6,5.00,,<p>Teste</p>,false,false,2020-07-08 23:40:46,CLEIDE VIANA VANDERLEI,,,"6804446",
304,166,139,0.00,,<p>Teste</p>,false,false,2020-07-08 23:41:15,CLEIDE VIANA VANDERLEI,,,"6804446",
305,166,1106,0.00,,<p>Teste</p>,false,false,2020-07-08 23:41:20,CLEIDE VIANA VANDERLEI,,,"6804446",
301,165,139,5.00,,<p>Teste</p>,false,false,2020-07-08 23:40:50,CLEIDE VIANA VANDERLEI,,,"6804446",
307,167,139,0.00,,<p>Teste</p>,false,false,2020-07-08 23:41:42,CLEIDE VIANA VANDERLEI,,,"6804446",
302,165,1106,5.00,,<p>Teste</p>,false,false,2020-07-08 23:40:56,CLEIDE VIANA VANDERLEI,,,"6804446",
303,166,6,0.00,,<p>Teste</p>,false,false,2020-07-08 23:41:10,CLEIDE VIANA VANDERLEI,,,"6804446",
306,167,6,0.00,,<p>Teste</p>,false,false,2020-07-08 23:41:37,CLEIDE VIANA VANDERLEI,,,"6804446",
308,167,1106,0.00,,<p>Teste</p>,false,false,2020-07-08 23:41:47,CLEIDE VIANA VANDERLEI,,,"6804446",
309,91,6,0.50,,<p>teste</p>,false,false,2020-07-11 17:50:43,HELOISA MARIA DE MORAIS GIANNICHI,,,"7944560",
310,168,2,0.50,,<p>teste</p>,false,false,2020-07-11 17:51:18,HELOISA MARIA DE MORAIS GIANNICHI,,,"7944560",
311,169,6,,1,<p>.</p>,false,false,2020-07-21 12:18:30,IRENE APARECIDA GULLINO,,,"7494998",
312,169,139,,2,<p>.</p>,false,false,2020-07-21 12:18:39,IRENE APARECIDA GULLINO,,,"7494998",
313,169,1106,,2,<p>.</p>,false,false,2020-07-21 12:18:44,IRENE APARECIDA GULLINO,,,"7494998",
314,171,139,,2,<p>.</p>,false,false,2020-07-21 12:19:11,IRENE APARECIDA GULLINO,,,"7494998",
315,171,1106,,2,<p>.</p>,false,false,2020-07-21 12:19:22,IRENE APARECIDA GULLINO,,,"7494998",
316,173,1106,5.50,,<p>Teste</p>,false,false,2020-07-21 16:25:31,CLEIDE VIANA VANDERLEI,,,"6804446",
317,169,2,,2,<p>Teste</p>,false,false,2020-07-22 05:49:07,ANA PAULA QUADRINI GARCIA,,,"8536236",
318,169,7,,1,<p>Teste</p>,false,false,2020-07-22 05:49:11,ANA PAULA QUADRINI GARCIA,,,"8536236",
319,169,8,,3,<p>Teste</p>,false,false,2020-07-22 05:49:18,ANA PAULA QUADRINI GARCIA,,,"8536236",
320,169,89,,1,<p>Teste</p>,false,false,2020-07-22 05:49:23,ANA PAULA QUADRINI GARCIA,,,"8536236",
321,169,138,,1,<p>Teste</p>,false,false,2020-07-22 05:49:28,ANA PAULA QUADRINI GARCIA,,,"8536236",
322,170,2,,1,<p>Teste</p>,false,false,2020-07-22 05:49:47,ANA PAULA QUADRINI GARCIA,,,"8536236",
323,170,7,,2,<p>Teste</p>,false,false,2020-07-22 05:49:54,ANA PAULA QUADRINI GARCIA,,,"8536236",
324,170,8,,2,<p>Teste</p>,false,false,2020-07-22 05:49:58,ANA PAULA QUADRINI GARCIA,,,"8536236",
325,170,138,,2,<p>Teste</p>,false,false,2020-07-22 05:50:05,ANA PAULA QUADRINI GARCIA,,,"8536236",
326,170,89,,1,<p>Teste</p>,false,false,2020-07-22 05:50:11,ANA PAULA QUADRINI GARCIA,,,"8536236",
327,175,2,5.00,,<p>Teste</p>,false,false,2020-07-22 06:57:15,FILIPE GONCALVES DE SOUZA NOGUEIRA DA SILVA,,,"8085676",
328,175,7,5.00,,<p>Teste</p>,false,false,2020-07-22 06:57:24,FILIPE GONCALVES DE SOUZA NOGUEIRA DA SILVA,,,"8085676",
329,175,8,5.00,,<p>Teste</p>,false,false,2020-07-22 06:57:29,FILIPE GONCALVES DE SOUZA NOGUEIRA DA SILVA,,,"8085676",
330,175,51,5.00,,<p>Teste</p>,false,false,2020-07-22 06:57:33,FILIPE GONCALVES DE SOUZA NOGUEIRA DA SILVA,,,"8085676",
331,175,52,5.00,,<p>Teste</p>,false,false,2020-07-22 06:57:38,FILIPE GONCALVES DE SOUZA NOGUEIRA DA SILVA,,,"8085676",
332,175,53,5.00,,<p>Teste</p>,false,false,2020-07-22 06:57:42,FILIPE GONCALVES DE SOUZA NOGUEIRA DA SILVA,,,"8085676",
333,175,138,5.00,,<p>Teste</p>,false,false,2020-07-22 06:57:47,FILIPE GONCALVES DE SOUZA NOGUEIRA DA SILVA,,,"8085676",
334,175,139,5.00,,<p>Teste</p>,false,false,2020-07-22 06:57:52,FILIPE GONCALVES DE SOUZA NOGUEIRA DA SILVA,,,"8085676",
335,175,9,5.00,,<p>Teste</p>,false,false,2020-07-22 06:57:58,FILIPE GONCALVES DE SOUZA NOGUEIRA DA SILVA,,,"8085676",
336,175,98,5.00,,<p>Teste</p>,false,false,2020-07-22 06:58:03,FILIPE GONCALVES DE SOUZA NOGUEIRA DA SILVA,,,"8085676",
337,175,537,5.00,,<p>Teste</p>,false,false,2020-07-22 06:58:08,FILIPE GONCALVES DE SOUZA NOGUEIRA DA SILVA,,,"8085676",
338,177,2,5.00,,<p>Teste</p>,false,false,2020-07-22 06:58:40,FILIPE GONCALVES DE SOUZA NOGUEIRA DA SILVA,,,"8085676",
339,177,7,5.00,,<p>Teste</p>,false,false,2020-07-22 06:58:48,FILIPE GONCALVES DE SOUZA NOGUEIRA DA SILVA,,,"8085676",
340,177,8,5.00,,<p>Teste</p>,false,false,2020-07-22 06:58:52,FILIPE GONCALVES DE SOUZA NOGUEIRA DA SILVA,,,"8085676",
341,177,51,5.00,,<p>Teste</p>,false,false,2020-07-22 06:58:57,FILIPE GONCALVES DE SOUZA NOGUEIRA DA SILVA,,,"8085676",
342,177,52,5.00,,<p>Teste</p>,false,false,2020-07-22 06:59:01,FILIPE GONCALVES DE SOUZA NOGUEIRA DA SILVA,,,"8085676",
343,177,53,5.00,,<p>Teste</p>,false,false,2020-07-22 06:59:06,FILIPE GONCALVES DE SOUZA NOGUEIRA DA SILVA,,,"8085676",
344,177,138,5.00,,<p>Teste</p>,false,false,2020-07-22 06:59:12,FILIPE GONCALVES DE SOUZA NOGUEIRA DA SILVA,,,"8085676",
345,177,139,5.00,,<p>Teste</p>,false,false,2020-07-22 06:59:18,FILIPE GONCALVES DE SOUZA NOGUEIRA DA SILVA,,,"8085676",
346,177,9,5.00,,<p>Teste</p>,false,false,2020-07-22 06:59:22,FILIPE GONCALVES DE SOUZA NOGUEIRA DA SILVA,,,"8085676",
348,177,537,5.00,,<p>Teste</p>,false,false,2020-07-22 06:59:32,FILIPE GONCALVES DE SOUZA NOGUEIRA DA SILVA,,,"8085676",
347,177,98,5.50,,<p>Teste</p>,false,false,2020-07-22 06:59:27,FILIPE GONCALVES DE SOUZA NOGUEIRA DA SILVA,2020-07-22 07:00:06,FILIPE GONCALVES DE SOUZA NOGUEIRA DA SILVA,"8085676","8085676"
349,179,2,10.00,,<p>TEste</p>,false,false,2020-07-22 12:01:53,FILIPE GONCALVES DE SOUZA NOGUEIRA DA SILVA,,,"8085676",
350,179,7,10.00,,<p>TEste</p>,false,false,2020-07-22 12:02:00,FILIPE GONCALVES DE SOUZA NOGUEIRA DA SILVA,,,"8085676",
351,179,8,10.00,,<p>TEste</p>,false,false,2020-07-22 12:02:05,FILIPE GONCALVES DE SOUZA NOGUEIRA DA SILVA,,,"8085676",
352,179,51,10.00,,<p>TEste</p>,false,false,2020-07-22 12:02:09,FILIPE GONCALVES DE SOUZA NOGUEIRA DA SILVA,,,"8085676",
353,179,52,10.00,,<p>TEste</p>,false,false,2020-07-22 12:02:13,FILIPE GONCALVES DE SOUZA NOGUEIRA DA SILVA,,,"8085676",
354,179,53,10.00,,<p>TEste</p>,false,false,2020-07-22 12:02:18,FILIPE GONCALVES DE SOUZA NOGUEIRA DA SILVA,,,"8085676",
355,179,138,10.00,,<p>TEste</p>,false,false,2020-07-22 12:02:22,FILIPE GONCALVES DE SOUZA NOGUEIRA DA SILVA,,,"8085676",
356,179,139,10.00,,<p>TEste</p>,false,false,2020-07-22 12:02:27,FILIPE GONCALVES DE SOUZA NOGUEIRA DA SILVA,,,"8085676",
357,179,9,8.00,,<p>TEste</p>,false,false,2020-07-22 12:02:32,FILIPE GONCALVES DE SOUZA NOGUEIRA DA SILVA,,,"8085676",
358,179,98,8.00,,<p>TEste</p>,false,false,2020-07-22 12:02:37,FILIPE GONCALVES DE SOUZA NOGUEIRA DA SILVA,,,"8085676",
359,179,537,8.00,,<p>TEste</p>,false,false,2020-07-22 12:02:43,FILIPE GONCALVES DE SOUZA NOGUEIRA DA SILVA,,,"8085676",
360,180,2,10.00,,<p>TEste</p>,false,false,2020-07-22 12:03:19,FILIPE GONCALVES DE SOUZA NOGUEIRA DA SILVA,,,"8085676",
361,180,7,10.00,,<p>TEste</p>,false,false,2020-07-22 12:03:27,FILIPE GONCALVES DE SOUZA NOGUEIRA DA SILVA,,,"8085676",
362,180,8,10.00,,<p>TEste</p>,false,false,2020-07-22 12:03:32,FILIPE GONCALVES DE SOUZA NOGUEIRA DA SILVA,,,"8085676",
363,180,51,10.00,,<p>TEste</p>,false,false,2020-07-22 12:03:36,FILIPE GONCALVES DE SOUZA NOGUEIRA DA SILVA,,,"8085676",
364,180,52,10.00,,<p>TEste</p>,false,false,2020-07-22 12:03:41,FILIPE GONCALVES DE SOUZA NOGUEIRA DA SILVA,,,"8085676",
365,180,53,10.00,,<p>TEste</p>,false,false,2020-07-22 12:03:45,FILIPE GONCALVES DE SOUZA NOGUEIRA DA SILVA,,,"8085676",
366,180,138,10.00,,<p>TEsteTEste</p>,false,false,2020-07-22 12:04:35,FILIPE GONCALVES DE SOUZA NOGUEIRA DA SILVA,,,"8085676",
367,180,139,10.00,,<p>TEste</p>,false,false,2020-07-22 12:04:40,FILIPE GONCALVES DE SOUZA NOGUEIRA DA SILVA,,,"8085676",
368,180,9,8.00,,<p>TEste</p>,false,false,2020-07-22 12:04:49,FILIPE GONCALVES DE SOUZA NOGUEIRA DA SILVA,,,"8085676",
369,180,98,8.00,,<p>TEste</p>,false,false,2020-07-22 12:04:56,FILIPE GONCALVES DE SOUZA NOGUEIRA DA SILVA,,,"8085676",
370,180,537,8.00,,<p>TEste</p>,false,false,2020-07-22 12:05:08,FILIPE GONCALVES DE SOUZA NOGUEIRA DA SILVA,,,"8085676",
371,182,2,9.00,,<p>Teste</p>,false,false,2020-07-22 19:55:17,FILIPE GONCALVES DE SOUZA NOGUEIRA DA SILVA,,,"8085676",
372,182,7,9.00,,<p>Teste</p>,false,false,2020-07-22 19:55:31,FILIPE GONCALVES DE SOUZA NOGUEIRA DA SILVA,,,"8085676",
373,182,8,9.00,,<p>Teste</p>,false,false,2020-07-22 19:55:37,FILIPE GONCALVES DE SOUZA NOGUEIRA DA SILVA,,,"8085676",
374,182,51,9.00,,<p>Teste</p>,false,false,2020-07-22 19:55:42,FILIPE GONCALVES DE SOUZA NOGUEIRA DA SILVA,,,"8085676",
375,182,52,9.00,,<p>Teste</p>,false,false,2020-07-22 19:55:49,FILIPE GONCALVES DE SOUZA NOGUEIRA DA SILVA,,,"8085676",
376,182,53,9.00,,<p>Teste</p>,false,false,2020-07-22 19:55:54,FILIPE GONCALVES DE SOUZA NOGUEIRA DA SILVA,,,"8085676",
377,182,138,9.00,,<p>Teste</p>,false,false,2020-07-22 19:56:09,FILIPE GONCALVES DE SOUZA NOGUEIRA DA SILVA,,,"8085676",
378,182,139,9.00,,<p>Teste</p>,false,false,2020-07-22 19:56:13,FILIPE GONCALVES DE SOUZA NOGUEIRA DA SILVA,,,"8085676",
379,182,9,9.00,,<p>Teste</p>,false,false,2020-07-22 19:56:18,FILIPE GONCALVES DE SOUZA NOGUEIRA DA SILVA,,,"8085676",
380,182,98,9.00,,<p>Teste</p>,false,false,2020-07-22 19:56:23,FILIPE GONCALVES DE SOUZA NOGUEIRA DA SILVA,,,"8085676",
381,182,537,9.00,,<p>Teste</p>,false,false,2020-07-22 19:56:29,FILIPE GONCALVES DE SOUZA NOGUEIRA DA SILVA,,,"8085676",
382,184,2,9.00,,<p>Teste</p>,false,false,2020-07-22 19:57:04,FILIPE GONCALVES DE SOUZA NOGUEIRA DA SILVA,,,"8085676",
383,184,7,9.00,,<p>Teste</p>,false,false,2020-07-22 19:57:18,FILIPE GONCALVES DE SOUZA NOGUEIRA DA SILVA,,,"8085676",
384,184,8,9.00,,<p>Teste</p>,false,false,2020-07-22 19:57:24,FILIPE GONCALVES DE SOUZA NOGUEIRA DA SILVA,,,"8085676",
385,184,51,9.00,,<p>Teste</p>,false,false,2020-07-22 19:57:30,FILIPE GONCALVES DE SOUZA NOGUEIRA DA SILVA,,,"8085676",
386,184,52,9.00,,<p>Teste</p>,false,false,2020-07-22 19:58:33,FILIPE GONCALVES DE SOUZA NOGUEIRA DA SILVA,,,"8085676",
387,184,53,9.00,,<p>Teste</p>,false,false,2020-07-22 19:58:37,FILIPE GONCALVES DE SOUZA NOGUEIRA DA SILVA,,,"8085676",
388,184,138,9.00,,<p>Teste</p>,false,false,2020-07-22 19:58:49,FILIPE GONCALVES DE SOUZA NOGUEIRA DA SILVA,,,"8085676",
389,184,139,9.00,,<p>Teste</p>,false,false,2020-07-22 19:58:57,FILIPE GONCALVES DE SOUZA NOGUEIRA DA SILVA,,,"8085676",
390,184,9,9.00,,<p>Teste</p>,false,false,2020-07-22 19:59:05,FILIPE GONCALVES DE SOUZA NOGUEIRA DA SILVA,,,"8085676",
391,184,98,9.00,,<p>Teste</p>,false,false,2020-07-22 19:59:10,FILIPE GONCALVES DE SOUZA NOGUEIRA DA SILVA,,,"8085676",
392,184,537,9.00,,<p>Teste</p>,false,false,2020-07-22 19:59:20,FILIPE GONCALVES DE SOUZA NOGUEIRA DA SILVA,,,"8085676",
393,186,6,,1,<p>Teste</p>,false,false,2020-08-05 23:17:51,ANA RITA GOMES DOS SANTOS,,,"6809324",
394,186,139,,1,<p>Teste</p>,false,false,2020-08-05 23:17:56,ANA RITA GOMES DOS SANTOS,,,"6809324",
395,186,89,,1,<p>Teste</p>,false,false,2020-08-05 23:18:01,ANA RITA GOMES DOS SANTOS,,,"6809324",
396,186,1106,,1,<p>Teste</p>,false,false,2020-08-05 23:18:06,ANA RITA GOMES DOS SANTOS,,,"6809324",
397,187,6,,1,<p>Teste</p>,false,false,2020-08-05 23:18:21,ANA RITA GOMES DOS SANTOS,,,"6809324",
398,187,139,,1,<p>Teste</p>,false,false,2020-08-05 23:18:28,ANA RITA GOMES DOS SANTOS,,,"6809324",
399,187,2,,1,<p>Teste</p>,false,false,2020-08-05 23:21:01,ANA RITA GOMES DOS SANTOS,,,"6809324",
400,187,7,,1,<p>Teste</p>,false,false,2020-08-05 23:21:07,ANA RITA GOMES DOS SANTOS,,,"6809324",
401,187,8,,1,<p>Teste</p>,false,false,2020-08-05 23:21:15,ANA RITA GOMES DOS SANTOS,,,"6809324",
402,187,89,,1,<p>Teste</p>,false,false,2020-08-05 23:21:23,ANA RITA GOMES DOS SANTOS,,,"6809324",
403,187,138,,1,<p>Teste</p>,false,false,2020-08-05 23:21:35,ANA RITA GOMES DOS SANTOS,,,"6809324",
404,187,1106,,1,<p>Teste</p>,false,false,2020-08-05 23:22:21,ANA RITA GOMES DOS SANTOS,,,"6809324",
405,188,6,,1,<p>Teste</p>,false,false,2020-08-06 01:21:26,ANA RITA GOMES DOS SANTOS,,,"6809324",
406,188,139,,1,<p>Teste</p>,false,false,2020-08-06 01:21:30,ANA RITA GOMES DOS SANTOS,,,"6809324",
407,188,138,,1,<p>Teste</p>,false,false,2020-08-06 01:21:45,ANA RITA GOMES DOS SANTOS,,,"6809324",
408,188,1106,,1,<p>Teste</p>,false,false,2020-08-06 01:21:59,ANA RITA GOMES DOS SANTOS,,,"6809324",
409,189,6,,3,<p>TEste</p>,false,false,2020-08-06 01:38:13,HELOISA MARIA DE MORAIS GIANNICHI,,,"7944560",
410,189,139,,3,<p>TEste</p>,false,false,2020-08-06 01:38:18,HELOISA MARIA DE MORAIS GIANNICHI,,,"7944560",
411,189,2,,3,<p>TEste</p>,false,false,2020-08-06 01:38:22,HELOISA MARIA DE MORAIS GIANNICHI,,,"7944560",
412,189,89,,3,<p>TEste</p>,false,false,2020-08-06 01:38:30,HELOISA MARIA DE MORAIS GIANNICHI,,,"7944560",
413,189,1106,,3,<p>TEste</p>,false,false,2020-08-06 01:38:37,HELOISA MARIA DE MORAIS GIANNICHI,,,"7944560",
414,190,6,,3,<p>TEste</p>,false,false,2020-08-06 01:39:04,HELOISA MARIA DE MORAIS GIANNICHI,,,"7944560",
415,190,139,,3,<p>TEste</p>,false,false,2020-08-06 01:39:11,HELOISA MARIA DE MORAIS GIANNICHI,,,"7944560",
416,190,2,,3,<p>TEste</p>,false,false,2020-08-06 01:39:16,HELOISA MARIA DE MORAIS GIANNICHI,,,"7944560",
417,190,7,,3,<p>TEste</p>,false,false,2020-08-06 01:41:52,HELOISA MARIA DE MORAIS GIANNICHI,,,"7944560",
418,190,8,,3,<p>TEste</p>,false,false,2020-08-06 01:41:58,HELOISA MARIA DE MORAIS GIANNICHI,,,"7944560",
419,190,89,,3,<p>TEste</p>,false,false,2020-08-06 01:42:04,HELOISA MARIA DE MORAIS GIANNICHI,,,"7944560",
420,190,138,,3,<p>TEste</p>,false,false,2020-08-06 01:42:10,HELOISA MARIA DE MORAIS GIANNICHI,,,"7944560",
421,190,1106,,3,<p>TEste</p>,false,false,2020-08-06 01:42:15,HELOISA MARIA DE MORAIS GIANNICHI,,,"7944560",
422,191,6,,1,<p>TEste</p>,false,false,2020-08-06 01:43:26,HELOISA MARIA DE MORAIS GIANNICHI,,,"7944560",
423,191,139,,1,<p>TEste</p>,false,false,2020-08-06 01:43:30,HELOISA MARIA DE MORAIS GIANNICHI,,,"7944560",
424,191,89,,1,<p>TEste</p>,false,false,2020-08-06 01:43:39,HELOISA MARIA DE MORAIS GIANNICHI,,,"7944560",
425,191,1106,,1,<p>TEste</p>,false,false,2020-08-06 01:43:46,HELOISA MARIA DE MORAIS GIANNICHI,,,"7944560",
426,192,6,,1,<p>TEste</p>,false,false,2020-08-06 01:44:11,HELOISA MARIA DE MORAIS GIANNICHI,,,"7944560",
427,192,139,,1,<p>TEste</p>,false,false,2020-08-06 01:44:16,HELOISA MARIA DE MORAIS GIANNICHI,,,"7944560",
428,192,2,,1,<p>Teste</p>,false,false,2020-08-06 01:46:07,HELOISA MARIA DE MORAIS GIANNICHI,,,"7944560",
430,192,8,,1,<p>Teste</p>,false,false,2020-08-06 01:46:20,HELOISA MARIA DE MORAIS GIANNICHI,,,"7944560",
432,192,138,,1,<p>Teste</p>,false,false,2020-08-06 01:46:29,HELOISA MARIA DE MORAIS GIANNICHI,,,"7944560",
433,192,1106,,1,<p>Teste</p>,false,false,2020-08-06 01:47:29,HELOISA MARIA DE MORAIS GIANNICHI,,,"7944560",
429,192,7,,1,<p>Teste</p>,false,false,2020-08-06 01:46:13,HELOISA MARIA DE MORAIS GIANNICHI,,,"7944560",
431,192,89,,1,<p>Teste</p>,false,false,2020-08-06 01:46:25,HELOISA MARIA DE MORAIS GIANNICHI,,,"7944560",
434,193,6,,1,<p>Teste</p>,false,false,2020-08-06 01:48:03,HELOISA MARIA DE MORAIS GIANNICHI,,,"7944560",
435,193,139,,1,<p>Teste</p>,false,false,2020-08-06 01:48:07,HELOISA MARIA DE MORAIS GIANNICHI,,,"7944560",
436,193,89,,1,<p>Teste</p>,false,false,2020-08-06 01:48:12,HELOISA MARIA DE MORAIS GIANNICHI,,,"7944560",
437,193,1106,,1,<p>Teste</p>,false,false,2020-08-06 01:48:18,HELOISA MARIA DE MORAIS GIANNICHI,,,"7944560",
438,195,6,5.00,,<p>Teste</p>,false,false,2020-08-06 02:28:40,ADRIANE AVERSAN,,,"6580866",
439,195,139,5.00,,<p>Teste</p>,false,false,2020-08-06 02:28:45,ADRIANE AVERSAN,,,"6580866",
440,195,2,5.00,,<p>Teste</p>,false,false,2020-08-06 02:28:49,ADRIANE AVERSAN,,,"6580866",
441,195,7,5.00,,<p>Teste</p>,false,false,2020-08-06 02:28:53,ADRIANE AVERSAN,,,"6580866",
442,195,8,5.00,,<p>Teste</p>,false,false,2020-08-06 02:28:58,ADRIANE AVERSAN,,,"6580866",
443,195,89,5.00,,<p>Teste</p>,false,false,2020-08-06 02:29:14,ADRIANE AVERSAN,,,"6580866",
444,195,138,5.00,,<p>Teste</p>,false,false,2020-08-06 02:29:19,ADRIANE AVERSAN,,,"6580866",
445,195,1106,5.00,,<p>Teste</p>,false,false,2020-08-06 02:29:24,ADRIANE AVERSAN,,,"6580866",
446,196,6,4.00,,<p>Teste</p>,false,false,2020-08-06 02:29:50,ADRIANE AVERSAN,,,"6580866",
447,196,139,4.00,,<p>Teste</p>,false,false,2020-08-06 02:29:54,ADRIANE AVERSAN,,,"6580866",
448,196,2,4.00,,<p>Teste</p>,false,false,2020-08-06 02:29:58,ADRIANE AVERSAN,,,"6580866",
449,196,7,4.00,,<p>Teste</p>,false,false,2020-08-06 02:30:03,ADRIANE AVERSAN,,,"6580866",
450,196,8,4.00,,<p>Teste</p>,false,false,2020-08-06 02:30:07,ADRIANE AVERSAN,,,"6580866",
451,196,89,4.00,,<p>Teste</p>,false,false,2020-08-06 02:30:12,ADRIANE AVERSAN,,,"6580866",
452,196,138,4.00,,<p>Teste</p>,false,false,2020-08-06 02:30:17,ADRIANE AVERSAN,,,"6580866",
453,196,1106,4.00,,<p>Teste</p>,false,false,2020-08-06 02:30:22,ADRIANE AVERSAN,,,"6580866",
454,47,8,10.00,,<p>5</p>,false,false,2020-08-16 16:54:16,JOSELY ANGELA CARRUBBA,,,"7217757",
455,47,89,5.00,,<p>5</p>,false,false,2020-08-16 16:54:53,JOSELY ANGELA CARRUBBA,,,"7217757",
456,47,139,5.00,,<p>5</p>,false,false,2020-08-16 16:54:59,JOSELY ANGELA CARRUBBA,,,"7217757",
457,47,9,5.00,,<p>5</p>,false,false,2020-08-16 16:55:03,JOSELY ANGELA CARRUBBA,,,"7217757",
458,197,2,5.00,,<p>5</p>,false,false,2020-08-17 16:40:37,ADALGISA GONCALVES,,,"6769195",
459,197,6,5.00,,<p>5</p>,false,false,2020-08-17 16:40:41,ADALGISA GONCALVES,,,"6769195",
460,197,7,5.00,,<p>5</p>,false,false,2020-08-17 16:40:44,ADALGISA GONCALVES,,,"6769195",
461,197,8,5.00,,<p>5</p>,false,false,2020-08-17 16:40:48,ADALGISA GONCALVES,,,"6769195",
462,197,89,5.00,,<p>5</p>,false,false,2020-08-17 16:40:51,ADALGISA GONCALVES,,,"6769195",
463,197,139,5.00,,<p>5</p>,false,false,2020-08-17 16:40:55,ADALGISA GONCALVES,,,"6769195",
464,197,9,5.00,,<p>5</p>,false,false,2020-08-17 16:40:59,ADALGISA GONCALVES,,,"6769195",
465,198,2,8.00,,<p>TESTES 18770</p>,false,false,2020-08-18 10:37:10,CLEODEONIRA ALONSO DE CARVALHO MORAES,,,"6347380",
466,198,7,8.00,,<p>Teste 18770</p>,false,false,2020-08-18 10:43:38,CLEODEONIRA ALONSO DE CARVALHO MORAES,,,"6347380",
467,198,8,8.00,,<p>teste 18770</p>,false,false,2020-08-18 10:54:26,CLEODEONIRA ALONSO DE CARVALHO MORAES,,,"6347380",
468,198,89,8.00,,<p>teste 18770</p>,false,false,2020-08-18 10:54:37,CLEODEONIRA ALONSO DE CARVALHO MORAES,,,"6347380",
469,198,138,8.00,,<p>teste</p>,false,false,2020-08-18 10:58:15,CLEODEONIRA ALONSO DE CARVALHO MORAES,,,"6347380",
470,198,139,8.00,,<p>tstes</p>,false,false,2020-08-18 10:58:22,CLEODEONIRA ALONSO DE CARVALHO MORAES,,,"6347380",
471,198,9,8.00,,<p>testes</p>,false,false,2020-08-18 10:58:30,CLEODEONIRA ALONSO DE CARVALHO MORAES,,,"6347380",
472,199,2,8.00,,<p>teste</p>,false,false,2020-08-18 10:58:58,CLEODEONIRA ALONSO DE CARVALHO MORAES,,,"6347380",
473,199,7,8.00,,<p>teste</p>,false,false,2020-08-18 10:59:04,CLEODEONIRA ALONSO DE CARVALHO MORAES,,,"6347380",
474,199,8,8.00,,<p>teste</p>,false,false,2020-08-18 10:59:25,CLEODEONIRA ALONSO DE CARVALHO MORAES,,,"6347380",
475,199,89,8.00,,<p>teste</p>,false,false,2020-08-18 10:59:32,CLEODEONIRA ALONSO DE CARVALHO MORAES,,,"6347380",
476,199,138,8.00,,<p>testes</p>,false,false,2020-08-18 11:01:16,CLEODEONIRA ALONSO DE CARVALHO MORAES,,,"6347380",
477,199,139,8.00,,<p>teste</p>,false,false,2020-08-18 11:01:23,CLEODEONIRA ALONSO DE CARVALHO MORAES,,,"6347380",
478,199,9,8.00,,<p>teste</p>,false,false,2020-08-18 11:01:30,CLEODEONIRA ALONSO DE CARVALHO MORAES,,,"6347380",
479,202,2,8.00,,<p>teste</p>,false,false,2020-08-18 11:53:31,CLEODEONIRA ALONSO DE CARVALHO MORAES,,,"6347380",
480,202,7,8.00,,<p>teste</p>,false,false,2020-08-18 11:53:37,CLEODEONIRA ALONSO DE CARVALHO MORAES,,,"6347380",
481,202,8,8.00,,<p>teste</p>,false,false,2020-08-18 11:53:42,CLEODEONIRA ALONSO DE CARVALHO MORAES,,,"6347380",
482,202,89,8.00,,<p>teste</p>,false,false,2020-08-18 11:53:49,CLEODEONIRA ALONSO DE CARVALHO MORAES,,,"6347380",
483,202,138,8.00,,<p>testes</p>,false,false,2020-08-18 11:53:55,CLEODEONIRA ALONSO DE CARVALHO MORAES,,,"6347380",
484,202,139,8.00,,<p>teste</p>,false,false,2020-08-18 11:54:03,CLEODEONIRA ALONSO DE CARVALHO MORAES,,,"6347380",
485,202,9,8.00,,<p>testes</p>,false,false,2020-08-18 11:54:10,CLEODEONIRA ALONSO DE CARVALHO MORAES,,,"6347380",
486,203,2,8.00,,<p>teste</p>,false,false,2020-08-18 11:54:35,CLEODEONIRA ALONSO DE CARVALHO MORAES,,,"6347380",
487,203,7,8.00,,<p>teste</p>,false,false,2020-08-18 11:54:41,CLEODEONIRA ALONSO DE CARVALHO MORAES,,,"6347380",
488,203,8,8.00,,<p>teste</p>,false,false,2020-08-18 11:54:48,CLEODEONIRA ALONSO DE CARVALHO MORAES,,,"6347380",
489,203,89,8.00,,<p>teste</p>,false,false,2020-08-18 11:54:57,CLEODEONIRA ALONSO DE CARVALHO MORAES,,,"6347380",
490,203,89,8.00,,<p>teste</p>,false,false,2020-08-18 11:54:57,CLEODEONIRA ALONSO DE CARVALHO MORAES,,,"6347380",
491,203,138,8.00,,<p>teste</p>,false,false,2020-08-18 11:55:07,CLEODEONIRA ALONSO DE CARVALHO MORAES,,,"6347380",
492,203,139,8.00,,<p>teste</p>,false,false,2020-08-18 11:55:16,CLEODEONIRA ALONSO DE CARVALHO MORAES,,,"6347380",
493,203,9,8.00,,<p>teste</p>,false,false,2020-08-18 11:55:22,CLEODEONIRA ALONSO DE CARVALHO MORAES,,,"6347380",
