"id","dre_id","abreviacao","nome","data_atualizacao"
1,"108800",DRE - JT,DIRETORIA REGIONAL DE EDUCACAO JACANA/TREMEMBE,2020-01-07
2,"109200",DRE - SM,DIRETORIA REGIONAL DE EDUCACAO SAO MATEUS,2020-01-07
3,"108100",DRE - BT,DIRETORIA REGIONAL DE EDUCACAO BUTANTA,2020-01-07
4,"108200",DRE - CL,DIRETORIA REGIONAL DE EDUCACAO CAMPO LIMPO,2020-01-07
5,"108300",DRE - CS,DIRETORIA REGIONAL DE EDUCACAO CAPELA DO SOCORRO,2020-01-07
6,"108400",DRE - FB,DIRETORIA REGIONAL DE EDUCACAO FREGUESIA/BRASILANDIA,2020-01-07
7,"108500",DRE - G,DIRETORIA REGIONAL DE EDUCACAO GUAIANASES,2020-01-07
8,"108600",DRE - IP,DIRETORIA REGIONAL DE EDUCACAO IPIRANGA,2020-01-07
9,"108700",DRE - IQ,DIRETORIA REGIONAL DE EDUCACAO ITAQUERA,2020-01-07
10,"108900",DRE - PE,DIRETORIA REGIONAL DE EDUCACAO PENHA,2020-01-07
11,"109000",DRE - PJ,DIRETORIA REGIONAL DE EDUCACAO PIRITUBA/JARAGUA,2020-01-07
12,"109100",DRE - SA,DIRETORIA REGIONAL DE EDUCACAO SANTO AMARO,2020-01-07
13,"109300",DRE - MP,DIRETORIA REGIONAL DE EDUCACAO SAO MIGUEL,2020-01-07
