"id","turma_id","periodo_escolar_id","migrado","excluido","criado_em","criado_por","alterado_em","alterado_por","criado_rf","alterado_rf"
1,310712,1,false,false,2020-04-07 12:31:31,ADALGISA GONCALVES,,,"6769195",
2,310709,1,false,false,2020-04-07 14:03:20,ADALGISA GONCALVES,2020-04-07 19:02:24,ADALGISA GONCALVES,"6769195","6769195"
3,310710,1,false,false,2020-04-07 19:22:16,ADALGISA GONCALVES,,,"6769195",
4,310568,1,false,false,2020-04-07 19:32:00,FILIPE GONCALVES DE SOUZA NOGUEIRA DA SILVA,2020-04-07 19:33:15,FILIPE GONCALVES DE SOUZA NOGUEIRA DA SILVA,"8085676","8085676"
5,310699,1,false,false,2020-04-07 20:03:29,NATALIA RIBEIRO DE ANDRADE MALANOS,,,"7832630",
15,310699,4,false,false,2020-04-08 19:11:32,NATALIA RIBEIRO DE ANDRADE MALANOS,,,"7832630",
16,310699,2,false,false,2020-04-08 19:12:23,NATALIA RIBEIRO DE ANDRADE MALANOS,,,"7832630",
17,310699,3,false,false,2020-04-08 19:12:27,NATALIA RIBEIRO DE ANDRADE MALANOS,,,"7832630",
48,587503,4,false,false,2020-04-26 16:11:11,FILIPE GONCALVES DE SOUZA NOGUEIRA DA SILVA,,,"8085676",
36,409513,17,false,false,2020-04-15 21:04:26,DIRCE FRANCISCO MOCO NASCIMENTO,,,"7526083",
41,587507,3,false,false,2020-04-20 11:34:46,FILIPE GONCALVES DE SOUZA NOGUEIRA DA SILVA,2020-04-20 15:33:15,FILIPE GONCALVES DE SOUZA NOGUEIRA DA SILVA,"8085676","8085676"
37,409513,18,false,false,2020-04-16 01:17:27,DIRCE FRANCISCO MOCO NASCIMENTO,,,"7526083",
38,409513,,false,false,2020-04-16 02:05:28,DIRCE FRANCISCO MOCO NASCIMENTO,,,"7526083",
39,587507,2,false,false,2020-04-16 09:01:43,FILIPE GONCALVES DE SOUZA NOGUEIRA DA SILVA,,,"8085676",
56,406431,4,false,false,2020-05-04 13:40:13,ELISA MARIA VELOSO CAMERA,,,"7272936",
30,409105,17,false,false,2020-04-13 23:33:06,ESTER CUSTODIA DOS SANTOS,,,"6926886",
63,312215,,false,false,2020-05-04 20:07:25,ANDRESSA DE CASTRO DELL ELBA GOMES ANCETTI,2020-05-04 21:32:12,ANDRESSA DE CASTRO DELL ELBA GOMES ANCETTI,"7920989","7920989"
31,409105,18,false,false,2020-04-13 23:36:52,ESTER CUSTODIA DOS SANTOS,,,"6926886",
59,310716,,false,false,2020-05-04 16:28:06,DARLEN ANA LOUREIRO DE CAMPOS,,,"5228506",
42,312507,4,false,false,2020-04-20 21:07:09,NOEMIA DA CONCEICAO FERREIRA,,,"8036527",
43,312507,3,false,false,2020-04-20 21:07:20,NOEMIA DA CONCEICAO FERREIRA,,,"8036527",
44,312507,2,false,false,2020-04-20 21:07:30,NOEMIA DA CONCEICAO FERREIRA,,,"8036527",
55,310561,1,false,false,2020-04-30 11:49:08,FILIPE GONCALVES DE SOUZA NOGUEIRA DA SILVA,2020-04-30 12:17:26,FILIPE GONCALVES DE SOUZA NOGUEIRA DA SILVA,"8085676","8085676"
32,409105,,false,false,2020-04-13 23:38:41,ESTER CUSTODIA DOS SANTOS,2020-04-17 16:38:34,ESTER CUSTODIA DOS SANTOS,"6926886","6926886"
45,312507,1,false,false,2020-04-20 21:07:50,NOEMIA DA CONCEICAO FERREIRA,,,"8036527",
34,404775,4,false,false,2020-04-14 21:12:04,MARIA CELESTE PESTANA,,,"8121966",
14,310699,4,false,false,2020-04-08 19:11:31,NATALIA RIBEIRO DE ANDRADE MALANOS,2020-05-11 15:51:02,SADAKO MORITA,"7832630","3135535"
60,310704,4,false,false,2020-05-04 17:04:45,FERNANDA TOLEDO CATALANI,,,"8279306",
10,310543,1,false,false,2020-04-08 03:22:10,ANA RITA GOMES DOS SANTOS,2020-04-30 09:10:01,ANA RITA GOMES DOS SANTOS,"6809324","6809324"
35,587729,13,false,false,2020-04-15 20:06:55,FILIPE GONCALVES DE SOUZA NOGUEIRA DA SILVA,2020-05-07 17:00:56,FILIPE GONCALVES DE SOUZA NOGUEIRA DA SILVA,"8085676","8085676"
11,310543,2,false,false,2020-04-08 03:22:25,ANA RITA GOMES DOS SANTOS,2020-04-30 09:11:08,ANA RITA GOMES DOS SANTOS,"6809324","6809324"
68,312215,1,false,false,2020-06-24 08:47:00,ROSANE MARTINS DA CRUZ,,,"6773559",
47,310707,4,false,false,2020-04-25 16:12:57,SADAKO MORITA,,,"3135535",
12,310543,3,false,false,2020-04-08 03:22:52,ANA RITA GOMES DOS SANTOS,2020-04-30 09:14:59,ANA RITA GOMES DOS SANTOS,"6809324","6809324"
19,310543,4,false,false,2020-04-10 09:14:39,ANA RITA GOMES DOS SANTOS,2020-04-30 09:15:49,ANA RITA GOMES DOS SANTOS,"6809324","6809324"
50,310706,1,false,false,2020-04-29 16:16:43,SADAKO MORITA,2020-05-04 10:16:47,DALVA DOS SANTOS,"3135535","7485433"
18,310543,,false,false,2020-04-09 16:58:03,ANA RITA GOMES DOS SANTOS,2020-08-06 02:17:10,ALVARO SABINO DE OLIVEIRA,"6809324","7930372"
51,310706,2,false,false,2020-04-29 17:59:54,SADAKO MORITA,2020-05-04 10:17:01,DALVA DOS SANTOS,"3135535","7485433"
61,310704,,false,false,2020-05-04 17:06:03,FERNANDA TOLEDO CATALANI,2020-05-14 16:47:14,FERNANDA TOLEDO CATALANI,"8279306","8279306"
53,310706,4,false,false,2020-04-29 18:04:11,SADAKO MORITA,2020-05-04 18:01:23,VALDIR ZUCCHERATTO,"3135535","6963102"
52,310706,3,false,false,2020-04-29 18:03:25,SADAKO MORITA,2020-05-04 10:17:17,DALVA DOS SANTOS,"3135535","7485433"
64,587389,13,false,false,2020-05-19 20:11:25,ADALGISA GONCALVES,,,"6769195",
54,310706,,false,false,2020-04-29 20:01:44,SADAKO MORITA,2020-05-04 18:02:59,VALDIR ZUCCHERATTO,"3135535","6963102"
57,304787,4,false,false,2020-05-04 14:46:52,CARLA REGIANE CAMARA RIOS,2020-05-04 14:56:45,RODRIGO BARBOSA DOS SANTOS,"8027129","8406685"
58,310716,4,false,false,2020-05-04 16:27:20,DARLEN ANA LOUREIRO DE CAMPOS,,,"5228506",
13,310543,22,false,true,2020-04-08 03:23:15,ANA RITA GOMES DOS SANTOS,2020-04-09 16:51:57,ANA RITA GOMES DOS SANTOS,"6809324","6809324"
62,307878,4,false,false,2020-05-04 19:05:09,ABIGAIL LOMBARDI,,,"8215821",
40,312215,4,false,false,2020-04-16 10:16:51,ROSANE MARTINS DA CRUZ,2020-05-04 19:52:31,ANDRESSA DE CASTRO DELL ELBA GOMES ANCETTI,"6773559","7920989"
29,587507,,false,false,2020-04-13 11:52:43,FILIPE GONCALVES DE SOUZA NOGUEIRA DA SILVA,2020-05-05 02:32:59,FILIPE GONCALVES DE SOUZA NOGUEIRA DA SILVA,"8085676","8085676"
49,310709,4,false,false,2020-04-28 19:28:54,ADALGISA GONCALVES,2020-08-16 16:22:36,ADALGISA GONCALVES,"6769195","6769195"
65,310709,,false,false,2020-05-28 15:48:59,ADALGISA GONCALVES,,,"6769195",
66,310718,17,false,false,2020-06-19 17:54:24,ADALGISA GONCALVES,2020-06-19 19:28:12,ADALGISA GONCALVES,"6769195","6769195"
33,587507,1,false,false,2020-03-14 09:04:10,FILIPE GONCALVES DE SOUZA NOGUEIRA DA SILVA,2020-06-22 17:34:53,FILIPE GONCALVES DE SOUZA NOGUEIRA DA SILVA,"8085676","8085676"
67,310718,18,false,false,2020-06-19 17:54:54,ADALGISA GONCALVES,2020-06-19 19:27:55,ADALGISA GONCALVES,"6769195","6769195"
69,312215,2,false,false,2020-06-24 08:47:06,ROSANE MARTINS DA CRUZ,,,"6773559",
70,312215,3,false,false,2020-06-24 08:47:10,ROSANE MARTINS DA CRUZ,,,"6773559",
71,312216,1,false,false,2020-06-24 09:06:15,ROSANE MARTINS DA CRUZ,,,"6773559",
72,312216,2,false,false,2020-06-24 09:06:20,ROSANE MARTINS DA CRUZ,,,"6773559",
73,312216,3,false,false,2020-06-24 09:08:17,ROSANE MARTINS DA CRUZ,,,"6773559",
74,312216,4,false,false,2020-06-24 09:08:22,ROSANE MARTINS DA CRUZ,,,"6773559",
75,312217,1,false,false,2020-06-24 09:19:44,ROSANE MARTINS DA CRUZ,,,"6773559",
80,311884,3,false,false,2020-06-24 10:02:16,ADRIANE AVERSAN,,,"6580866",
46,311884,1,false,false,2020-04-23 17:52:37,ADRIANE AVERSAN,2020-06-24 10:03:15,ADRIANE AVERSAN,"6580866","6580866"
76,312217,2,false,false,2020-06-24 09:19:48,ROSANE MARTINS DA CRUZ,,,"6773559",
79,311884,4,false,false,2020-06-24 10:01:28,ADRIANE AVERSAN,,,"6580866",
81,311884,2,false,false,2020-06-24 10:02:48,ADRIANE AVERSAN,,,"6580866",
77,312217,3,false,false,2020-06-24 09:19:55,ROSANE MARTINS DA CRUZ,,,"6773559",
78,312217,4,false,false,2020-06-24 09:20:08,ROSANE MARTINS DA CRUZ,,,"6773559",
82,311884,,false,false,2020-06-24 15:21:35,ADRIANE AVERSAN,,,"6580866",
83,310717,18,false,false,2020-07-01 16:03:09,ADALGISA GONCALVES,,,"6769195",
84,310717,,false,false,2020-07-01 16:03:57,ADALGISA GONCALVES,,,"6769195",
85,312161,4,false,false,2020-07-08 16:37:40,ALESSANDRA SYNESIO ANTUNE RIBEIRO,,,"7778287",
86,312161,,false,false,2020-07-08 16:38:54,ALESSANDRA SYNESIO ANTUNE RIBEIRO,,,"7778287",
87,597529,16,false,false,2020-07-08 19:35:03,ALESSANDRA SYNESIO ANTUNE RIBEIRO,,,"7778287",
88,597529,,false,false,2020-07-08 23:16:56,ALESSANDRA SYNESIO ANTUNE RIBEIRO,,,"7778287",
89,312157,4,false,false,2020-07-08 23:32:42,CLEIDE VIANA VANDERLEI,,,"6804446",
90,312157,,false,false,2020-07-08 23:35:11,CLEIDE VIANA VANDERLEI,,,"6804446",
91,310712,4,false,false,2020-07-16 10:49:28,ADALGISA GONCALVES,,,"6769195",
28,587507,4,false,false,2020-04-10 12:09:27,FILIPE GONCALVES DE SOUZA NOGUEIRA DA SILVA,2020-07-21 11:49:14,FILIPE GONCALVES DE SOUZA NOGUEIRA DA SILVA,"8085676","8085676"
93,597530,16,false,false,2020-07-21 12:10:55,IRENE APARECIDA GULLINO,,,"7494998",
94,597530,,false,false,2020-07-21 12:18:06,IRENE APARECIDA GULLINO,,,"7494998",
95,310568,4,false,false,2020-07-22 06:52:16,FILIPE GONCALVES DE SOUZA NOGUEIRA DA SILVA,,,"8085676",
96,310568,,false,false,2020-07-22 06:54:15,FILIPE GONCALVES DE SOUZA NOGUEIRA DA SILVA,,,"8085676",
97,587729,16,false,false,2020-07-22 19:51:28,FILIPE GONCALVES DE SOUZA NOGUEIRA DA SILVA,,,"8085676",
98,587729,,false,false,2020-07-22 19:54:36,FILIPE GONCALVES DE SOUZA NOGUEIRA DA SILVA,,,"8085676",
99,587503,,false,false,2020-08-05 20:15:40,FILIPE GONCALVES DE SOUZA NOGUEIRA DA SILVA,,,"8085676",
