"id","disciplina_id","migrado","excluido","criado_em","criado_por","alterado_em","alterado_por","criado_rf","alterado_rf","situacao","justificativa","fechamento_turma_id"
28,138,false,false,2020-04-07 12:30:27,ADALGISA GONCALVES,2020-04-07 15:14:23,ADALGISA GONCALVES,"6769195","6769195",2,,1
29,138,false,false,2020-04-07 14:03:20,ADALGISA GONCALVES,2020-04-07 19:02:31,ADALGISA GONCALVES,"6769195","6769195",2,,2
91,139,false,false,2020-04-29 16:16:43,SADAKO MORITA,2020-04-29 16:16:53,SADAKO MORITA,"3135535","3135535",2,,50
71,1113,false,false,2020-04-14 02:36:52,ESTER CUSTODIA DOS SANTOS,2020-07-10 17:45:07,ESTER CUSTODIA DOS SANTOS,"6926886","6926886",3,,31
75,103,false,false,2020-04-15 20:06:55,FILIPE GONCALVES DE SOUZA NOGUEIRA DA SILVA,2020-05-07 17:01:02,FILIPE GONCALVES DE SOUZA NOGUEIRA DA SILVA,"8085676","8085676",2,,35
30,138,false,false,2020-04-07 19:22:16,ADALGISA GONCALVES,2020-04-07 19:22:22,ADALGISA GONCALVES,"6769195","6769195",2,,3
90,138,false,false,2020-04-28 19:28:54,ADALGISA GONCALVES,2020-08-16 16:22:46,ADALGISA GONCALVES,"6769195","6769195",2,,49
38,1105,false,false,2020-04-08 06:22:25,ANA RITA GOMES DOS SANTOS,2020-04-30 09:11:10,DALVA DOS SANTOS,"6809324","7485433",2,,11
39,1105,false,false,2020-04-08 03:22:52,ANA RITA GOMES DOS SANTOS,2020-04-30 09:15:02,DALVA DOS SANTOS,"6809324","7485433",2,,12
80,1061,false,false,2020-04-16 10:16:51,ROSANE MARTINS DA CRUZ,2020-04-16 10:27:17,FILIPE GONCALVES DE SOUZA NOGUEIRA DA SILVA,"6773559","8085676",2,,40
81,1113,false,false,2020-04-17 16:38:34,ESTER CUSTODIA DOS SANTOS,,,"6926886",,3,,32
41,1060,false,false,2020-04-08 22:11:31,NATALIA RIBEIRO DE ANDRADE MALANOS,2020-04-08 22:11:37,NATALIA RIBEIRO DE ANDRADE MALANOS,"7832630","7832630",3,,14
42,1060,false,false,2020-04-08 19:11:32,NATALIA RIBEIRO DE ANDRADE MALANOS,2020-04-08 19:11:38,NATALIA RIBEIRO DE ANDRADE MALANOS,"7832630","7832630",3,,15
43,1060,false,false,2020-04-08 22:12:23,NATALIA RIBEIRO DE ANDRADE MALANOS,2020-04-08 22:12:29,NATALIA RIBEIRO DE ANDRADE MALANOS,"7832630","7832630",3,,16
76,2,false,false,2020-04-15 21:04:26,DIRCE FRANCISCO MOCO NASCIMENTO,2020-04-15 21:04:30,FILIPE GONCALVES DE SOUZA NOGUEIRA DA SILVA,"7526083","8085676",2,<p>teste</p>,36
44,1060,false,false,2020-04-08 19:12:26,NATALIA RIBEIRO DE ANDRADE MALANOS,2020-04-08 19:12:29,NATALIA RIBEIRO DE ANDRADE MALANOS,"7832630","7832630",3,,17
83,1105,false,false,2020-04-20 21:07:09,NOEMIA DA CONCEICAO FERREIRA,2020-04-20 21:07:19,HELOISA MARIA DE MORAIS GIANNICHI,"8036527","7944560",2,,42
31,103,false,false,2020-04-07 19:32:00,FILIPE GONCALVES DE SOUZA NOGUEIRA DA SILVA,2020-04-07 19:33:19,ADALGISA GONCALVES,"8085676","6769195",2,,4
82,103,false,false,2020-04-20 11:34:46,FILIPE GONCALVES DE SOUZA NOGUEIRA DA SILVA,2020-04-20 15:33:39,FILIPE GONCALVES DE SOUZA NOGUEIRA DA SILVA,"8085676","8085676",2,,41
32,1060,false,false,2020-04-07 20:03:28,NATALIA RIBEIRO DE ANDRADE MALANOS,2020-04-07 20:03:32,ADALGISA GONCALVES,"7832630","6769195",2,,5
84,1105,false,false,2020-04-20 21:07:20,NOEMIA DA CONCEICAO FERREIRA,2020-04-20 21:07:25,HELOISA MARIA DE MORAIS GIANNICHI,"8036527","7944560",2,,43
85,1105,false,false,2020-04-20 21:07:30,NOEMIA DA CONCEICAO FERREIRA,2020-04-20 21:07:36,HELOISA MARIA DE MORAIS GIANNICHI,"8036527","7944560",2,,44
70,1113,false,false,2020-04-14 02:33:06,ESTER CUSTODIA DOS SANTOS,2020-04-14 02:33:14,HELOISA MARIA DE MORAIS GIANNICHI,"6926886","7944560",2,,30
58,1105,false,false,2020-04-09 16:58:20,ANA RITA GOMES DOS SANTOS,2020-08-06 01:54:52,ANA RITA GOMES DOS SANTOS,"6809324","6809324",2,,18
72,1105,false,false,2020-04-13 23:38:41,ESTER CUSTODIA DOS SANTOS,2020-04-13 23:39:47,ESTER CUSTODIA DOS SANTOS,"6926886","6926886",3,,32
73,103,false,false,2020-03-24 10:32:00,FILIPE GONCALVES DE SOUZA NOGUEIRA DA SILVA,2020-06-22 17:35:08,FILIPE GONCALVES DE SOUZA NOGUEIRA DA SILVA,"8085676","8085676",2,,33
77,2,false,false,2020-04-16 01:17:27,DIRCE FRANCISCO MOCO NASCIMENTO,2020-04-16 01:17:31,DIRCE FRANCISCO MOCO NASCIMENTO,"7526083","7526083",2,,37
74,1105,false,false,2020-04-15 00:12:04,MARIA CELESTE PESTANA,2020-04-15 00:12:07,GABRIELA MANZOLLI ROWLANDS LOPES,"8121966","7924488",2,,34
78,2,false,false,2020-04-16 02:05:28,DIRCE FRANCISCO MOCO NASCIMENTO,,,"7526083",,3,,38
87,1105,false,false,2020-04-23 17:52:37,ADRIANE AVERSAN,2020-06-24 10:03:20,ROSANE MARTINS DA CRUZ,"6580866","6773559",2,,46
79,103,false,false,2020-04-16 12:01:42,FILIPE GONCALVES DE SOUZA NOGUEIRA DA SILVA,2020-04-16 12:01:51,FILIPE GONCALVES DE SOUZA NOGUEIRA DA SILVA,"8085676","8085676",2,,39
86,1105,false,false,2020-04-20 21:07:50,NOEMIA DA CONCEICAO FERREIRA,2020-04-20 21:07:52,HELOISA MARIA DE MORAIS GIANNICHI,"8036527","7944560",2,,45
88,139,false,false,2020-04-25 16:12:57,SADAKO MORITA,2020-04-25 16:13:04,SADAKO MORITA,"3135535","3135535",2,,47
89,103,false,false,2020-04-26 16:11:11,FILIPE GONCALVES DE SOUZA NOGUEIRA DA SILVA,2020-04-26 16:11:17,FILIPE GONCALVES DE SOUZA NOGUEIRA DA SILVA,"8085676","8085676",2,,48
93,139,false,false,2020-04-29 18:03:25,SADAKO MORITA,2020-04-29 18:03:30,SADAKO MORITA,"3135535","3135535",2,<p>Teste</p>,52
94,139,false,false,2020-04-29 21:04:11,SADAKO MORITA,2020-04-29 21:04:16,SADAKO MORITA,"3135535","3135535",2,,53
95,139,false,false,2020-04-29 20:01:44,SADAKO MORITA,,,"3135535",,3,,54
92,139,false,false,2020-04-29 17:59:54,SADAKO MORITA,2020-04-29 18:02:21,SADAKO MORITA,"3135535","3135535",2,,51
37,1105,false,false,2020-04-08 03:22:10,ANA RITA GOMES DOS SANTOS,2020-04-30 09:10:08,ANA RITA GOMES DOS SANTOS,"6809324","6809324",2,,10
96,103,false,false,2020-04-30 11:49:07,FILIPE GONCALVES DE SOUZA NOGUEIRA DA SILVA,2020-04-30 12:17:27,FILIPE GONCALVES DE SOUZA NOGUEIRA DA SILVA,"8085676","8085676",2,,55
101,2,false,false,2020-05-04 09:49:26,ARACI NOBUE NAKANE CHAEBO GADUM,,,"7213000",,3,,54
98,2,false,false,2020-05-04 12:46:57,ARACI NOBUE NAKANE CHAEBO GADUM,2020-05-04 12:52:44,ARACI NOBUE NAKANE CHAEBO GADUM,"7213000","7213000",2,,51
99,2,false,false,2020-05-04 12:47:15,ARACI NOBUE NAKANE CHAEBO GADUM,2020-05-04 12:52:48,ARACI NOBUE NAKANE CHAEBO GADUM,"7213000","7213000",2,,52
100,2,false,false,2020-05-04 12:47:30,ARACI NOBUE NAKANE CHAEBO GADUM,2020-05-04 12:52:51,ARACI NOBUE NAKANE CHAEBO GADUM,"7213000","7213000",2,,53
97,2,false,false,2020-05-04 12:46:35,ARACI NOBUE NAKANE CHAEBO GADUM,2020-05-04 12:52:37,ARACI NOBUE NAKANE CHAEBO GADUM,"7213000","7213000",2,,50
102,6,false,false,2020-05-04 09:55:40,MARCO ANTONIO RUEDA,2020-05-04 09:55:47,MARCO ANTONIO RUEDA,"7442351","7442351",2,,50
103,6,false,false,2020-05-04 12:55:59,MARCO ANTONIO RUEDA,2020-05-04 12:56:06,MARCO ANTONIO RUEDA,"7442351","7442351",2,,51
104,6,false,false,2020-05-04 12:56:15,MARCO ANTONIO RUEDA,2020-05-04 12:56:20,MARCO ANTONIO RUEDA,"7442351","7442351",2,,52
105,6,false,false,2020-05-04 09:56:31,MARCO ANTONIO RUEDA,2020-05-04 09:56:36,MARCO ANTONIO RUEDA,"7442351","7442351",2,,53
106,6,false,false,2020-05-04 09:58:18,MARCO ANTONIO RUEDA,,,"7442351",,3,,54
107,8,false,false,2020-05-04 10:00:21,ELIANE VAZ,2020-05-04 10:00:25,MARCO ANTONIO RUEDA,"6766714","7442351",2,,50
108,8,false,false,2020-05-04 10:00:36,ELIANE VAZ,2020-05-04 10:00:42,MARCO ANTONIO RUEDA,"6766714","7442351",2,,51
110,8,false,false,2020-05-04 10:01:11,ELIANE VAZ,2020-05-04 10:01:17,MARCO ANTONIO RUEDA,"6766714","7442351",2,,53
111,8,false,false,2020-05-04 10:01:35,ELIANE VAZ,,,"6766714",,3,,54
114,89,false,false,2020-05-04 10:08:13,JUCIARA TEIXEIRA HOLZMANN VERNIER,2020-05-04 10:08:21,MARCO ANTONIO RUEDA,"6517579","7442351",2,,52
116,89,false,false,2020-05-04 10:09:06,JUCIARA TEIXEIRA HOLZMANN VERNIER,,,"6517579",,3,,54
121,9,false,false,2020-05-04 10:14:55,ALYSSON EDUARDO GUARIENTO PASCHOAL PINTO,,,"7268173",,3,,54
109,8,false,false,2020-05-04 10:00:53,ELIANE VAZ,2020-05-04 10:01:00,MARCO ANTONIO RUEDA,"6766714","7442351",2,,52
112,89,false,false,2020-05-04 10:07:29,JUCIARA TEIXEIRA HOLZMANN VERNIER,2020-05-04 10:07:35,MARCO ANTONIO RUEDA,"6517579","7442351",2,,50
113,89,false,false,2020-05-04 10:07:56,JUCIARA TEIXEIRA HOLZMANN VERNIER,2020-05-04 10:08:02,MARCO ANTONIO RUEDA,"6517579","7442351",2,,51
115,89,false,false,2020-05-04 10:08:33,JUCIARA TEIXEIRA HOLZMANN VERNIER,2020-05-04 10:08:38,MARCO ANTONIO RUEDA,"6517579","7442351",2,,53
117,9,false,false,2020-05-04 10:11:52,ALYSSON EDUARDO GUARIENTO PASCHOAL PINTO,2020-05-04 10:11:55,MARCO ANTONIO RUEDA,"7268173","7442351",2,,50
118,9,false,false,2020-05-04 10:12:08,ALYSSON EDUARDO GUARIENTO PASCHOAL PINTO,2020-05-04 10:12:17,MARCO ANTONIO RUEDA,"7268173","7442351",2,,51
119,9,false,false,2020-05-04 10:12:54,ALYSSON EDUARDO GUARIENTO PASCHOAL PINTO,2020-05-04 10:13:03,MARCO ANTONIO RUEDA,"7268173","7442351",2,,52
120,9,false,false,2020-05-04 10:13:10,ALYSSON EDUARDO GUARIENTO PASCHOAL PINTO,2020-05-04 10:13:19,MARCO ANTONIO RUEDA,"7268173","7442351",2,,53
122,138,false,false,2020-05-04 10:16:46,DALVA DOS SANTOS,2020-05-04 10:16:53,MARCO ANTONIO RUEDA,"7485433","7442351",2,,50
123,138,false,false,2020-05-04 10:17:01,DALVA DOS SANTOS,2020-05-04 10:17:06,MARCO ANTONIO RUEDA,"7485433","7442351",2,,51
124,138,false,false,2020-05-04 10:17:17,DALVA DOS SANTOS,2020-05-04 10:17:24,MARCO ANTONIO RUEDA,"7485433","7442351",2,,52
125,138,false,false,2020-05-04 10:17:36,DALVA DOS SANTOS,2020-05-04 10:17:41,MARCO ANTONIO RUEDA,"7485433","7442351",2,,53
126,138,false,false,2020-05-04 10:19:11,DALVA DOS SANTOS,,,"7485433",,3,,54
136,7,false,false,2020-05-04 18:01:22,VALDIR ZUCCHERATTO,2020-05-04 18:01:29,VALDIR ZUCCHERATTO,"6963102","6963102",2,<p>tteste</p>,53
137,7,false,false,2020-05-04 18:02:59,VALDIR ZUCCHERATTO,,,"6963102",,3,,54
130,6,false,false,2020-05-04 17:53:44,OLGA DA SILVA SOUZA,2020-05-04 17:54:18,CARLA REGIANE CAMARA RIOS,"8405689","8027129",2,<p>teste</p>,57
129,139,false,false,2020-05-04 14:46:52,CARLA REGIANE CAMARA RIOS,2020-05-04 14:55:25,SADAKO MORITA,"8027129","3135535",2,,57
131,9,false,false,2020-05-04 14:56:45,RODRIGO BARBOSA DOS SANTOS,2020-05-04 14:56:47,CARLA REGIANE CAMARA RIOS,"8406685","8027129",2,,57
138,1105,false,false,2020-05-04 19:05:09,ABIGAIL LOMBARDI,2020-05-04 19:05:18,ABIGAIL LOMBARDI,"8215821","8215821",2,,62
139,139,false,false,2020-05-04 22:52:30,ANDRESSA DE CASTRO DELL ELBA GOMES ANCETTI,2020-05-04 22:52:41,ANDRESSA DE CASTRO DELL ELBA GOMES ANCETTI,"7920989","7920989",2,,40
132,1105,false,false,2020-05-04 16:27:20,DARLEN ANA LOUREIRO DE CAMPOS,2020-05-04 16:27:27,SADAKO MORITA,"5228506","3135535",2,<p>teste</p>,58
133,1105,false,false,2020-05-04 16:28:06,DARLEN ANA LOUREIRO DE CAMPOS,,,"5228506",,3,,59
140,139,false,false,2020-05-04 20:07:25,ANDRESSA DE CASTRO DELL ELBA GOMES ANCETTI,2020-05-04 21:32:12,ANDRESSA DE CASTRO DELL ELBA GOMES ANCETTI,"7920989","7920989",3,,63
127,138,false,false,2020-05-04 13:40:13,ELISA MARIA VELOSO CAMERA,2020-05-04 19:36:31,ELISA MARIA VELOSO CAMERA,"7272936","7272936",2,,56
134,1213,false,false,2020-05-04 17:04:45,FERNANDA TOLEDO CATALANI,2020-05-04 17:04:52,ANA RITA GOMES DOS SANTOS,"8279306","6809324",2,,60
69,103,false,false,2020-04-13 11:52:43,FILIPE GONCALVES DE SOUZA NOGUEIRA DA SILVA,2020-05-05 02:32:59,FILIPE GONCALVES DE SOUZA NOGUEIRA DA SILVA,"8085676","8085676",3,,29
59,1105,false,false,2020-04-10 09:14:39,ANA RITA GOMES DOS SANTOS,2020-08-06 09:58:33,DANIELLA DE CASTRO MARINO RUBIO,"6809324","8207607",3,,19
148,1061,false,false,2020-06-24 09:06:14,ROSANE MARTINS DA CRUZ,2020-06-24 09:06:20,ROSANE MARTINS DA CRUZ,"6773559","6773559",3,,71
149,1061,false,false,2020-06-24 09:06:20,ROSANE MARTINS DA CRUZ,2020-06-24 09:06:21,ROSANE MARTINS DA CRUZ,"6773559","6773559",3,,72
143,138,false,false,2020-06-19 17:54:24,ADALGISA GONCALVES,2020-06-19 19:28:18,ESTER CUSTODIA DOS SANTOS,"6769195","6926886",2,,66
150,1061,false,false,2020-06-24 09:08:17,ROSANE MARTINS DA CRUZ,2020-06-24 09:08:22,ROSANE MARTINS DA CRUZ,"6773559","6773559",3,,73
144,138,false,false,2020-06-19 17:54:54,ADALGISA GONCALVES,2020-06-19 19:50:50,ESTER CUSTODIA DOS SANTOS,"6769195","6926886",3,,67
128,139,false,false,2020-05-04 14:26:38,SADAKO MORITA,2020-05-11 15:54:01,JOSELY ANGELA CARRUBBA,"3135535","7217757",3,,14
135,1213,false,false,2020-05-04 17:06:03,FERNANDA TOLEDO CATALANI,2020-05-14 16:47:14,FERNANDA TOLEDO CATALANI,"8279306","8279306",3,,61
141,138,false,false,2020-05-19 20:11:25,ADALGISA GONCALVES,2020-05-19 20:11:35,ADALGISA GONCALVES,"6769195","6769195",2,,64
142,138,false,false,2020-05-28 15:48:59,ADALGISA GONCALVES,,,"6769195",,3,,65
145,1061,false,false,2020-06-24 08:47:00,ROSANE MARTINS DA CRUZ,2020-06-24 08:47:04,ROSANE MARTINS DA CRUZ,"6773559","6773559",2,,68
146,1061,false,false,2020-06-24 08:47:06,ROSANE MARTINS DA CRUZ,2020-06-24 08:47:11,ROSANE MARTINS DA CRUZ,"6773559","6773559",2,,69
147,1061,false,false,2020-06-24 08:47:09,ROSANE MARTINS DA CRUZ,2020-06-24 08:47:12,ROSANE MARTINS DA CRUZ,"6773559","6773559",2,,70
151,1061,false,false,2020-06-24 09:08:22,ROSANE MARTINS DA CRUZ,2020-06-24 09:08:28,ROSANE MARTINS DA CRUZ,"6773559","6773559",3,,74
152,1061,false,false,2020-06-24 09:19:43,ROSANE MARTINS DA CRUZ,2020-06-24 09:19:51,ROSANE MARTINS DA CRUZ,"6773559","6773559",2,,75
153,1061,false,false,2020-06-24 09:19:48,ROSANE MARTINS DA CRUZ,2020-06-24 09:19:51,ROSANE MARTINS DA CRUZ,"6773559","6773559",2,,76
154,1061,false,false,2020-06-24 09:19:55,ROSANE MARTINS DA CRUZ,2020-06-24 09:20:08,ROSANE MARTINS DA CRUZ,"6773559","6773559",2,,77
155,1061,false,false,2020-06-24 09:20:08,ROSANE MARTINS DA CRUZ,2020-06-24 09:20:13,ROSANE MARTINS DA CRUZ,"6773559","6773559",2,,78
156,1105,false,false,2020-06-24 10:01:27,ADRIANE AVERSAN,2020-06-24 10:02:42,ROSANE MARTINS DA CRUZ,"6580866","6773559",2,,79
157,1105,false,false,2020-06-24 10:02:16,ADRIANE AVERSAN,2020-06-24 10:02:43,ROSANE MARTINS DA CRUZ,"6580866","6773559",2,,80
158,1105,false,false,2020-06-24 10:02:48,ADRIANE AVERSAN,2020-06-24 10:02:51,ROSANE MARTINS DA CRUZ,"6580866","6773559",2,,81
159,1105,false,false,2020-06-24 15:21:35,ADRIANE AVERSAN,,,"6580866",,3,,82
160,138,false,false,2020-07-01 16:03:08,ADALGISA GONCALVES,2020-07-01 16:03:16,ADALGISA GONCALVES,"6769195","6769195",2,,83
161,138,false,false,2020-07-01 16:03:57,ADALGISA GONCALVES,,,"6769195",,3,,84
162,138,false,false,2020-07-08 16:37:39,ALESSANDRA SYNESIO ANTUNE RIBEIRO,2020-07-08 16:37:44,ALESSANDRA SYNESIO ANTUNE RIBEIRO,"7778287","7778287",2,<p>Teste</p>,85
163,138,false,false,2020-07-08 16:38:54,ALESSANDRA SYNESIO ANTUNE RIBEIRO,,,"7778287",,3,,86
164,138,false,false,2020-07-08 19:35:03,ALESSANDRA SYNESIO ANTUNE RIBEIRO,2020-07-08 19:35:08,ALESSANDRA SYNESIO ANTUNE RIBEIRO,"7778287","7778287",2,,87
165,138,false,false,2020-07-08 23:16:56,ALESSANDRA SYNESIO ANTUNE RIBEIRO,,,"7778287",,3,,88
168,138,false,false,2020-07-16 10:49:28,ADALGISA GONCALVES,2020-07-16 10:49:34,ADALGISA GONCALVES,"6769195","6769195",2,,91
68,103,false,false,2020-04-10 12:09:27,FILIPE GONCALVES DE SOUZA NOGUEIRA DA SILVA,2020-07-21 11:49:18,ANA PAULA QUADRINI GARCIA,"8085676","8536236",2,,28
170,6,false,false,2020-07-21 12:10:55,IRENE APARECIDA GULLINO,,,"7494998",,1,,93
171,6,false,false,2020-07-21 12:18:06,IRENE APARECIDA GULLINO,,,"7494998",,3,,94
167,1105,false,false,2020-07-08 23:35:11,CLEIDE VIANA VANDERLEI,,,"6804446",,2,,90
166,1105,false,false,2020-07-08 23:32:42,CLEIDE VIANA VANDERLEI,2020-07-21 16:25:01,LILIAN REGINA DA SILVA IANISHI,"6804446","7913583",2,<p>Teste</p>,89
172,103,false,false,2020-07-22 06:52:15,FILIPE GONCALVES DE SOUZA NOGUEIRA DA SILVA,2020-07-22 06:52:21,LILIAN REGINA DA SILVA IANISHI,"8085676","7913583",2,,95
173,103,false,false,2020-07-22 06:54:15,FILIPE GONCALVES DE SOUZA NOGUEIRA DA SILVA,,,"8085676",,3,,96
174,103,false,false,2020-07-22 19:51:27,FILIPE GONCALVES DE SOUZA NOGUEIRA DA SILVA,2020-07-22 19:51:31,FILIPE GONCALVES DE SOUZA NOGUEIRA DA SILVA,"8085676","8085676",2,,97
175,103,false,false,2020-07-22 19:54:36,FILIPE GONCALVES DE SOUZA NOGUEIRA DA SILVA,,,"8085676",,3,,98
176,103,false,false,2020-08-05 20:15:40,FILIPE GONCALVES DE SOUZA NOGUEIRA DA SILVA,,,"8085676",,3,,99
177,6,false,false,2020-08-06 01:49:58,ALINE BARROS CAVALCANTE DE CARLOS,,,"7927649",,3,,18
178,139,false,false,2020-08-06 01:53:16,Júlio César Pontes Bordignon,,,"8461201",,3,,18
179,1106,false,false,2020-08-06 02:17:10,ALVARO SABINO DE OLIVEIRA,,,"7930372",,3,,18
