"id","fechamento_turma_disciplina_id","pendencia_id","criado_em","criado_por","alterado_em","alterado_por","criado_rf","alterado_rf"
525,28,525,2020-04-07 15:14:22,ADALGISA GONCALVES,,,"6769195",
526,28,526,2020-04-07 15:14:22,ADALGISA GONCALVES,,,"6769195",
527,29,527,2020-04-07 19:02:29,ADALGISA GONCALVES,,,"6769195",
528,29,528,2020-04-07 19:02:30,ADALGISA GONCALVES,,,"6769195",
529,30,529,2020-04-07 19:22:21,ADALGISA GONCALVES,,,"6769195",
530,30,530,2020-04-07 19:22:21,ADALGISA GONCALVES,,,"6769195",
531,30,531,2020-04-07 19:22:21,ADALGISA GONCALVES,,,"6769195",
532,31,532,2020-04-07 19:32:03,ADALGISA GONCALVES,,,"6769195",
533,31,533,2020-04-07 19:32:03,ADALGISA GONCALVES,,,"6769195",
534,31,534,2020-04-07 19:32:03,ADALGISA GONCALVES,,,"6769195",
535,31,535,2020-04-07 19:33:19,ADALGISA GONCALVES,,,"6769195",
536,31,536,2020-04-07 19:33:19,ADALGISA GONCALVES,,,"6769195",
537,31,537,2020-04-07 19:33:19,ADALGISA GONCALVES,,,"6769195",
538,32,538,2020-04-07 20:03:32,ADALGISA GONCALVES,,,"6769195",
539,32,539,2020-04-07 20:03:32,ADALGISA GONCALVES,,,"6769195",
556,37,556,2020-04-08 03:22:11,ADALGISA GONCALVES,,,"6769195",
557,37,557,2020-04-08 03:22:12,ADALGISA GONCALVES,,,"6769195",
558,37,558,2020-04-08 03:22:12,ADALGISA GONCALVES,,,"6769195",
559,38,559,2020-04-08 06:22:28,ADALGISA GONCALVES,,,"6769195",
560,38,560,2020-04-08 06:22:29,ADALGISA GONCALVES,,,"6769195",
561,38,561,2020-04-08 06:22:29,ADALGISA GONCALVES,,,"6769195",
562,39,562,2020-04-08 03:22:53,ADALGISA GONCALVES,,,"6769195",
563,39,563,2020-04-08 03:22:53,ADALGISA GONCALVES,,,"6769195",
564,39,564,2020-04-08 03:22:53,ADALGISA GONCALVES,,,"6769195",
571,59,571,2020-04-10 09:14:44,ANA RITA GOMES DOS SANTOS,,,"6809324",
602,68,602,2020-04-10 12:09:29,ANA RITA GOMES DOS SANTOS,,,"6809324",
603,68,603,2020-04-10 12:09:29,ANA RITA GOMES DOS SANTOS,,,"6809324",
604,68,604,2020-04-10 12:09:29,ANA RITA GOMES DOS SANTOS,,,"6809324",
605,70,605,2020-04-14 02:33:12,HELOISA MARIA DE MORAIS GIANNICHI,,,"7944560",
606,70,606,2020-04-14 02:33:13,HELOISA MARIA DE MORAIS GIANNICHI,,,"7944560",
607,70,607,2020-04-14 02:33:13,HELOISA MARIA DE MORAIS GIANNICHI,,,"7944560",
608,71,608,2020-04-14 02:38:36,HELOISA MARIA DE MORAIS GIANNICHI,,,"7944560",
609,71,609,2020-04-14 02:38:36,HELOISA MARIA DE MORAIS GIANNICHI,,,"7944560",
610,71,610,2020-04-14 02:38:36,HELOISA MARIA DE MORAIS GIANNICHI,,,"7944560",
611,73,611,2020-04-14 09:04:17,FILIPE GONCALVES DE SOUZA NOGUEIRA DA SILVA,,,"8085676",
612,73,612,2020-04-14 09:04:18,FILIPE GONCALVES DE SOUZA NOGUEIRA DA SILVA,,,"8085676",
613,73,613,2020-04-14 09:04:18,FILIPE GONCALVES DE SOUZA NOGUEIRA DA SILVA,,,"8085676",
614,73,614,2020-04-14 18:48:29,GABRIELA MANZOLLI ROWLANDS LOPES,,,"7924488",
615,73,615,2020-04-14 21:50:32,GABRIELA MANZOLLI ROWLANDS LOPES,,,"7924488",
616,73,616,2020-04-14 21:50:34,GABRIELA MANZOLLI ROWLANDS LOPES,,,"7924488",
617,73,617,2020-04-14 21:50:34,GABRIELA MANZOLLI ROWLANDS LOPES,,,"7924488",
618,73,618,2020-04-14 21:52:44,GABRIELA MANZOLLI ROWLANDS LOPES,,,"7924488",
619,73,619,2020-04-14 21:52:45,GABRIELA MANZOLLI ROWLANDS LOPES,,,"7924488",
620,73,620,2020-04-14 21:52:45,GABRIELA MANZOLLI ROWLANDS LOPES,,,"7924488",
621,73,621,2020-04-14 19:00:33,FILIPE GONCALVES DE SOUZA NOGUEIRA DA SILVA,,,"8085676",
622,73,622,2020-04-14 19:00:33,FILIPE GONCALVES DE SOUZA NOGUEIRA DA SILVA,,,"8085676",
623,73,623,2020-04-14 19:00:33,FILIPE GONCALVES DE SOUZA NOGUEIRA DA SILVA,,,"8085676",
624,73,624,2020-04-14 19:06:57,FILIPE GONCALVES DE SOUZA NOGUEIRA DA SILVA,,,"8085676",
625,73,625,2020-04-14 19:06:57,FILIPE GONCALVES DE SOUZA NOGUEIRA DA SILVA,,,"8085676",
626,73,626,2020-04-14 19:06:57,FILIPE GONCALVES DE SOUZA NOGUEIRA DA SILVA,,,"8085676",
627,73,627,2020-04-14 22:09:26,FILIPE GONCALVES DE SOUZA NOGUEIRA DA SILVA,,,"8085676",
628,73,628,2020-04-14 22:09:27,FILIPE GONCALVES DE SOUZA NOGUEIRA DA SILVA,,,"8085676",
629,73,629,2020-04-14 22:09:27,FILIPE GONCALVES DE SOUZA NOGUEIRA DA SILVA,,,"8085676",
630,74,630,2020-04-15 00:12:06,GABRIELA MANZOLLI ROWLANDS LOPES,,,"7924488",
631,73,631,2020-04-15 11:38:52,FILIPE GONCALVES DE SOUZA NOGUEIRA DA SILVA,,,"8085676",
632,73,632,2020-04-15 11:38:52,FILIPE GONCALVES DE SOUZA NOGUEIRA DA SILVA,,,"8085676",
633,73,633,2020-04-15 11:38:52,FILIPE GONCALVES DE SOUZA NOGUEIRA DA SILVA,,,"8085676",
634,73,634,2020-04-15 11:38:53,FILIPE GONCALVES DE SOUZA NOGUEIRA DA SILVA,,,"8085676",
635,73,635,2020-04-15 12:48:26,FILIPE GONCALVES DE SOUZA NOGUEIRA DA SILVA,,,"8085676",
636,73,636,2020-04-15 12:48:26,FILIPE GONCALVES DE SOUZA NOGUEIRA DA SILVA,,,"8085676",
637,73,637,2020-04-15 12:48:26,FILIPE GONCALVES DE SOUZA NOGUEIRA DA SILVA,,,"8085676",
638,75,638,2020-04-15 20:06:59,FILIPE GONCALVES DE SOUZA NOGUEIRA DA SILVA,,,"8085676",
639,75,639,2020-04-15 20:07:00,FILIPE GONCALVES DE SOUZA NOGUEIRA DA SILVA,,,"8085676",
640,75,640,2020-04-15 20:07:00,FILIPE GONCALVES DE SOUZA NOGUEIRA DA SILVA,,,"8085676",
641,75,641,2020-04-15 20:19:44,FILIPE GONCALVES DE SOUZA NOGUEIRA DA SILVA,,,"8085676",
642,75,642,2020-04-15 20:19:44,FILIPE GONCALVES DE SOUZA NOGUEIRA DA SILVA,,,"8085676",
643,75,643,2020-04-15 20:19:44,FILIPE GONCALVES DE SOUZA NOGUEIRA DA SILVA,,,"8085676",
644,75,644,2020-04-15 20:19:44,FILIPE GONCALVES DE SOUZA NOGUEIRA DA SILVA,,,"8085676",
645,75,645,2020-04-15 20:32:44,FILIPE GONCALVES DE SOUZA NOGUEIRA DA SILVA,,,"8085676",
646,75,646,2020-04-15 20:32:44,FILIPE GONCALVES DE SOUZA NOGUEIRA DA SILVA,,,"8085676",
647,75,647,2020-04-15 20:32:44,FILIPE GONCALVES DE SOUZA NOGUEIRA DA SILVA,,,"8085676",
648,75,648,2020-04-15 20:32:44,FILIPE GONCALVES DE SOUZA NOGUEIRA DA SILVA,,,"8085676",
649,76,649,2020-04-15 21:04:28,FILIPE GONCALVES DE SOUZA NOGUEIRA DA SILVA,,,"8085676",
650,76,650,2020-04-15 21:04:29,FILIPE GONCALVES DE SOUZA NOGUEIRA DA SILVA,,,"8085676",
651,76,651,2020-04-15 21:04:29,FILIPE GONCALVES DE SOUZA NOGUEIRA DA SILVA,,,"8085676",
652,76,652,2020-04-15 21:04:29,FILIPE GONCALVES DE SOUZA NOGUEIRA DA SILVA,,,"8085676",
653,73,653,2020-04-15 23:14:23,FILIPE GONCALVES DE SOUZA NOGUEIRA DA SILVA,,,"8085676",
654,73,654,2020-04-15 23:14:24,FILIPE GONCALVES DE SOUZA NOGUEIRA DA SILVA,,,"8085676",
655,73,655,2020-04-15 23:14:24,FILIPE GONCALVES DE SOUZA NOGUEIRA DA SILVA,,,"8085676",
656,75,656,2020-04-15 23:23:38,GABRIELA MANZOLLI ROWLANDS LOPES,,,"7924488",
657,75,657,2020-04-15 23:23:38,GABRIELA MANZOLLI ROWLANDS LOPES,,,"7924488",
658,75,658,2020-04-15 23:23:40,GABRIELA MANZOLLI ROWLANDS LOPES,,,"7924488",
659,75,659,2020-04-15 23:23:41,GABRIELA MANZOLLI ROWLANDS LOPES,,,"7924488",
660,77,660,2020-04-16 01:17:30,DIRCE FRANCISCO MOCO NASCIMENTO,,,"7526083",
661,79,661,2020-04-16 12:01:47,FILIPE GONCALVES DE SOUZA NOGUEIRA DA SILVA,,,"8085676",
662,79,662,2020-04-16 12:01:48,FILIPE GONCALVES DE SOUZA NOGUEIRA DA SILVA,,,"8085676",
663,79,663,2020-04-16 12:01:48,FILIPE GONCALVES DE SOUZA NOGUEIRA DA SILVA,,,"8085676",
664,80,664,2020-04-16 10:27:14,FILIPE GONCALVES DE SOUZA NOGUEIRA DA SILVA,,,"8085676",
665,80,665,2020-04-16 10:27:14,FILIPE GONCALVES DE SOUZA NOGUEIRA DA SILVA,,,"8085676",
666,73,666,2020-04-17 19:46:05,FILIPE GONCALVES DE SOUZA NOGUEIRA DA SILVA,,,"8085676",
667,73,667,2020-04-17 19:46:06,FILIPE GONCALVES DE SOUZA NOGUEIRA DA SILVA,,,"8085676",
668,73,668,2020-04-17 19:46:06,FILIPE GONCALVES DE SOUZA NOGUEIRA DA SILVA,,,"8085676",
669,73,669,2020-04-17 19:51:22,FILIPE GONCALVES DE SOUZA NOGUEIRA DA SILVA,,,"8085676",
670,73,670,2020-04-17 19:51:24,FILIPE GONCALVES DE SOUZA NOGUEIRA DA SILVA,,,"8085676",
671,73,671,2020-04-17 19:51:24,FILIPE GONCALVES DE SOUZA NOGUEIRA DA SILVA,,,"8085676",
672,73,672,2020-04-17 19:55:03,FILIPE GONCALVES DE SOUZA NOGUEIRA DA SILVA,,,"8085676",
673,73,673,2020-04-17 19:55:05,FILIPE GONCALVES DE SOUZA NOGUEIRA DA SILVA,,,"8085676",
674,73,674,2020-04-17 19:55:06,FILIPE GONCALVES DE SOUZA NOGUEIRA DA SILVA,,,"8085676",
675,73,675,2020-04-19 21:15:18,FILIPE GONCALVES DE SOUZA NOGUEIRA DA SILVA,,,"8085676",
676,73,676,2020-04-19 21:15:18,FILIPE GONCALVES DE SOUZA NOGUEIRA DA SILVA,,,"8085676",
677,73,677,2020-04-19 21:15:19,FILIPE GONCALVES DE SOUZA NOGUEIRA DA SILVA,,,"8085676",
678,73,678,2020-04-19 21:15:20,FILIPE GONCALVES DE SOUZA NOGUEIRA DA SILVA,,,"8085676",
679,73,679,2020-04-19 21:39:42,FILIPE GONCALVES DE SOUZA NOGUEIRA DA SILVA,,,"8085676",
680,73,680,2020-04-19 21:39:42,FILIPE GONCALVES DE SOUZA NOGUEIRA DA SILVA,,,"8085676",
681,73,681,2020-04-19 21:39:43,FILIPE GONCALVES DE SOUZA NOGUEIRA DA SILVA,,,"8085676",
682,73,682,2020-04-19 21:39:43,FILIPE GONCALVES DE SOUZA NOGUEIRA DA SILVA,,,"8085676",
683,68,683,2020-04-19 23:11:00,FILIPE GONCALVES DE SOUZA NOGUEIRA DA SILVA,,,"8085676",
684,68,684,2020-04-20 00:22:04,DARLEN ANA LOUREIRO DE CAMPOS,,,"5228506",
685,68,685,2020-04-20 00:22:05,DARLEN ANA LOUREIRO DE CAMPOS,,,"5228506",
686,68,686,2020-04-20 00:22:05,DARLEN ANA LOUREIRO DE CAMPOS,,,"5228506",
687,82,687,2020-04-20 11:35:00,HELOISA MARIA DE MORAIS GIANNICHI,,,"7944560",
688,82,688,2020-04-20 11:35:00,HELOISA MARIA DE MORAIS GIANNICHI,,,"7944560",
689,37,689,2020-04-20 12:48:01,HELOISA MARIA DE MORAIS GIANNICHI,,,"7944560",
690,37,690,2020-04-20 12:48:04,HELOISA MARIA DE MORAIS GIANNICHI,,,"7944560",
691,37,691,2020-04-20 12:48:04,HELOISA MARIA DE MORAIS GIANNICHI,,,"7944560",
692,82,692,2020-04-20 15:32:20,FILIPE GONCALVES DE SOUZA NOGUEIRA DA SILVA,,,"8085676",
693,82,693,2020-04-20 15:32:21,FILIPE GONCALVES DE SOUZA NOGUEIRA DA SILVA,,,"8085676",
694,82,694,2020-04-20 15:33:37,FILIPE GONCALVES DE SOUZA NOGUEIRA DA SILVA,,,"8085676",
695,82,695,2020-04-20 15:33:37,FILIPE GONCALVES DE SOUZA NOGUEIRA DA SILVA,,,"8085676",
696,73,696,2020-04-20 16:46:22,FILIPE GONCALVES DE SOUZA NOGUEIRA DA SILVA,,,"8085676",
697,73,697,2020-04-20 16:46:22,FILIPE GONCALVES DE SOUZA NOGUEIRA DA SILVA,,,"8085676",
698,73,698,2020-04-20 16:46:22,FILIPE GONCALVES DE SOUZA NOGUEIRA DA SILVA,,,"8085676",
699,73,699,2020-04-20 16:46:22,FILIPE GONCALVES DE SOUZA NOGUEIRA DA SILVA,,,"8085676",
700,37,700,2020-04-20 16:46:22,FILIPE GONCALVES DE SOUZA NOGUEIRA DA SILVA,,,"8085676",
701,37,701,2020-04-20 16:46:22,FILIPE GONCALVES DE SOUZA NOGUEIRA DA SILVA,,,"8085676",
702,37,702,2020-04-20 16:46:22,FILIPE GONCALVES DE SOUZA NOGUEIRA DA SILVA,,,"8085676",
703,37,703,2020-04-20 16:46:23,FILIPE GONCALVES DE SOUZA NOGUEIRA DA SILVA,,,"8085676",
704,37,704,2020-04-20 16:46:23,FILIPE GONCALVES DE SOUZA NOGUEIRA DA SILVA,,,"8085676",
705,37,705,2020-04-20 16:46:23,FILIPE GONCALVES DE SOUZA NOGUEIRA DA SILVA,,,"8085676",
706,37,706,2020-04-20 16:50:44,FILIPE GONCALVES DE SOUZA NOGUEIRA DA SILVA,,,"8085676",
707,37,707,2020-04-20 16:50:44,FILIPE GONCALVES DE SOUZA NOGUEIRA DA SILVA,,,"8085676",
708,37,708,2020-04-20 16:50:44,FILIPE GONCALVES DE SOUZA NOGUEIRA DA SILVA,,,"8085676",
709,37,709,2020-04-20 16:50:44,FILIPE GONCALVES DE SOUZA NOGUEIRA DA SILVA,,,"8085676",
710,37,710,2020-04-20 16:51:05,FILIPE GONCALVES DE SOUZA NOGUEIRA DA SILVA,,,"8085676",
711,37,711,2020-04-20 16:51:05,FILIPE GONCALVES DE SOUZA NOGUEIRA DA SILVA,,,"8085676",
712,37,712,2020-04-20 16:51:05,FILIPE GONCALVES DE SOUZA NOGUEIRA DA SILVA,,,"8085676",
713,83,713,2020-04-20 21:07:16,HELOISA MARIA DE MORAIS GIANNICHI,,,"7944560",
714,83,714,2020-04-20 21:07:17,HELOISA MARIA DE MORAIS GIANNICHI,,,"7944560",
715,83,715,2020-04-20 21:07:17,HELOISA MARIA DE MORAIS GIANNICHI,,,"7944560",
716,84,716,2020-04-20 21:07:24,HELOISA MARIA DE MORAIS GIANNICHI,,,"7944560",
717,84,717,2020-04-20 21:07:24,HELOISA MARIA DE MORAIS GIANNICHI,,,"7944560",
718,84,718,2020-04-20 21:07:24,HELOISA MARIA DE MORAIS GIANNICHI,,,"7944560",
719,85,719,2020-04-20 21:07:35,HELOISA MARIA DE MORAIS GIANNICHI,,,"7944560",
720,85,720,2020-04-20 21:07:35,HELOISA MARIA DE MORAIS GIANNICHI,,,"7944560",
721,85,721,2020-04-20 21:07:35,HELOISA MARIA DE MORAIS GIANNICHI,,,"7944560",
722,86,722,2020-04-20 21:07:52,HELOISA MARIA DE MORAIS GIANNICHI,,,"7944560",
723,86,723,2020-04-20 21:07:52,HELOISA MARIA DE MORAIS GIANNICHI,,,"7944560",
724,86,724,2020-04-20 21:07:52,HELOISA MARIA DE MORAIS GIANNICHI,,,"7944560",
725,75,725,2020-04-20 22:07:05,FILIPE GONCALVES DE SOUZA NOGUEIRA DA SILVA,,,"8085676",
726,75,726,2020-04-20 22:07:05,FILIPE GONCALVES DE SOUZA NOGUEIRA DA SILVA,,,"8085676",
727,75,727,2020-04-20 22:07:06,FILIPE GONCALVES DE SOUZA NOGUEIRA DA SILVA,,,"8085676",
728,75,728,2020-04-21 10:08:49,FILIPE GONCALVES DE SOUZA NOGUEIRA DA SILVA,,,"8085676",
729,75,729,2020-04-21 10:08:49,FILIPE GONCALVES DE SOUZA NOGUEIRA DA SILVA,,,"8085676",
730,75,730,2020-04-21 10:08:50,FILIPE GONCALVES DE SOUZA NOGUEIRA DA SILVA,,,"8085676",
731,87,731,2020-04-23 17:52:39,ADRIANE AVERSAN,,,"6580866",
732,87,732,2020-04-23 17:52:40,ADRIANE AVERSAN,,,"6580866",
733,87,733,2020-04-23 17:52:41,ADRIANE AVERSAN,,,"6580866",
734,73,734,2020-04-23 18:25:24,FILIPE GONCALVES DE SOUZA NOGUEIRA DA SILVA,,,"8085676",
735,73,735,2020-04-23 18:25:24,FILIPE GONCALVES DE SOUZA NOGUEIRA DA SILVA,,,"8085676",
736,73,736,2020-04-23 18:25:25,FILIPE GONCALVES DE SOUZA NOGUEIRA DA SILVA,,,"8085676",
737,73,737,2020-04-23 18:25:25,FILIPE GONCALVES DE SOUZA NOGUEIRA DA SILVA,,,"8085676",
738,73,738,2020-04-23 18:29:48,FILIPE GONCALVES DE SOUZA NOGUEIRA DA SILVA,,,"8085676",
739,73,739,2020-04-23 18:29:48,FILIPE GONCALVES DE SOUZA NOGUEIRA DA SILVA,,,"8085676",
740,73,740,2020-04-23 18:29:49,FILIPE GONCALVES DE SOUZA NOGUEIRA DA SILVA,,,"8085676",
741,73,741,2020-04-23 18:29:49,FILIPE GONCALVES DE SOUZA NOGUEIRA DA SILVA,,,"8085676",
742,73,742,2020-04-23 18:38:59,FILIPE GONCALVES DE SOUZA NOGUEIRA DA SILVA,,,"8085676",
743,73,743,2020-04-23 18:38:59,FILIPE GONCALVES DE SOUZA NOGUEIRA DA SILVA,,,"8085676",
744,73,744,2020-04-23 18:38:59,FILIPE GONCALVES DE SOUZA NOGUEIRA DA SILVA,,,"8085676",
745,73,745,2020-04-23 18:39:00,FILIPE GONCALVES DE SOUZA NOGUEIRA DA SILVA,,,"8085676",
746,73,746,2020-04-23 18:43:04,ADRIANE AVERSAN,,,"6580866",
747,73,747,2020-04-23 18:43:04,ADRIANE AVERSAN,,,"6580866",
748,73,748,2020-04-23 18:43:04,ADRIANE AVERSAN,,,"6580866",
749,73,749,2020-04-23 18:43:04,ADRIANE AVERSAN,,,"6580866",
750,73,750,2020-04-24 09:44:43,FILIPE GONCALVES DE SOUZA NOGUEIRA DA SILVA,,,"8085676",
751,73,751,2020-04-24 09:44:43,FILIPE GONCALVES DE SOUZA NOGUEIRA DA SILVA,,,"8085676",
752,73,752,2020-04-24 09:44:43,FILIPE GONCALVES DE SOUZA NOGUEIRA DA SILVA,,,"8085676",
753,88,753,2020-04-25 16:13:00,SADAKO MORITA,,,"3135535",
754,88,754,2020-04-25 16:13:00,SADAKO MORITA,,,"3135535",
755,89,755,2020-04-26 16:11:15,FILIPE GONCALVES DE SOUZA NOGUEIRA DA SILVA,,,"8085676",
756,89,756,2020-04-26 16:11:16,FILIPE GONCALVES DE SOUZA NOGUEIRA DA SILVA,,,"8085676",
757,90,757,2020-04-28 19:28:56,ADALGISA GONCALVES,,,"6769195",
758,90,758,2020-04-28 19:28:57,ADALGISA GONCALVES,,,"6769195",
759,90,759,2020-04-28 19:28:57,ADALGISA GONCALVES,,,"6769195",
760,91,760,2020-04-29 16:16:49,SADAKO MORITA,,,"3135535",
761,91,761,2020-04-29 16:16:51,SADAKO MORITA,,,"3135535",
762,91,762,2020-04-29 16:16:52,SADAKO MORITA,,,"3135535",
763,92,763,2020-04-29 18:00:39,SADAKO MORITA,,,"3135535",
764,92,764,2020-04-29 18:00:39,SADAKO MORITA,,,"3135535",
765,92,765,2020-04-29 18:00:39,SADAKO MORITA,,,"3135535",
766,92,766,2020-04-29 18:00:48,SADAKO MORITA,,,"3135535",
767,92,767,2020-04-29 18:00:49,SADAKO MORITA,,,"3135535",
768,92,768,2020-04-29 18:00:49,SADAKO MORITA,,,"3135535",
769,92,769,2020-04-29 21:01:15,SADAKO MORITA,,,"3135535",
770,92,770,2020-04-29 21:01:16,SADAKO MORITA,,,"3135535",
771,92,771,2020-04-29 21:01:16,SADAKO MORITA,,,"3135535",
772,92,772,2020-04-29 18:02:21,SADAKO MORITA,,,"3135535",
773,92,773,2020-04-29 18:02:21,SADAKO MORITA,,,"3135535",
774,92,774,2020-04-29 18:02:21,SADAKO MORITA,,,"3135535",
775,93,775,2020-04-29 18:03:28,SADAKO MORITA,,,"3135535",
776,93,776,2020-04-29 18:03:28,SADAKO MORITA,,,"3135535",
777,93,777,2020-04-29 18:03:29,SADAKO MORITA,,,"3135535",
778,93,778,2020-04-29 18:03:29,SADAKO MORITA,,,"3135535",
779,94,779,2020-04-29 21:04:15,SADAKO MORITA,,,"3135535",
780,94,780,2020-04-29 21:04:15,SADAKO MORITA,,,"3135535",
781,94,781,2020-04-29 21:04:16,SADAKO MORITA,,,"3135535",
782,37,782,2020-04-30 09:09:10,DALVA DOS SANTOS,,,"7485433",
783,37,783,2020-04-30 09:09:12,DALVA DOS SANTOS,,,"7485433",
784,37,784,2020-04-30 09:09:12,DALVA DOS SANTOS,,,"7485433",
785,37,785,2020-04-30 09:10:05,ANA RITA GOMES DOS SANTOS,,,"6809324",
786,37,786,2020-04-30 09:10:05,ANA RITA GOMES DOS SANTOS,,,"6809324",
787,37,787,2020-04-30 09:10:06,ANA RITA GOMES DOS SANTOS,,,"6809324",
788,38,788,2020-04-30 09:11:09,DALVA DOS SANTOS,,,"7485433",
789,38,789,2020-04-30 09:11:10,DALVA DOS SANTOS,,,"7485433",
790,39,790,2020-04-30 09:14:22,ANA RITA GOMES DOS SANTOS,,,"6809324",
791,39,791,2020-04-30 09:14:22,ANA RITA GOMES DOS SANTOS,,,"6809324",
792,39,792,2020-04-30 09:15:00,DALVA DOS SANTOS,,,"7485433",
793,39,793,2020-04-30 09:15:01,DALVA DOS SANTOS,,,"7485433",
794,59,794,2020-04-30 09:15:53,ANA RITA GOMES DOS SANTOS,,,"6809324",
795,59,795,2020-04-30 09:15:54,ANA RITA GOMES DOS SANTOS,,,"6809324",
796,96,796,2020-04-30 11:49:23,FILIPE GONCALVES DE SOUZA NOGUEIRA DA SILVA,,,"8085676",
797,96,797,2020-04-30 11:49:23,FILIPE GONCALVES DE SOUZA NOGUEIRA DA SILVA,,,"8085676",
798,96,798,2020-04-30 11:49:23,FILIPE GONCALVES DE SOUZA NOGUEIRA DA SILVA,,,"8085676",
799,96,799,2020-04-30 11:49:42,FILIPE GONCALVES DE SOUZA NOGUEIRA DA SILVA,,,"8085676",
800,96,800,2020-04-30 11:49:42,FILIPE GONCALVES DE SOUZA NOGUEIRA DA SILVA,,,"8085676",
801,96,801,2020-04-30 11:49:42,FILIPE GONCALVES DE SOUZA NOGUEIRA DA SILVA,,,"8085676",
802,96,802,2020-04-30 11:51:20,FILIPE GONCALVES DE SOUZA NOGUEIRA DA SILVA,,,"8085676",
803,96,803,2020-04-30 11:51:20,FILIPE GONCALVES DE SOUZA NOGUEIRA DA SILVA,,,"8085676",
804,96,804,2020-04-30 11:51:20,FILIPE GONCALVES DE SOUZA NOGUEIRA DA SILVA,,,"8085676",
805,96,805,2020-04-30 11:59:37,FILIPE GONCALVES DE SOUZA NOGUEIRA DA SILVA,,,"8085676",
806,96,806,2020-04-30 11:59:38,FILIPE GONCALVES DE SOUZA NOGUEIRA DA SILVA,,,"8085676",
807,96,807,2020-04-30 11:59:38,FILIPE GONCALVES DE SOUZA NOGUEIRA DA SILVA,,,"8085676",
808,96,808,2020-04-30 12:07:42,FILIPE GONCALVES DE SOUZA NOGUEIRA DA SILVA,,,"8085676",
809,96,809,2020-04-30 12:07:43,FILIPE GONCALVES DE SOUZA NOGUEIRA DA SILVA,,,"8085676",
810,96,810,2020-04-30 12:07:43,FILIPE GONCALVES DE SOUZA NOGUEIRA DA SILVA,,,"8085676",
811,96,811,2020-04-30 12:17:26,FILIPE GONCALVES DE SOUZA NOGUEIRA DA SILVA,,,"8085676",
812,96,812,2020-04-30 12:17:26,FILIPE GONCALVES DE SOUZA NOGUEIRA DA SILVA,,,"8085676",
813,96,813,2020-04-30 12:17:27,FILIPE GONCALVES DE SOUZA NOGUEIRA DA SILVA,,,"8085676",
814,75,814,2020-04-30 12:57:06,FILIPE GONCALVES DE SOUZA NOGUEIRA DA SILVA,,,"8085676",
815,75,815,2020-04-30 12:57:06,FILIPE GONCALVES DE SOUZA NOGUEIRA DA SILVA,,,"8085676",
816,75,816,2020-04-30 12:57:06,FILIPE GONCALVES DE SOUZA NOGUEIRA DA SILVA,,,"8085676",
817,75,817,2020-05-01 16:28:43,FILIPE GONCALVES DE SOUZA NOGUEIRA DA SILVA,,,"8085676",
818,75,818,2020-05-01 16:28:44,FILIPE GONCALVES DE SOUZA NOGUEIRA DA SILVA,,,"8085676",
819,75,819,2020-05-01 16:28:44,FILIPE GONCALVES DE SOUZA NOGUEIRA DA SILVA,,,"8085676",
820,75,820,2020-05-01 16:31:01,FILIPE GONCALVES DE SOUZA NOGUEIRA DA SILVA,,,"8085676",
821,75,821,2020-05-01 16:31:02,FILIPE GONCALVES DE SOUZA NOGUEIRA DA SILVA,,,"8085676",
822,75,822,2020-05-01 16:31:02,FILIPE GONCALVES DE SOUZA NOGUEIRA DA SILVA,,,"8085676",
823,97,823,2020-05-04 12:52:26,ARACI NOBUE NAKANE CHAEBO GADUM,,,"7213000",
824,97,824,2020-05-04 12:52:29,ARACI NOBUE NAKANE CHAEBO GADUM,,,"7213000",
825,97,825,2020-05-04 12:52:30,ARACI NOBUE NAKANE CHAEBO GADUM,,,"7213000",
826,98,826,2020-05-04 12:52:39,ARACI NOBUE NAKANE CHAEBO GADUM,,,"7213000",
827,98,827,2020-05-04 12:52:39,ARACI NOBUE NAKANE CHAEBO GADUM,,,"7213000",
828,99,828,2020-05-04 12:52:46,ARACI NOBUE NAKANE CHAEBO GADUM,,,"7213000",
829,99,829,2020-05-04 12:52:47,ARACI NOBUE NAKANE CHAEBO GADUM,,,"7213000",
830,100,830,2020-05-04 12:52:50,ARACI NOBUE NAKANE CHAEBO GADUM,,,"7213000",
831,100,831,2020-05-04 12:52:50,ARACI NOBUE NAKANE CHAEBO GADUM,,,"7213000",
832,100,832,2020-05-04 12:52:51,ARACI NOBUE NAKANE CHAEBO GADUM,,,"7213000",
833,102,833,2020-05-04 09:55:44,MARCO ANTONIO RUEDA,,,"7442351",
834,102,834,2020-05-04 09:55:45,MARCO ANTONIO RUEDA,,,"7442351",
835,102,835,2020-05-04 09:55:46,MARCO ANTONIO RUEDA,,,"7442351",
836,103,836,2020-05-04 12:56:01,MARCO ANTONIO RUEDA,,,"7442351",
837,103,837,2020-05-04 12:56:02,MARCO ANTONIO RUEDA,,,"7442351",
838,103,838,2020-05-04 12:56:02,MARCO ANTONIO RUEDA,,,"7442351",
839,104,839,2020-05-04 12:56:18,MARCO ANTONIO RUEDA,,,"7442351",
840,104,840,2020-05-04 12:56:18,MARCO ANTONIO RUEDA,,,"7442351",
841,104,841,2020-05-04 12:56:19,MARCO ANTONIO RUEDA,,,"7442351",
842,105,842,2020-05-04 09:56:34,MARCO ANTONIO RUEDA,,,"7442351",
843,105,843,2020-05-04 09:56:35,MARCO ANTONIO RUEDA,,,"7442351",
844,105,844,2020-05-04 09:56:35,MARCO ANTONIO RUEDA,,,"7442351",
845,107,845,2020-05-04 10:00:24,MARCO ANTONIO RUEDA,,,"7442351",
846,107,846,2020-05-04 10:00:25,MARCO ANTONIO RUEDA,,,"7442351",
847,108,847,2020-05-04 10:00:41,MARCO ANTONIO RUEDA,,,"7442351",
848,108,848,2020-05-04 10:00:42,MARCO ANTONIO RUEDA,,,"7442351",
849,109,849,2020-05-04 10:00:59,MARCO ANTONIO RUEDA,,,"7442351",
850,109,850,2020-05-04 10:00:59,MARCO ANTONIO RUEDA,,,"7442351",
851,110,851,2020-05-04 10:01:16,MARCO ANTONIO RUEDA,,,"7442351",
852,110,852,2020-05-04 10:01:17,MARCO ANTONIO RUEDA,,,"7442351",
853,112,853,2020-05-04 10:07:33,MARCO ANTONIO RUEDA,,,"7442351",
854,112,854,2020-05-04 10:07:34,MARCO ANTONIO RUEDA,,,"7442351",
855,112,855,2020-05-04 10:07:34,MARCO ANTONIO RUEDA,,,"7442351",
856,113,856,2020-05-04 10:08:01,MARCO ANTONIO RUEDA,,,"7442351",
857,113,857,2020-05-04 10:08:01,MARCO ANTONIO RUEDA,,,"7442351",
858,113,858,2020-05-04 10:08:02,MARCO ANTONIO RUEDA,,,"7442351",
859,114,859,2020-05-04 10:08:17,MARCO ANTONIO RUEDA,,,"7442351",
860,114,860,2020-05-04 10:08:19,MARCO ANTONIO RUEDA,,,"7442351",
861,114,861,2020-05-04 10:08:20,MARCO ANTONIO RUEDA,,,"7442351",
862,115,862,2020-05-04 10:08:37,MARCO ANTONIO RUEDA,,,"7442351",
863,115,863,2020-05-04 10:08:37,MARCO ANTONIO RUEDA,,,"7442351",
864,115,864,2020-05-04 10:08:37,MARCO ANTONIO RUEDA,,,"7442351",
865,117,865,2020-05-04 10:11:55,MARCO ANTONIO RUEDA,,,"7442351",
866,117,866,2020-05-04 10:11:55,MARCO ANTONIO RUEDA,,,"7442351",
867,117,867,2020-05-04 10:11:55,MARCO ANTONIO RUEDA,,,"7442351",
868,118,868,2020-05-04 10:12:16,MARCO ANTONIO RUEDA,,,"7442351",
869,118,869,2020-05-04 10:12:16,MARCO ANTONIO RUEDA,,,"7442351",
870,118,870,2020-05-04 10:12:16,MARCO ANTONIO RUEDA,,,"7442351",
871,119,871,2020-05-04 10:12:57,MARCO ANTONIO RUEDA,,,"7442351",
872,119,872,2020-05-04 10:12:57,MARCO ANTONIO RUEDA,,,"7442351",
873,119,873,2020-05-04 10:12:58,MARCO ANTONIO RUEDA,,,"7442351",
874,120,874,2020-05-04 10:13:13,MARCO ANTONIO RUEDA,,,"7442351",
875,120,875,2020-05-04 10:13:15,MARCO ANTONIO RUEDA,,,"7442351",
876,120,876,2020-05-04 10:13:15,MARCO ANTONIO RUEDA,,,"7442351",
877,122,877,2020-05-04 10:16:51,MARCO ANTONIO RUEDA,,,"7442351",
878,122,878,2020-05-04 10:16:52,MARCO ANTONIO RUEDA,,,"7442351",
879,122,879,2020-05-04 10:16:53,MARCO ANTONIO RUEDA,,,"7442351",
880,123,880,2020-05-04 10:17:04,MARCO ANTONIO RUEDA,,,"7442351",
881,123,881,2020-05-04 10:17:05,MARCO ANTONIO RUEDA,,,"7442351",
882,123,882,2020-05-04 10:17:05,MARCO ANTONIO RUEDA,,,"7442351",
883,124,883,2020-05-04 10:17:21,MARCO ANTONIO RUEDA,,,"7442351",
884,124,884,2020-05-04 10:17:22,MARCO ANTONIO RUEDA,,,"7442351",
885,124,885,2020-05-04 10:17:23,MARCO ANTONIO RUEDA,,,"7442351",
886,125,886,2020-05-04 10:17:40,MARCO ANTONIO RUEDA,,,"7442351",
887,125,887,2020-05-04 10:17:40,MARCO ANTONIO RUEDA,,,"7442351",
888,125,888,2020-05-04 10:17:40,MARCO ANTONIO RUEDA,,,"7442351",
889,127,889,2020-05-04 13:40:18,MARCO ANTONIO RUEDA,,,"7442351",
890,127,890,2020-05-04 13:40:19,MARCO ANTONIO RUEDA,,,"7442351",
891,127,891,2020-05-04 13:40:20,MARCO ANTONIO RUEDA,,,"7442351",
892,128,892,2020-05-04 14:26:44,SADAKO MORITA,,,"3135535",
893,128,893,2020-05-04 14:26:45,SADAKO MORITA,,,"3135535",
894,128,894,2020-05-04 14:26:45,SADAKO MORITA,,,"3135535",
895,129,895,2020-05-04 14:46:55,CARLA REGIANE CAMARA RIOS,,,"8027129",
896,129,896,2020-05-04 14:46:57,CARLA REGIANE CAMARA RIOS,,,"8027129",
897,129,897,2020-05-04 14:46:57,CARLA REGIANE CAMARA RIOS,,,"8027129",
898,130,898,2020-05-04 17:53:46,SADAKO MORITA,,,"3135535",
899,130,899,2020-05-04 17:53:47,SADAKO MORITA,,,"3135535",
900,130,900,2020-05-04 17:54:17,CARLA REGIANE CAMARA RIOS,,,"8027129",
901,130,901,2020-05-04 17:54:17,CARLA REGIANE CAMARA RIOS,,,"8027129",
902,130,902,2020-05-04 17:54:17,CARLA REGIANE CAMARA RIOS,,,"8027129",
903,129,903,2020-05-04 14:55:24,SADAKO MORITA,,,"3135535",
904,129,904,2020-05-04 14:55:24,SADAKO MORITA,,,"3135535",
905,131,905,2020-05-04 14:56:46,CARLA REGIANE CAMARA RIOS,,,"8027129",
906,131,906,2020-05-04 14:56:46,CARLA REGIANE CAMARA RIOS,,,"8027129",
907,127,907,2020-05-04 16:19:50,ELISA MARIA VELOSO CAMERA,,,"7272936",
908,127,908,2020-05-04 16:19:51,ELISA MARIA VELOSO CAMERA,,,"7272936",
909,127,909,2020-05-04 16:19:51,ELISA MARIA VELOSO CAMERA,,,"7272936",
910,127,910,2020-05-04 19:19:51,ELISA MARIA VELOSO CAMERA,,,"7272936",
911,127,911,2020-05-04 19:19:53,ELISA MARIA VELOSO CAMERA,,,"7272936",
912,127,912,2020-05-04 19:19:56,ELISA MARIA VELOSO CAMERA,,,"7272936",
913,132,913,2020-05-04 16:27:23,SADAKO MORITA,,,"3135535",
914,132,914,2020-05-04 16:27:24,SADAKO MORITA,,,"3135535",
915,132,915,2020-05-04 16:27:25,SADAKO MORITA,,,"3135535",
916,132,916,2020-05-04 16:27:25,SADAKO MORITA,,,"3135535",
917,127,917,2020-05-04 19:36:24,ELISA MARIA VELOSO CAMERA,,,"7272936",
918,127,918,2020-05-04 19:36:26,ELISA MARIA VELOSO CAMERA,,,"7272936",
919,127,919,2020-05-04 19:36:30,ELISA MARIA VELOSO CAMERA,,,"7272936",
920,59,920,2020-05-04 16:48:36,ANA RITA GOMES DOS SANTOS,,,"6809324",
921,59,921,2020-05-04 16:48:38,ANA RITA GOMES DOS SANTOS,,,"6809324",
922,134,922,2020-05-04 17:04:50,ANA RITA GOMES DOS SANTOS,,,"6809324",
923,134,923,2020-05-04 17:04:50,ANA RITA GOMES DOS SANTOS,,,"6809324",
924,134,924,2020-05-04 17:04:51,ANA RITA GOMES DOS SANTOS,,,"6809324",
925,136,925,2020-05-04 18:01:26,VALDIR ZUCCHERATTO,,,"6963102",
926,136,926,2020-05-04 18:01:26,VALDIR ZUCCHERATTO,,,"6963102",
927,136,927,2020-05-04 18:01:27,VALDIR ZUCCHERATTO,,,"6963102",
928,136,928,2020-05-04 18:01:28,VALDIR ZUCCHERATTO,,,"6963102",
929,138,929,2020-05-04 19:05:13,ABIGAIL LOMBARDI,,,"8215821",
930,138,930,2020-05-04 19:05:15,ABIGAIL LOMBARDI,,,"8215821",
931,138,931,2020-05-04 19:05:16,ABIGAIL LOMBARDI,,,"8215821",
932,139,932,2020-05-04 22:52:33,ANDRESSA DE CASTRO DELL ELBA GOMES ANCETTI,,,"7920989",
933,139,933,2020-05-04 22:52:36,ANDRESSA DE CASTRO DELL ELBA GOMES ANCETTI,,,"7920989",
934,139,934,2020-05-04 22:52:36,ANDRESSA DE CASTRO DELL ELBA GOMES ANCETTI,,,"7920989",
935,68,935,2020-05-05 02:34:24,FILIPE GONCALVES DE SOUZA NOGUEIRA DA SILVA,,,"8085676",
936,75,936,2020-05-07 16:53:10,FILIPE GONCALVES DE SOUZA NOGUEIRA DA SILVA,,,"8085676",
937,75,937,2020-05-07 16:53:11,FILIPE GONCALVES DE SOUZA NOGUEIRA DA SILVA,,,"8085676",
938,75,938,2020-05-07 16:53:11,FILIPE GONCALVES DE SOUZA NOGUEIRA DA SILVA,,,"8085676",
939,75,939,2020-05-07 16:53:14,FILIPE GONCALVES DE SOUZA NOGUEIRA DA SILVA,,,"8085676",
940,75,940,2020-05-07 17:00:58,FILIPE GONCALVES DE SOUZA NOGUEIRA DA SILVA,,,"8085676",
941,75,941,2020-05-07 17:00:58,FILIPE GONCALVES DE SOUZA NOGUEIRA DA SILVA,,,"8085676",
942,75,942,2020-05-07 17:00:59,FILIPE GONCALVES DE SOUZA NOGUEIRA DA SILVA,,,"8085676",
943,75,943,2020-05-07 17:00:59,FILIPE GONCALVES DE SOUZA NOGUEIRA DA SILVA,,,"8085676",
944,128,944,2020-05-11 15:51:06,JOSELY ANGELA CARRUBBA,,,"7217757",
945,128,945,2020-05-11 15:51:07,JOSELY ANGELA CARRUBBA,,,"7217757",
946,128,946,2020-05-11 15:51:08,JOSELY ANGELA CARRUBBA,,,"7217757",
947,90,947,2020-05-15 19:08:22,ADALGISA GONCALVES,,,"6769195",
948,90,948,2020-05-15 19:08:26,ADALGISA GONCALVES,,,"6769195",
949,90,949,2020-05-15 19:08:29,ADALGISA GONCALVES,,,"6769195",
950,90,950,2020-05-15 19:08:30,ADALGISA GONCALVES,,,"6769195",
951,141,951,2020-05-19 20:11:30,ADALGISA GONCALVES,,,"6769195",
952,144,952,2020-06-19 19:28:01,ESTER CUSTODIA DOS SANTOS,,,"6926886",
953,144,953,2020-06-19 19:28:01,ESTER CUSTODIA DOS SANTOS,,,"6926886",
954,143,954,2020-06-19 19:28:16,ESTER CUSTODIA DOS SANTOS,,,"6926886",
955,143,955,2020-06-19 19:28:17,ESTER CUSTODIA DOS SANTOS,,,"6926886",
956,73,956,2020-06-22 17:35:05,FILIPE GONCALVES DE SOUZA NOGUEIRA DA SILVA,,,"8085676",
957,73,957,2020-06-22 17:35:06,FILIPE GONCALVES DE SOUZA NOGUEIRA DA SILVA,,,"8085676",
958,73,958,2020-06-22 17:35:07,FILIPE GONCALVES DE SOUZA NOGUEIRA DA SILVA,,,"8085676",
959,145,959,2020-06-24 08:47:03,ROSANE MARTINS DA CRUZ,,,"6773559",
960,145,960,2020-06-24 08:47:03,ROSANE MARTINS DA CRUZ,,,"6773559",
961,146,961,2020-06-24 08:47:09,ROSANE MARTINS DA CRUZ,,,"6773559",
962,147,962,2020-06-24 08:47:11,ROSANE MARTINS DA CRUZ,,,"6773559",
963,152,963,2020-06-24 09:19:51,ROSANE MARTINS DA CRUZ,,,"6773559",
964,153,964,2020-06-24 09:19:51,ROSANE MARTINS DA CRUZ,,,"6773559",
965,154,965,2020-06-24 09:20:08,ROSANE MARTINS DA CRUZ,,,"6773559",
966,155,966,2020-06-24 09:20:13,ROSANE MARTINS DA CRUZ,,,"6773559",
967,156,967,2020-06-24 10:02:40,ROSANE MARTINS DA CRUZ,,,"6773559",
968,156,968,2020-06-24 10:02:40,ROSANE MARTINS DA CRUZ,,,"6773559",
969,157,969,2020-06-24 10:02:42,ROSANE MARTINS DA CRUZ,,,"6773559",
970,157,970,2020-06-24 10:02:43,ROSANE MARTINS DA CRUZ,,,"6773559",
971,158,971,2020-06-24 10:02:49,ROSANE MARTINS DA CRUZ,,,"6773559",
972,158,972,2020-06-24 10:02:49,ROSANE MARTINS DA CRUZ,,,"6773559",
973,158,973,2020-06-24 10:02:49,ROSANE MARTINS DA CRUZ,,,"6773559",
974,87,974,2020-06-24 10:03:19,ROSANE MARTINS DA CRUZ,,,"6773559",
975,87,975,2020-06-24 10:03:19,ROSANE MARTINS DA CRUZ,,,"6773559",
976,160,976,2020-07-01 16:03:13,ADALGISA GONCALVES,,,"6769195",
977,160,977,2020-07-01 16:03:14,ADALGISA GONCALVES,,,"6769195",
978,160,978,2020-07-01 16:03:14,ADALGISA GONCALVES,,,"6769195",
979,162,979,2020-07-08 16:37:41,ALESSANDRA SYNESIO ANTUNE RIBEIRO,,,"7778287",
980,162,980,2020-07-08 16:37:42,ALESSANDRA SYNESIO ANTUNE RIBEIRO,,,"7778287",
981,162,981,2020-07-08 16:37:42,ALESSANDRA SYNESIO ANTUNE RIBEIRO,,,"7778287",
982,164,982,2020-07-08 19:35:06,ALESSANDRA SYNESIO ANTUNE RIBEIRO,,,"7778287",
983,164,983,2020-07-08 19:35:06,ALESSANDRA SYNESIO ANTUNE RIBEIRO,,,"7778287",
984,164,984,2020-07-08 19:35:06,ALESSANDRA SYNESIO ANTUNE RIBEIRO,,,"7778287",
985,166,985,2020-07-08 23:32:49,CLEIDE VIANA VANDERLEI,,,"6804446",
986,166,986,2020-07-08 23:32:49,CLEIDE VIANA VANDERLEI,,,"6804446",
987,166,987,2020-07-08 23:32:51,CLEIDE VIANA VANDERLEI,,,"6804446",
988,168,988,2020-07-16 10:49:31,ADALGISA GONCALVES,,,"6769195",
989,168,989,2020-07-16 10:49:31,ADALGISA GONCALVES,,,"6769195",
990,168,990,2020-07-16 10:49:31,ADALGISA GONCALVES,,,"6769195",
991,168,991,2020-07-16 10:49:32,ADALGISA GONCALVES,,,"6769195",
992,68,992,2020-07-21 11:49:17,ANA PAULA QUADRINI GARCIA,,,"8536236",
993,68,993,2020-07-21 11:49:18,ANA PAULA QUADRINI GARCIA,,,"8536236",
994,166,994,2020-07-21 16:24:59,LILIAN REGINA DA SILVA IANISHI,,,"7913583",
995,166,995,2020-07-21 16:24:59,LILIAN REGINA DA SILVA IANISHI,,,"7913583",
996,166,996,2020-07-21 16:25:00,LILIAN REGINA DA SILVA IANISHI,,,"7913583",
997,172,997,2020-07-22 06:52:20,LILIAN REGINA DA SILVA IANISHI,,,"7913583",
998,172,998,2020-07-22 06:52:21,LILIAN REGINA DA SILVA IANISHI,,,"7913583",
999,174,999,2020-07-22 19:51:30,FILIPE GONCALVES DE SOUZA NOGUEIRA DA SILVA,,,"8085676",
1000,174,1000,2020-07-22 19:51:30,FILIPE GONCALVES DE SOUZA NOGUEIRA DA SILVA,,,"8085676",
1001,59,1001,2020-08-06 01:28:41,ALINE BARROS CAVALCANTE DE CARLOS,,,"7927649",
1002,90,1002,2020-08-16 16:22:44,ADALGISA GONCALVES,,,"6769195",
1003,90,1003,2020-08-16 16:22:45,ADALGISA GONCALVES,,,"6769195",
1004,90,1004,2020-08-16 16:22:46,ADALGISA GONCALVES,,,"6769195",
1005,90,1005,2020-08-16 16:22:46,ADALGISA GONCALVES,,,"6769195",
