"id","tipo_calendario_id","bimestre","periodo_inicio","periodo_fim","alterado_por","alterado_rf","alterado_em","criado_por","criado_rf","criado_em","migrado"
5,2,1,2020-01-01 00:00:00,2020-04-30 00:00:00,,,,RONALDO JOSE DA SILVEIRA,"6941583",2020-01-07 13:19:47,false
6,2,2,2020-05-04 00:00:00,2020-07-03 00:00:00,,,,RONALDO JOSE DA SILVEIRA,"6941583",2020-01-07 13:19:47,false
7,3,1,2020-07-20 00:00:00,2020-09-30 00:00:00,,,,MARLON GONCALVES,"",2020-01-10 13:09:32,false
8,3,2,2020-10-01 00:00:00,2020-12-31 00:00:00,,,,MARLON GONCALVES,"",2020-01-10 13:09:32,false
37,24,3,2020-11-01 00:00:00,2020-11-30 00:00:00,HELOISA MARIA DE MORAIS GIANNICHI,"7944560",2020-08-13 12:51:56,HELOISA MARIA DE MORAIS GIANNICHI,"7944560",2020-07-23 19:32:20,false
38,24,4,2020-12-01 00:00:00,2020-12-31 00:00:00,HELOISA MARIA DE MORAIS GIANNICHI,"7944560",2020-08-13 12:51:56,HELOISA MARIA DE MORAIS GIANNICHI,"7944560",2020-07-23 19:32:20,false
17,18,1,2020-02-05 00:00:00,2020-04-30 00:00:00,GABRIELA MANZOLLI ROWLANDS LOPES,"7924488",2020-07-15 19:33:40,HELOISA MARIA DE MORAIS GIANNICHI,"7944560",2020-03-27 13:12:42,false
18,18,2,2020-05-01 00:00:00,2020-09-30 00:00:00,GABRIELA MANZOLLI ROWLANDS LOPES,"7924488",2020-07-15 19:33:40,HELOISA MARIA DE MORAIS GIANNICHI,"7944560",2020-03-27 13:12:42,false
25,21,1,2020-01-01 00:00:00,2020-01-31 00:00:00,,,,HELOISA MARIA DE MORAIS GIANNICHI,"7944560",2020-04-18 20:08:32,false
26,21,2,2020-02-01 00:00:00,2020-02-29 00:00:00,,,,HELOISA MARIA DE MORAIS GIANNICHI,"7944560",2020-04-18 20:08:32,false
27,21,3,2020-03-01 00:00:00,2020-03-31 00:00:00,,,,HELOISA MARIA DE MORAIS GIANNICHI,"7944560",2020-04-18 20:08:32,false
28,21,4,2020-04-01 00:00:00,2020-04-30 00:00:00,,,,HELOISA MARIA DE MORAIS GIANNICHI,"7944560",2020-04-18 20:08:32,false
23,20,1,2020-03-02 00:00:00,2020-04-01 00:00:00,,,,HELOISA MARIA DE MORAIS GIANNICHI,"7944560",2020-04-06 15:43:01,false
24,20,2,2020-04-02 00:00:00,2020-05-01 00:00:00,,,,HELOISA MARIA DE MORAIS GIANNICHI,"7944560",2020-04-06 15:43:01,false
19,19,1,2020-01-01 00:00:00,2020-01-20 00:00:00,HELOISA MARIA DE MORAIS GIANNICHI,"7944560",2020-04-08 03:03:42,HELOISA MARIA DE MORAIS GIANNICHI,"7944560",2020-03-28 19:18:54,false
20,19,2,2020-01-21 00:00:00,2020-02-17 00:00:00,HELOISA MARIA DE MORAIS GIANNICHI,"7944560",2020-04-08 03:03:42,HELOISA MARIA DE MORAIS GIANNICHI,"7944560",2020-03-28 19:18:54,false
21,19,3,2020-02-24 00:00:00,2020-03-09 00:00:00,HELOISA MARIA DE MORAIS GIANNICHI,"7944560",2020-04-08 03:03:42,HELOISA MARIA DE MORAIS GIANNICHI,"7944560",2020-03-28 19:18:54,false
22,19,4,2020-03-10 00:00:00,2020-04-17 00:00:00,HELOISA MARIA DE MORAIS GIANNICHI,"7944560",2020-04-08 03:03:42,HELOISA MARIA DE MORAIS GIANNICHI,"7944560",2020-03-28 19:18:54,false
35,24,1,2020-01-01 00:00:00,2020-07-31 00:00:00,HELOISA MARIA DE MORAIS GIANNICHI,"7944560",2020-08-13 12:51:56,HELOISA MARIA DE MORAIS GIANNICHI,"7944560",2020-07-23 19:32:20,false
36,24,2,2020-08-01 00:00:00,2020-10-31 00:00:00,HELOISA MARIA DE MORAIS GIANNICHI,"7944560",2020-08-13 12:51:56,HELOISA MARIA DE MORAIS GIANNICHI,"7944560",2020-07-23 19:32:20,false
1,17,1,2020-02-05 00:00:00,2020-04-03 00:00:00,HELOISA MARIA DE MORAIS GIANNICHI,"7944560",2020-07-22 06:41:35,RONALDO JOSE DA SILVEIRA,"6941583",2020-01-07 13:19:18,false
2,17,2,2020-04-06 00:00:00,2020-04-10 00:00:00,HELOISA MARIA DE MORAIS GIANNICHI,"7944560",2020-07-22 06:41:35,RONALDO JOSE DA SILVEIRA,"6941583",2020-01-07 13:19:18,false
13,10,1,2019-02-05 00:00:00,2019-04-30 00:00:00,HELOISA MARIA DE MORAIS GIANNICHI,"7944560",2020-07-09 01:48:49,MARLON GONCALVES,"",2020-01-19 19:59:15,false
14,10,2,2019-05-01 00:00:00,2019-07-05 00:00:00,HELOISA MARIA DE MORAIS GIANNICHI,"7944560",2020-07-09 01:48:49,MARLON GONCALVES,"",2020-01-19 19:59:15,false
15,10,3,2019-07-08 00:00:00,2019-07-12 00:00:00,HELOISA MARIA DE MORAIS GIANNICHI,"7944560",2020-07-09 01:48:49,MARLON GONCALVES,"",2020-01-19 19:59:15,false
3,17,3,2020-04-13 00:00:00,2020-06-01 00:00:00,HELOISA MARIA DE MORAIS GIANNICHI,"7944560",2020-07-22 06:41:35,RONALDO JOSE DA SILVEIRA,"6941583",2020-01-07 13:19:18,false
16,10,4,2019-07-15 00:00:00,2019-12-22 00:00:00,HELOISA MARIA DE MORAIS GIANNICHI,"7944560",2020-07-09 01:48:49,MARLON GONCALVES,"",2020-01-19 19:59:15,false
29,22,1,2020-07-02 00:00:00,2020-09-30 00:00:00,,,,HELOISA MARIA DE MORAIS GIANNICHI,"7944560",2020-05-02 18:03:39,false
30,22,2,2020-10-01 00:00:00,2020-12-31 00:00:00,,,,HELOISA MARIA DE MORAIS GIANNICHI,"7944560",2020-05-02 18:03:39,false
4,17,4,2020-06-02 00:00:00,2020-11-30 00:00:00,HELOISA MARIA DE MORAIS GIANNICHI,"7944560",2020-07-22 06:41:35,RONALDO JOSE DA SILVEIRA,"6941583",2020-01-07 13:19:18,false
31,23,1,2018-01-01 00:00:00,2018-02-01 00:00:00,,,,HELOISA MARIA DE MORAIS GIANNICHI,"7944560",2020-07-22 20:31:03,false
32,23,2,2018-02-02 00:00:00,2018-04-01 00:00:00,,,,HELOISA MARIA DE MORAIS GIANNICHI,"7944560",2020-07-22 20:31:03,false
33,23,3,2018-05-02 00:00:00,2018-06-01 00:00:00,,,,HELOISA MARIA DE MORAIS GIANNICHI,"7944560",2020-07-22 20:31:03,false
34,23,4,2018-07-01 00:00:00,2018-12-30 00:00:00,,,,HELOISA MARIA DE MORAIS GIANNICHI,"7944560",2020-07-22 20:31:03,false
