"id","ue_id","dre_id","nome","tipo_escola","data_atualizacao"
1,"094765",1,"MAXIMO DE MOURA SANTOS, PROF.",1,2020-01-07
2,"099121",2,"DOMINGOS RUBINO, PROF.",16,2020-01-07
3,"092690",3,"AMORIM LIMA, DES.",1,2020-01-07
4,"092703",3,"THEODOMIRO DIAS, DES.",1,2020-01-07
5,"093149",3,"OLAVO PEZZOTTI, PROF.",1,2020-01-07
6,"092681",3,JOSE DE ALCANTARA MACHADO FILHO,1,2020-01-07
7,"099261",3,TEOFILO BENEDITO OTTONI,1,2020-01-07
8,"011924",3,"MARIA ALICE BORGES GHION, PROFA.",1,2020-01-07
9,"019417",3,JARDIM PAULO VI,1,2020-01-07
10,"092797",3,JULIO MESQUITA,1,2020-01-07
11,"092711",3,"DEODORO DA FONSECA, MAL.",1,2020-01-07
12,"093131",3,"MARIA ANTONIETA D'ALKIMIN BASTO, PROFA.",1,2020-01-07
13,"019160",3,"ILEUSA CAETANO DA SILVA, PROFA.",1,2020-01-07
14,"092851",3,"EUCLYDES DE OLIVEIRA FIGUEIREDO, GEN.",1,2020-01-07
15,"000477",3,"EDA TEREZINHA CHICA MEDEIROS, PROFA.",1,2020-01-07
16,"092754",3,"ALCIDES GONCALVES ETCHEGOYEN, GEN.",1,2020-01-07
17,"092843",3,"ROBERTO MANGE, PROF.",1,2020-01-07
18,"092789",3,"LUIZ EDUARDO MATARAZZO, CDE.",1,2020-01-07
19,"092801",3,IBRAHIM NOBRE,1,2020-01-07
20,"092771",3,SOLANO TRINDADE,1,2020-01-07
21,"092738",3,TARSILA DO AMARAL,1,2020-01-07
22,"019551",3,"CESAR ARRUDA CASTANHO, DEP.",16,2020-01-07
23,"092720",3,"ARTHUR WHITAKER, DES.",1,2020-01-07
24,"000191",3,"ALIPIO CORREA NETO, PROF.",1,2020-01-07
25,"099287",3,VIANNA MOOG,1,2020-01-07
26,"092762",3,JOAO XXIII,1,2020-01-07
27,"092827",3,"ALVARO SILVA BRAGA, GEN.",1,2020-01-07
28,"099589",3,PEDRO NAVA,1,2020-01-07
29,"092746",3,"ALIPIO ANDRADA SERPA, TTE.",1,2020-01-07
30,"019262",3,BUTANTA,16,2020-01-07
31,"092819",3,BRASIL-JAPAO,1,2020-01-07
32,"019416",3,VILA MUNCK,1,2020-01-07
33,"097047",3,"EDUCANDARIO DOM DUARTE, ANEXA AO",1,2020-01-07
34,"019249",3,"DAISY AMADIO FUJIWARA, PROFA.",1,2020-01-07
35,"093165",3,"JOSE DIAS DA SILVEIRA, DR.",1,2020-01-07
36,"000311",4,"ANTONIO ALVES DA SILVA, SG.",1,2020-01-07
37,"093033",4,MAURICIO SIMAO,1,2020-01-07
38,"093017",4,"ADHEMAR DE BARROS, PREF.",1,2020-01-07
39,"092894",4,"MARIO MARQUES DE OLIVEIRA, PROF.",1,2020-01-07
40,"092916",4,ANTONIO ESTANISLAU DO AMARAL,1,2020-01-07
41,"019424",4,MARLI FERRAZ TORRES BONFIM,1,2020-01-07
42,"019500",4,HERBERT DE SOUZA - BETINHO,1,2020-01-07
43,"099350",4,"22 DE MARCO",1,2020-01-07
44,"099686",4,"RICARDO VITIELLO, PROF.",1,2020-01-07
45,"000566",4,TERESA MARGARIDA DA SILVA E ORTA,1,2020-01-07
46,"092941",4,EUCLIDES DA CUNHA,1,2020-01-07
47,"099112",4,PRACINHAS DA FEB,1,2020-01-07
48,"019275",4,FRANCISCO REBOLO,1,2020-01-07
49,"019283",4,"JOSE BLOTA JUNIOR, DEP.",1,2020-01-07
50,"010154",4,MAURO FACCIO GONCALVES - ZACARIA,1,2020-01-07
51,"010162",4,"LORENCO MANOEL SPARAPAN, PROF.",1,2020-01-07
52,"092932",4,"JORGE AMERICANO, PROF.",1,2020-01-07
53,"019308",4,HERMES FERREIRA DE SOUZA,16,2020-01-07
54,"092860",4,"MARIO MOURA E ALBUQUERQUE, BEL.",1,2020-01-07
55,"092967",4,"LEVY DE AZEVEDO SODRE, PROF.",1,2020-01-07
56,"093084",4,"DE GAULLE, GEN.",1,2020-01-07
57,"019492",4,"EDIVALDO DOS SANTOS DANTAS, PROF.",1,2020-01-07
58,"019384",4,PARAISOPOLIS,16,2020-01-07
59,"019422",4,M BOI MIRIM I,1,2020-01-07
60,"087319",4,"THEODOMIRO MONTEIRO DO AMARAL, PROF.",1,2020-01-07
61,"093050",4,"SYNESIO ROCHA, MIN.",1,2020-01-07
62,"099228",4,"JOAO PEDRO DE CARVALHO NETO, DR.",1,2020-01-07
63,"093025",4,"PALIMERCIO DE REZENDE, CEL.",1,2020-01-07
64,"019430",4,CAMPO LIMPO III -LUISA ROSARIA DE OLIVEIRA DIAS,1,2020-01-07
65,"092991",4,"AIRTON ARANTES RIBEIRO, PROF.",1,2020-01-07
66,"019428",4,SOCRATES BRASILEIRO SAMPAIO DE SOUSA VIEIRA DE OLIVEIRA,1,2020-01-07
67,"019348",4,GIANFRANCESCO GUARNIERI,1,2020-01-07
68,"019247",4,TEREZINHA MOTA DE FIGUEIREDO,1,2020-01-07
69,"019712",4,"MARIA BERENICE DOS SANTOS, PROFA.",1,2020-01-07
70,"019222",4,"VEREMUNDO TOTH, DOM",1,2020-01-07
71,"092983",4,PROCOPIO FERREIRA,1,2020-01-07
72,"016713",4,ANNA SILVEIRA PEDREIRA,1,2020-01-07
73,"092878",4,"CAROLINA RENNO RIBEIRO DE OLIVEIRA, PROFA.",1,2020-01-07
74,"018830",4,"PAULO FREIRE, PROF.",1,2020-01-07
75,"093092",4,FAGUNDES VARELLA,1,2020-01-07
76,"019526",4,DONATO SUSUMU KIMURA,1,2020-01-07
77,"099104",4,DEZOITO DO FORTE,1,2020-01-07
78,"092886",4,OLIVEIRA VIANA,1,2020-01-07
79,"092975",4,OTONIEL MOTA,1,2020-01-07
80,"010421",4,"CYRO ALBUQUERQUE, DEP.",1,2020-01-07
81,"019360",4,MARIO FITTIPALDI,16,2020-01-07
82,"019421",4,"JOSE FRANCISCO CAVALCANTE, PROF",1,2020-01-07
83,"012939",4,JOSE OLYMPIO PEREIRA FILHO,1,2020-01-07
84,"092908",4,"CLEMENTE PASTORE, PROF.",1,2020-01-07
85,"099236",4,MODESTO SCAGLIUSI,1,2020-01-07
86,"093041",4,LEONARDO VILLAS BOAS,1,2020-01-07
87,"019372",4,CHACARA SONHO AZUL,1,2020-01-07
88,"019383",4,JOSE SARAMAGO,16,2020-01-07
89,"019303",4,CASA BLANCA,16,2020-01-07
90,"010146",4,MARIA RITA LOPES PONTES - IRMA DULCE,1,2020-01-07
91,"092924",4,"MARIO RANGEL, CEL.",1,2020-01-07
92,"019370",4,"JARDIM MITSUTANI I - PAULO PATARRA, JORNALISTA",1,2020-01-07
93,"092959",4,"IRACEMA MARQUES DA SILVEIRA, PROFA.",1,2020-01-07
94,"019267",4,"MARIA RITA DE CASSIA PINHEIRO SIMOES BRAGA, PROFA.",1,2020-01-07
95,"019362",4,VILA DO SOL,16,2020-01-07
96,"019434",4,CAMPO LIMPO II,1,2020-01-07
97,"019423",4,M BOI MIRIM II,1,2020-01-07
98,"019431",4,"MILLOR FERNANDES, JORNALISTA",1,2020-01-07
99,"000281",4,"VERA LUCIA FUSCO BORBA, PROFA.",1,2020-01-07
100,"019361",4,CANTOS DO AMANHECER,16,2020-01-07
101,"093068",4,ZULMIRA CAVALHEIRO FAUSTINO,1,2020-01-07
102,"093009",4,"LUIZ TENORIO DE BRITO, CEL.",1,2020-01-07
103,"019335",4,FEITICO DA VILA,16,2020-01-07
104,"019466",4,PERIMETRAL,1,2020-01-07
105,"093076",4,"PAULO COLOMBO PEREIRA DE QUEIROZ, DES.",1,2020-01-07
106,"093327",5,"AFRANIO DE MELLO FRANCO, DR.",1,2020-01-07
107,"018546",5,"DAMIAO, FREI",1,2020-01-07
108,"019194",5,PEDRO GERALDO SCHUNCK,1,2020-01-07
109,"019321",5,LOURIVAL BRANDAO DOS SANTOS,1,2020-01-07
110,"019243",5,"MARINA MELANDER COUTINHO, PROFA",1,2020-01-07
111,"093360",5,"ELIZA RACHEL MACEDO DE SOUZA, PROFA.",1,2020-01-07
112,"093386",5,JOAQUIM BENTO ALVES DE LIMA NETO,1,2020-01-07
113,"099791",5,PLINIO SALGADO,1,2020-01-07
114,"019228",5,"JOSE PEGORARO, PE.",1,2020-01-07
115,"019474",5,VARGEM GRANDE II,1,2020-01-07
116,"019276",5,TRES LAGOS,16,2020-01-07
117,"093416",5,"JOSE AMADEI, ENG.",1,2020-01-07
118,"093351",5,"MILTON FERREIRA DE ALBUQUERQUE, PROF.",1,2020-01-07
119,"019496",5,PLINIO MARCOS,1,2020-01-07
120,"019440",5,"GENY MARIA MUNIZ ALMEIDA KLEIN PUSSINELLI, PROFA.",1,2020-01-07
121,"093297",5,PLACIDO DE CASTRO,1,2020-01-07
122,"019313",5,MANOEL VIEIRA DE QUEIROZ FILHO,16,2020-01-07
123,"019305",5,JOAO DA SILVA,1,2020-01-07
124,"019254",5,"AYRTON OLIVEIRA SAMPAIO, PROF.",1,2020-01-07
125,"019406",5,CONSTELACAO DO INDIO,1,2020-01-07
126,"093301",5,HEITOR DE ANDRADE,1,2020-01-07
127,"093394",5,"TEODOMIRO TOLEDO PIZA, DES.",1,2020-01-07
128,"019336",5,VILA RUBI,16,2020-01-07
129,"093319",5,"ALMEIDA JUNIOR, PROF.",1,2020-01-07
130,"093424",5,"MIGUEL VIEIRA FERREIRA, DR.",1,2020-01-07
131,"093378",5,"MANOEL DE ABREU, DR.",1,2020-01-07
132,"019263",5,CIDADE DUTRA,16,2020-01-07
133,"093343",5,OLEGARIO MARIANO,1,2020-01-07
134,"019674",5,JARDIM ELIANA,16,2020-01-07
135,"019436",5,CARLOS FRANCISCO GASPAR,1,2020-01-07
136,"016501",5,"FLORESTAN FERNANDES, PROF.",1,2020-01-07
137,"012688",5,ULYSSES DA SYLVEIRA GUIMARAES,1,2020-01-07
138,"093408",5,PAULO SETUBAL,1,2020-01-07
139,"019291",5,VARGEM GRANDE,1,2020-01-07
140,"019439",5,"ALDINA ANALIA AGOSTINHA TADDEO CONDE, PROFA",1,2020-01-07
141,"093335",5,JOAO DE DEUS CARDOSO DE MELLO,1,2020-01-07
142,"019462",6,"LILIAN MASO, PROFA",1,2020-01-07
143,"094340",6,"AROLDO DE AZEVEDO, PROF.",1,2020-01-07
144,"094358",6,"ANGELINA MAFFEI VITA, DA.",1,2020-01-07
145,"094242",6,"ANTONIO PRUDENTE, PROF.",1,2020-01-07
146,"000299",6,"ROBERTO PATRICIO, PROF.",1,2020-01-07
147,"019394",6,"CAIRA ALAYDE ALVARENGA MEDEA, PROFA",1,2020-01-07
148,"094234",6,THEO DUTRA,1,2020-01-07
149,"094226",6,"RAUL FERNANDES, EMB.",1,2020-01-07
150,"094161",6,"NILO PECANHA, PRES.",1,2020-01-07
151,"094188",6,"JOANINHA GRASSI FAGUNDES, PROFA.",1,2020-01-07
152,"019350",6,"JOSE HERMINIO RODRIGUES, CEL. PM",1,2020-01-07
153,"094251",6,"SEBASTIAO NOGUEIRA DE LIMA, DES.",1,2020-01-07
154,"094366",6,"GARCIA DAVILA, CTE.",1,2020-01-07
155,"019405",6,"GILBERTO DUPAS, PROF",1,2020-01-07
156,"099783",6,GERALDO SESSO JUNIOR,1,2020-01-07
157,"094277",6,JOAO AMOS COMENIUS,1,2020-01-07
158,"019349",6,JARDIM DAMASCENO I,1,2020-01-07
159,"094692",6,MARCILIO DIAS,1,2020-01-07
160,"094374",6,"TEOTONIO VILELA, SEN.",16,2020-01-07
161,"094382",6,"CECILIA MORAES DE VASCONCELOS, PROFA.",1,2020-01-07
162,"094323",6,"ELIAS DE SIQUEIRA CAVALCANTI, DR.",1,2020-01-07
163,"091804",6,PAULO NOGUEIRA FILHO,1,2020-01-07
164,"019402",6,ZILKA SALABERRY DE CARVALHO,1,2020-01-07
165,"094293",6,OSVALDO QUIRINO SIMOES,1,2020-01-07
166,"094315",6,PEDRO AMERICO,1,2020-01-07
167,"094200",6,"MILTOM CAMPOS, SEN.",1,2020-01-07
168,"094307",6,"FREDERICO GUSTAVO DOS SANTOS, TTE. AVIADOR",1,2020-01-07
169,"019341",6,"JARDIM GUARANI - JOSE ALFREDO APOLINARIO, PROF.",1,2020-01-07
170,"094218",6,"ANDRE RODRIGUES DE ALCKMIN, PROF.",1,2020-01-07
171,"019704",6,"PRIMO PASCOLI MELARE, PROF.",1,2020-01-07
172,"094170",6,PLINIO AYROSA,1,2020-01-07
173,"019395",6,"NEIR AUGUSTO LOPES, PROF",1,2020-01-07
174,"019458",6,"MARIA APARECIDA RODRIGUES CINTRA, PROFA.",1,2020-01-07
175,"094269",6,CASTRO ALVES,1,2020-01-07
176,"019363",6,JARDIM PAULISTANO,16,2020-01-07
177,"019453",6,"MARIO PEREIRA BICUDO, PROF.",4,2020-01-07
178,"094196",6,ERICO VERISSIMO,1,2020-01-07
179,"094331",6,HUMBERTO DANTAS,1,2020-01-07
180,"019457",7,"MARIA APARECIDA MAGNANELLI FERNANDES, PROFA",1,2020-01-07
181,"097063",7,ANTONIO PEREIRA IGNACIO,1,2020-01-07
182,"019455",7,"CELIA REGINA ANDERY BRAGA, PROF",1,2020-01-07
183,"016527",7,"CLAUDIA BARTOLOMAZI, PROFA.",1,2020-01-07
184,"019476",7,"MARIA APARECIDA DO NASCIMENTO, PROFA.",1,2020-01-07
185,"093521",7,VINTE E CINCO DE JANEIRO,1,2020-01-07
186,"012157",7,ELIAS SHAMMASS,1,2020-01-07
187,"008834",7,"IDEMIA DE GODOY, PROFA.",1,2020-01-07
188,"009156",7,"LUIS CARLOS PRESTES, SEN.",1,2020-01-07
579,"019281",3,BUTANTA,17,2020-07-20
189,"009148",7,ALEXANDRE VANNUCHI LEME,1,2020-01-07
190,"019437",7,DIAS GOMES,1,2020-01-07
191,"019333",7,AGUA AZUL,16,2020-01-07
192,"093637",7,OSWALDO ARANHA BANDEIRA DE MELLO,3,2020-01-07
193,"014699",7,"ANTONIO DAVILA, PROF.",1,2020-01-07
194,"019443",7,"MEIRE DE JESUS RIBEIRO,PROF.",1,2020-01-07
195,"093815",7,ALEXANDRE DE GUSMAO,1,2020-01-07
196,"097705",7,AURELIANO LEITE,1,2020-01-07
197,"093645",7,MAURICIO GOULART,1,2020-01-07
198,"013528",7,"ANNA LAMBERGA ZEGLIO, VER.",1,2020-01-07
199,"015024",7,"CAIO SERGIO POMPEU DE TOLEDO, DEP.",1,2020-01-07
200,"097055",7,"JUSCELINO KUBITSCHEK DE OLIVEIRA, PRES.",1,2020-01-07
201,"013510",7,"OLINDA MENEZES SERRA VIDAL, PROFA.",1,2020-01-07
202,"019264",7,INACIO MONTEIRO,16,2020-01-07
203,"019265",7,JAMBEIRO,16,2020-01-07
204,"093548",7,SATURNINO PEREIRA,1,2020-01-07
205,"019208",7,"LUIZ ROBERTO MEGA, PROF.",1,2020-01-07
206,"093785",7,JOAO RIBEIRO DE BARROS,1,2020-01-07
207,"017973",7,"MAILSON DELANE, PROF.",1,2020-01-07
208,"097721",7,"JOSE AUGUSTO CESAR SALGADO, DR.",1,2020-01-07
209,"093530",7,"JOANA ANGELICA DE JESUS, MADRE",1,2020-01-07
210,"093513",7,"JOAO DE LIMA PAIVA, PROF.",1,2020-01-07
211,"019456",7,"HELINA COUTINHO LOURENCO ALVES, PROFESSORA",1,2020-01-07
212,"019369",7,LAJEADO,16,2020-01-07
213,"019447",7,JOEL FERNANDES DE SOUZA,1,2020-01-07
214,"010413",7,"QUIRINO CARNEIRO RENNO, PROF.",1,2020-01-07
215,"093653",7,VLADIMIR HERZOG,1,2020-01-07
216,"017981",8,PERICLES EUGENIO DA SILVA RAMOS,1,2020-01-07
217,"095061",8,"FRANCISCO MEIRELLES, DES.",1,2020-01-07
218,"095371",8,CLEOMENES CAMPOS,1,2020-01-07
219,"095028",8,JOSE DO PATROCINIO,1,2020-01-07
220,"095346",8,"QUEIROZ FILHO, PROF.",1,2020-01-07
221,"095010",8,CASSIANO RICARDO,1,2020-01-07
222,"095320",8,IRINEU MARINHO,1,2020-01-07
223,"095338",8,"RUTH LOPES ANDRADE, PROFA.",1,2020-01-07
224,"094986",8,"SYLVIA MARTIN PIRES, PROFA.",1,2020-01-07
225,"095427",8,ALVARES DE AZEVEDO,1,2020-01-07
226,"095290",8,"JOAO CARLOS DA SILVA BORGES, PROF.",1,2020-01-07
227,"019385",8,"MARA CRISTINA TARTAGLIA SENA, PROFA.",16,2020-01-07
228,"094633",8,CELSO LEITE RIBEIRO FILHO,1,2020-01-07
229,"094625",8,"CAXIAS, DUQUE DE",1,2020-01-07
230,"095419",8,"MASCARENHAS DE MORAES, MAL.",1,2020-01-07
231,"095001",8,JOAQUIM NABUCO,1,2020-01-07
232,"095052",8,ANTONIO DE ALCANTARA MACHADO,1,2020-01-07
233,"095389",8,"AUREA RIBEIRO XAVIER LOPES, PROFA.",1,2020-01-07
234,"019427",8,HERCILIA DE CAMPOS COSTA,1,2020-01-07
235,"095401",8,"PRUDENTE DE MORAIS, PRES.",1,2020-01-07
236,"095044",8,"CAMPOS SALLES, PRES.",16,2020-01-07
237,"009971",8,LUIZ GONZAGA DO NASCIMENTO JR. - GONZAGUINHA,1,2020-01-07
238,"095397",8,"MARLENE RONDELLI, PROFA.",1,2020-01-07
239,"095303",8,"MANOEL DE PAIVA, PE",1,2020-01-07
240,"095354",8,"OSORIO, GEN.",1,2020-01-07
241,"011533",8,"FRANCISCO DA SILVEIRA BUENO, PROF.",1,2020-01-07
242,"095311",8,JEAN MERMOZ,1,2020-01-07
243,"019266",8,MENINOS,16,2020-01-07
244,"094617",8,"FARIA LIMA, BRIG.",1,2020-01-07
245,"095036",8,"LEAO MACHADO, PROF.",1,2020-01-07
246,"095435",8,ALTINO ARANTES,1,2020-01-07
247,"094960",8,JOSE MARIA LISBOA,1,2020-01-07
248,"019480",8,"ABRAO HUCK, DR.",1,2020-01-07
249,"094978",8,"EURICO GASPAR DUTRA, MAL.",1,2020-01-07
250,"019569",8,"ROBERTO PLINIO COLACIOPPO, PROF.",1,2020-01-07
251,"094994",8,OLAVO FONTOURA,1,2020-01-07
252,"091812",8,HELEN KELLER,4,2020-01-07
253,"093491",9,ARTUR NEIVA,1,2020-01-07
254,"095117",9,"KENNEDY, PRES.",1,2020-01-07
255,"093629",9,"AURELIO ARROBAS MARTINS, PROF.",1,2020-01-07
256,"095133",9,"JOAO NAOKI SUMITA, DR.",1,2020-01-07
257,"015130",9,"JULIO CESAR DE MELO E SOUSA-MALBA TAHAN, PROF",1,2020-01-07
258,"093467",9,DANYLO JOSE FERNANDES,1,2020-01-07
259,"099678",9,"MALLET, MAL.",1,2020-01-07
260,"093459",9,EDUARDO PRADO,1,2020-01-07
261,"019398",9,AGUAS DE MARCO,1,2020-01-07
262,"093505",9,BENEDITO CALIXTO,1,2020-01-07
263,"019143",9,JOSE QUERINO RIBEIRO,1,2020-01-07
264,"017523",9,"CLOTILDE ROSA HENRIQUES ELIAS, PROFA.",1,2020-01-07
265,"095184",9,SERGIO MILLIET,1,2020-01-07
266,"093718",9,"ANTONIO DUARTE DE ALMEIDA, PROF.",1,2020-01-07
267,"008842",9,"SEBASTIAO FRANCISCO, O NEGRO",1,2020-01-07
268,"094064",9,"8 DE MAIO",1,2020-01-07
269,"093475",9,AYRES MARTINS TORRES,1,2020-01-07
270,"019691",9,"MARIO COVAS, GOV.",1,2020-01-07
271,"095192",9,GUIMARAES ROSA,1,2020-01-07
272,"093483",9,"HAROLDO VELOSO, BRIG.",1,2020-01-07
273,"019261",9,"PAULO GOMES CARDIM, PROF. DR.",16,2020-01-07
274,"095150",9,ROQUETTE PINTO,1,2020-01-07
275,"010103",9,FRANCISCO ALVES MENDES FILHO - CHICO MENDES,1,2020-01-07
276,"019227",9,"CONCEICAO APARECIDA DE JESUS, PROFA",16,2020-01-07
277,"093432",9,"CORREIA DE MELLO, BRIG.",1,2020-01-07
278,"019397",9,"GILMAR TACCOLA , PROF",1,2020-01-07
279,"093441",9,CARLOS CHAGAS,1,2020-01-07
280,"095141",9,VICENTINA RIBEIRO DA LUZ,1,2020-01-07
281,"095125",9,BARTOLOMEU LOURENCO DE GUSMAO,1,2020-01-07
282,"019386",9,"MARIA APARECIDA DE SOUZA CAMPOS, PROFA",16,2020-01-07
283,"094749",1,MARTIN FRANCISCO RIBEIRO DE ANDRADA,1,2020-01-07
284,"094871",1,"JULIO MARCONDES SALGADO, GEN.",1,2020-01-07
285,"094676",1,"ADOLPHO OTTO DE LAET, PROF.",1,2020-01-07
286,"094919",1,LOURENCO FILHO,1,2020-01-07
287,"094838",1,"PEDRO I, D.",1,2020-01-07
288,"094773",1,OLIVA IRENE BAYERLEIN SILVA,1,2020-01-07
289,"094757",1,"RONDON, MAL.",1,2020-01-07
290,"094943",1,RODRIGUES ALVES,1,2020-01-07
291,"094862",1,ALBERTO SANTOS DUMONT,1,2020-01-07
292,"094889",1,"ANTONIO SANT ANA GALVAO, FREI",1,2020-01-07
293,"094668",1,"DERVILLE ALLEGRETTI, PROF.",3,2020-01-07
294,"099091",1,HIPOLITO JOSE DA COSTA,1,2020-01-07
295,"094790",1,"HELENA LOMBARDI BRAGA, PROFA.",1,2020-01-07
296,"094901",1,EDSON RODRIGUES,1,2020-01-07
298,"094706",1,"GASTAO MOUTINHO, CTE.",1,2020-01-07
299,"094285",1,RAUL DE LEONI,1,2020-01-07
300,"094846",1,"TAMANDARE, ALM.",1,2020-01-07
301,"094714",1,"NOE AZEVEDO, PROF",1,2020-01-07
302,"000337",1,"LUCIE BRAY, ME",4,2020-01-07
303,"094854",1,ENEAS CARVALHO DE AGUIAR,1,2020-01-07
304,"094811",1,"ROMAO GOMES, CEL.",1,2020-01-07
305,"019631",1,"NILCE CRUZ FIGUEIREDO, PROFA.",1,2020-01-07
306,"094935",1,"FRANKLIN AUGUSTO DE MOURA CAMPOS, PROF",1,2020-01-07
307,"094803",1,"ARY GOMES, CEL.",1,2020-01-07
308,"094781",1,RUY BARBOSA,1,2020-01-07
309,"094927",1,"MARIA HELENA FARIA LIMA, PROFA.",1,2020-01-07
310,"094820",1,JOAO DOMINGUES SAMPAIO,1,2020-01-07
311,"017442",1,"ANTONIO SAMPAIO, VER.",3,2020-01-07
312,"094684",1,MARCOS MELEGA,1,2020-01-07
313,"019046",1,"CELIA REGINA LEKEVICIUS CONSOLIN, PROFA.",1,2020-01-07
314,"094897",1,OCTAVIO PEREIRA LOPES,1,2020-01-07
315,"000302",1,"HELIO FRANCO CHAVES, CEL.",1,2020-01-07
316,"019401",1,JARDIM FONTALIS,1,2020-01-07
317,"094731",1,"ESMERALDA SALLES PEREIRA RAMOS, PROFA.",1,2020-01-07
318,"019337",1,JACANA,16,2020-01-07
319,"094951",1,"SHIRLEY GUIO, PROFA.",1,2020-01-07
320,"094722",1,JOAO RAMOS - PERNAMBUCO - ABOLICIONISTA,1,2020-01-07
321,"094099",10,"JUAREZ TAVORA, MAL.",1,2020-01-07
322,"094111",10,LUIS WASHINGTON VITA,1,2020-01-07
323,"019388",10,"ANTONIO CARLOS ROCHA, PROF.",16,2020-01-07
324,"094013",10,JOSE BONIFACIO,1,2020-01-07
325,"094005",10,HUMBERTO DE CAMPOS,1,2020-01-07
326,"094056",10,"JENNY GOMES, DA.",1,2020-01-07
327,"019365",10,"ROSANGELA RODRIGUES VIEIRA, PROFA.",16,2020-01-07
328,"019396",10,"SERAFIN MARTINEZ GUTIERREZ, PE.",1,2020-01-07
329,"011851",10,ANALIA FRANCO BASTOS,1,2020-01-07
330,"094102",10,"FRANCISCO DE MONT' ALVERNE, FREI",1,2020-01-07
331,"093661",10,OCTAVIO MANGABEIRA,1,2020-01-07
332,"019399",10,"JANUARIO MANTELLI NETO, DEP.",1,2020-01-07
333,"094153",10,ARTHUR AZEVEDO,1,2020-01-07
334,"094145",10,EDGARD CAVALHEIRO,1,2020-01-07
335,"093963",10,"JOAO PINHEIRO, PRES.",1,2020-01-07
336,"093998",10,"ABRAO DE MORAES, PROF.",1,2020-01-07
337,"094030",10,ARTHUR ALVIM,1,2020-01-07
338,"094641",10,"HENRIQUE, INFANTE D.",1,2020-01-07
339,"093971",10,"19 DE NOVEMBRO",1,2020-01-07
340,"093670",10,AMADEU AMARAL,1,2020-01-07
341,"094081",10,"HENRIQUE PEGADO, PROF.",1,2020-01-07
342,"095087",10,"SILVIO FLEMING, MJ.",1,2020-01-07
343,"000485",10,ASSAD ABDALA,1,2020-01-07
344,"094048",10,"ANTONIO VIEIRA, PE.",1,2020-01-07
345,"015296",10,"JOAO FRANZOLIN NETO, PROF.",1,2020-01-07
346,"015121",10,"JOSE CARLOS DE FIGUEIREDO FERRAZ, PREF.",1,2020-01-07
347,"094072",10,"WANNY SALGADO ROCHA, PROFA",1,2020-01-07
348,"019418",10,"ALEX MARTINS COSTA, PROF, MAESTRO",1,2020-01-07
349,"095109",10,LEONOR MENDES DE BARROS,1,2020-01-07
350,"094021",10,"CAIRU, VISC. DE",1,2020-01-07
351,"094129",10,GUILHERME DE ALMEIDA,1,2020-01-07
352,"095095",10,EMILIANO DI CAVALCANTI,1,2020-01-07
353,"093980",10,FIRMINO TIBURCIO DA COSTA,1,2020-01-07
354,"093947",10,"OTHELO FRANCO, GEN.",1,2020-01-07
355,"093955",10,JACKSON DE FIGUEIREDO,1,2020-01-07
356,"095079",10,"FABIO DA SILVA PRADO, DR.",1,2020-01-07
357,"094137",10,CECILIA MEIRELES,1,2020-01-07
358,"095362",10,"MAUA, BR. DE",1,2020-01-07
359,"000329",10,"NEUSA BASSETTO, PROFA.",4,2020-01-07
360,"019347",11,JARDIM DA CONQUISTA,1,2020-01-07
361,"019219",11,"ENZO ANTONIO SILVESTRIN, PROF",1,2020-01-07
362,"015431",11,ERNANI SILVA BRUNO,1,2020-01-07
363,"094391",11,MARIO KOSEL FILHO,1,2020-01-07
364,"019218",11,JARDIM MONTE BELO,1,2020-01-07
365,"019389",11,PARQUE ANHANGUERA,16,2020-01-07
366,"019020",11,"JAIRO DE ALMEIDA, PROF.",1,2020-01-07
367,"010171",11,"ALDO RIBEIRO LUZ, PROF.",1,2020-01-07
368,"094463",11,"LEONEL FRANCA, PE.",1,2020-01-07
369,"019351",11,"MARILI DIAS, PROFA",1,2020-01-07
370,"094544",11,RUI BLOEM,1,2020-01-07
371,"019195",11,"JOSE KAUFFMANN , DR.",1,2020-01-07
372,"019215",11,"REMO RINALDI NADDEO, PROF.",1,2020-01-07
373,"094609",11,ANTONIO ALVES VERISSIMO,3,2020-01-07
374,"000540",11,RAUL POMPEIA,1,2020-01-07
375,"094471",11,"LUIZ DAVID SOBRINHO, PROF.",1,2020-01-07
376,"019412",11,BADRA,1,2020-01-07
377,"094552",11,"AMADEU MENDES, PROF.",1,2020-01-07
378,"019314",11,"PHILO GONCALVES DOS SANTOS, PROFA",1,2020-01-07
379,"019415",11,"ALICE MEIRELLES REIS, PROFA",1,2020-01-07
380,"019487",11,CHACARA TURISTICA,1,2020-01-07
381,"093114",11,"ANIBAL FREIRE, MIN.",1,2020-01-07
382,"094412",11,"GABRIEL PRESTES, PROF.",1,2020-01-07
383,"019233",11,EDGARD CARONE,1,2020-01-07
384,"094455",11,"VICENTE DE PAULO DALE COUTINHO, GEN.",1,2020-01-07
385,"019217",11,RECANTO DOS HUMILDES,1,2020-01-07
386,"019220",11,MARIO LAGO,1,2020-01-07
387,"094498",11,CANDIDO PORTINARI,1,2020-01-07
388,"094510",11,"HENRIQUE RAYMUNDO DYOTT FONTENELLE, BRIG.",1,2020-01-07
389,"019607",11,"ANTONIO RODRIGUES DE CAMPOS, PROF.",1,2020-01-07
390,"094501",11,PAULO PRADO,1,2020-01-07
391,"017272",11,GUIOMAR CABRAL,3,2020-01-07
392,"094439",11,"LEOPOLDINA, IMP.",1,2020-01-07
393,"014249",11,"ERNESTO DE MORAES LEME, PROF.",1,2020-01-07
394,"019272",11,PERUS,16,2020-01-07
395,"019271",11,PERA MARMELO,16,2020-01-07
396,"019463",11,ESTACAO JARAGUA,1,2020-01-07
397,"094404",11,MONTEIRO LOBATO,1,2020-01-07
398,"009326",11,"IRENE GARCIA COSTA DE SOUZA, PROFA. DRA.",1,2020-01-07
399,"019413",11,"ELIANE BENUTE LESSA AYRES GONCALVES, PROFESSORA- NANY BENUTE",1,2020-01-07
400,"019445",11,"ROGE FERREIRA, DEP.",1,2020-01-07
401,"094561",11,"EUCLIDES CUSTODIO DA SILVEIRA, DES.",1,2020-01-07
402,"094528",11,"HENRIQUE GEISEL, GEN.",1,2020-01-07
403,"094595",11,"SILVIO PORTUGAL, DES.",1,2020-01-07
404,"019414",11,"MOISES ELIAS DE SOUZA, TTE.",1,2020-01-07
405,"019322",11,CITY JARAGUA IV,1,2020-01-07
406,"094480",11,JULIO DE OLIVEIRA,1,2020-01-07
407,"016497",11,FERNANDO GRACIOSO,1,2020-01-07
408,"094421",11,"LIBERATO BITTENCOURT, GEN.",1,2020-01-07
409,"094587",11,"GABRIEL SYLVESTRE TEIXEIRA DE CARVALHO, PROF.",1,2020-01-07
410,"094536",11,JAIRO RAMOS,1,2020-01-07
411,"019224",11,"MILENA BENEDICTO, PROFA",1,2020-01-07
412,"093106",11,DILERMANDO DIAS DOS SANTOS,1,2020-01-07
413,"093122",11,"JOSE MARIA PINTO DUARTE, TTE.",1,2020-01-07
414,"094579",11,"JOSE FERRAZ DE CAMPOS, PROF.",1,2020-01-07
415,"019277",11,VILA ATLANTICA,16,2020-01-07
416,"019390",11,JAGUARE,16,2020-01-07
417,"094447",11,"RENATO ANTONIO CHECCHIA, PROF.",1,2020-01-07
418,"092835",11,"ESPIRIDIAO ROSAS, MAL.",1,2020-01-07
419,"019229",11,"JOSUE DE CASTRO, PROF",1,2020-01-07
420,"000205",11,"VERA LUCIA APARECIDA RIBEIRO, PROFA.",4,2020-01-07
421,"093220",12,"ANTONIO CARLOS DE ABREU SODRE, DR.",1,2020-01-07
422,"095222",12,"ARY PARREIRAS, ALM.",1,2020-01-07
423,"019420",12,"MARIA LUCIA DOS SANTOS, PROFA.",1,2020-01-07
424,"093190",12,CARLOS DE ANDRADE RIZZINI,1,2020-01-07
425,"019465",12,"AMELIA RODRIGUES DE OLIVEIRA, PROFA",1,2020-01-07
426,"095281",12,"NELSON PIMENTEL QUEIROZ, PROF.",1,2020-01-07
427,"093211",12,JOAO GUALBERTO DO AMARAL CARVALHO,1,2020-01-07
428,"019260",12,"PAULO GONCALO DOS SANTOS, PROF.",16,2020-01-07
429,"093203",12,"LAERTE RAMOS DE CARVALHO, PROF.",1,2020-01-07
430,"093238",12,ANTENOR NASCENTES,1,2020-01-07
431,"093246",12,"MANOEL CARLOS DE FIGUEIREDO FERRAZ, DES.",1,2020-01-07
432,"093254",12,"JOAO SUSSUMU HIRATA, DEP.",1,2020-01-07
433,"010111",12,"MARIO SCHONBERG, PROF.",1,2020-01-07
434,"093289",12,"PEREIRA CARNEIRO, CDE.",1,2020-01-07
435,"095249",12,"HABIB CARLOS KYRILLOS, DR.",1,2020-01-07
436,"015423",12,PRESTES MAIA,1,2020-01-07
437,"095273",12,CACILDA BECKER,1,2020-01-07
438,"095206",12,"CALOGERAS, MIN.",1,2020-01-07
439,"010120",12,CARLOS AUGUSTO DE QUEIROZ ROCHA,1,2020-01-07
440,"093173",12,"JOAQUIM CANDIDO DE AZEVEDO MARQUES, DES.",1,2020-01-07
441,"093157",12,CHIQUINHA RODRIGUES,1,2020-01-07
442,"093262",12,"ISABEL VIEIRA FERREIRA, PROFA.",1,2020-01-07
443,"095231",12,MARINA VIEIRA DE CARVALHO MESQUITA,1,2020-01-07
444,"093181",12,"LINNEU PRESTES, PROF.",3,2020-01-07
445,"099180",12,ANNE SULLIVAN,4,2020-01-07
446,"095265",12,ARMANDO ARRUDA PEREIRA,1,2020-01-07
447,"019373",12,"JOSE REZENDE, PROF.",16,2020-01-07
448,"019257",12,"ALDO DA TOFORI, PE",1,2020-01-07
449,"019196",12,"LILIANE VERZINI SILVA, PROFA",1,2020-01-07
450,"010138",12,"ELZA MAIA COSTA FREIRE, PROFA.",1,2020-01-07
451,"095214",12,BERNARDO O HIGGINS,1,2020-01-07
452,"019419",12,"ANA MARIA ALVES BENETTI, PROFA",1,2020-01-07
453,"000418",12,"JOAO DE SOUZA FERRAZ, PROF.",1,2020-01-07
454,"000264",12,"SYLVIO HECK, ALM.",1,2020-01-07
455,"095257",12,"ANTONIO DE SAMPAIO DORIA, PROF.",1,2020-01-07
456,"093271",12,"TIRADENTES, ALF.",1,2020-01-07
457,"012874",2,BENEDITO DE JESUS BATISTA LAURINDO - PE BATISTA,1,2020-01-07
458,"095494",2,ARMANDO DE SALLES OLIVEIRA,1,2020-01-07
459,"095591",2,"IVETE VARGAS, DEP.",1,2020-01-07
460,"099660",2,"AMELIA, IMP. DA.",1,2020-01-07
461,"019460",2,"JOSE CARLOS NICOLETO - ZITO, PROFESSOR",1,2020-01-07
462,"019408",2,PARQUE BOA ESPERANCA II,1,2020-01-07
463,"095559",2,CLAUDIO MANOEL DA COSTA,1,2020-01-07
464,"095613",2,PAULO DUARTE,1,2020-01-07
465,"000892",2,HENRIQUE SOUZA FILHO - HENFIL,1,2020-01-07
466,"095478",2,"FLORES DA CUNHA, DEP.",1,2020-01-07
467,"019615",2,"DIRCE GENESIO DOS SANTOS, PROFA",1,2020-01-07
468,"095524",2,VINICIUS DE MORAES,1,2020-01-07
469,"095575",2,CIDADE DE OSAKA,1,2020-01-07
470,"095567",2,ALCEU AMOROSO LIMA,1,2020-01-07
471,"093611",2,"RIVADAVIA MARQUES JUNIOR, PROF.",1,2020-01-07
472,"019454",2,BARTOLOMEU CAMPOS DE QUEIROS,1,2020-01-07
473,"019509",2,ACLAMADO,1,2020-01-07
474,"019407",2,"VIRGINIA LORISA ZEITOUNIAN CAMARGO, PROFA",1,2020-01-07
475,"095460",2,EMILIO RIBAS,1,2020-01-07
476,"095583",2,"GREGORIO WESTRUPP, PE.",1,2020-01-07
477,"093581",2,PLINIO DE QUEIROZ,1,2020-01-07
478,"013803",2,JULIO DE GRAMMONT,1,2020-01-07
479,"095168",2,"ACHILLES DE OLIVEIRA RIBEIRO, DES.",1,2020-01-07
480,"093602",2,RODRIGO MELLO FRANCO DE ANDRADE,1,2020-01-07
481,"092622",2,"ARLINDO CAETANO FILHO, PROF.",1,2020-01-07
482,"093599",2,JOSE MARIA WHITAKER,1,2020-01-07
483,"095516",2,HERALDO BARBUY,1,2020-01-07
484,"095532",2,RODRIGUES DE CARVALHO,1,2020-01-07
485,"019244",2,"GIUSEPPE TAVOLARO, PROF",1,2020-01-07
486,"019274",2,"CANDIDA DORA PINO PRETINI, PROFA",16,2020-01-07
487,"095541",2,OLIVAL COSTA,1,2020-01-07
488,"095443",2,"HENRIQUE MELEGA, PROF.",1,2020-01-07
489,"019425",2,MARTIN LUTHER KING JR,1,2020-01-07
490,"018511",2,"CARLOS CORREA MASCARO, PROF.",1,2020-01-07
491,"095605",2,"VILANOVA ARTIGAS, ARQ.",1,2020-01-07
492,"019223",2,"MARIA APARECIDA VILASBOAS, PROFA.",1,2020-01-07
493,"019391",2,ALTO ALEGRE,16,2020-01-07
494,"019216",2,THEREZA MACIEL DE PAULA PROFA.,1,2020-01-07
495,"093572",2,COELHO NETO,1,2020-01-07
496,"099325",2,"BENEDITO MONTENEGRO, PROF.",1,2020-01-07
497,"095508",2,BRASILIO MACHADO NETO,1,2020-01-07
498,"019585",2,"WLADIMIR DE TOLEDO PIZA,PREF.",1,2020-01-07
499,"093556",2,"FELICIO PAGLIUSO, PROF.",1,2020-01-07
500,"019221",2,JARDIM DAS LARANJEIRAS,1,2020-01-07
501,"019640",2,"MARIA LISBOA DA SILVA, PROFA",16,2020-01-07
502,"099792",2,FORTE DOS REIS MAGOS,1,2020-01-07
503,"095176",2,JOSE LINS DO REGO,1,2020-01-07
504,"019366",2,TATIANA BELINKY,16,2020-01-07
505,"093564",2,JOAQUIM OSORIO DUQUE ESTRADA,1,2020-01-07
506,"016519",2,RUBENS PAIVA,3,2020-01-07
507,"019232",2,FAZENDA DA JUTA,1,2020-01-07
508,"015440",13,EUZEBIO ROCHA FILHO,1,2020-01-07
509,"099651",13,JOSE HONORIO RODRIGUES,1,2020-01-07
510,"016993",13,"VICENTE AMATO SOBRINHO, COM.",1,2020-01-07
511,"093807",13,"JOAO AUGUSTO BREVES, DR.",1,2020-01-07
512,"093882",13,"JOSE BENTO DE ASSIS, PROF.",1,2020-01-07
513,"010049",13,"CHICO FALCONI, PE.",1,2020-01-07
514,"019400",13,DAMA ENTRE RIOS VERDES,1,2020-01-07
515,"099139",13,VIRGILIO DE MELLO FRANCO,1,2020-01-07
516,"018210",13,DARCY RIBEIRO,3,2020-01-07
517,"019404",13,NEUZA AVELINO DA SILVA MELO,1,2020-01-07
518,"019410",13,MURURES,1,2020-01-07
519,"093700",13,RAUL PILLA,1,2020-01-07
520,"019506",13,MILTON PEREIRA COSTA,1,2020-01-07
521,"093866",13,RAIMUNDO CORREIA,1,2020-01-07
522,"000108",13,"JOSE ERMIRIO DE MORAIS, SEN.",1,2020-01-07
523,"093734",13,ANTONIO CARLOS DE ANDRADA E SILVA,1,2020-01-07
524,"019433",13,"JOSEFA NICACIO ARAUJO, PROFA.",1,2020-01-07
525,"093891",13,ARMANDO CRIDEY RIGHETTI,1,2020-01-07
526,"093769",13,"PEDRO DE FRONTIN, ALM.",1,2020-01-07
527,"093858",13,"MARIA IMILDA DO SANTISSIMO SACRAMENTO, ME.",1,2020-01-07
528,"093688",13,"PEDRO ALEIXO, DR.",1,2020-01-07
529,"093921",13,EZEQUIEL RAMOS JUNIOR,1,2020-01-07
530,"010405",13,"NILDO DO AMARAL JUNIOR, PE.",1,2020-01-07
531,"019241",13,"HELLIO TAVARES, DR.",1,2020-01-07
532,"093874",13,JOSE AMERICO DE ALMEIDA,1,2020-01-07
533,"019449",13,"JURANDI GOMES DE ARAUJO, PROF.",1,2020-01-07
534,"019426",13,"MARISA MORETTI CAMARA, PROFA.",1,2020-01-07
535,"093904",13,CAPISTRANO DE ABREU,1,2020-01-07
536,"019503",13,JARDIM BARTIRA,1,2020-01-07
537,"019507",13,PEDRO FUKUYEI YAMAGUCHI FERREIRA,1,2020-01-07
538,"019505",13,"JOSE MARIO PIRES AZANHA, PROF.",1,2020-01-07
539,"019225",13,"WANDA OVIDIO GONCALVES, PROFA.",1,2020-01-07
540,"093726",13,PEDRO TEIXEIRA,1,2020-01-07
541,"093696",13,"EPITACIO PESSOA, PRES.",1,2020-01-07
542,"019011",13,"LINO DE MATTOS, SEN.",1,2020-01-07
543,"093840",13,"NEWTON REIS, GEN.",1,2020-01-07
544,"093742",13,"LUIS SAIA, ARQ.",1,2020-01-07
545,"093939",13,SUD MENNUCCI,1,2020-01-07
546,"093823",13,HENRIQUE FELIPE DA COSTA - HENRICAO,1,2020-01-07
547,"019409",13,"IZABEL APARECIDA CRISTOVAO DA LUZ, PROFA",1,2020-01-07
548,"093831",13,ANTONIA E ARTUR BEGBIE,1,2020-01-07
549,"097713",13,"JOSE PEDRO LEITE CORDEIRO, DR.",1,2020-01-07
550,"019226",13,MARIA CLARA MACHADO,16,2020-01-07
551,"019269",13,PARQUE SAO CARLOS,16,2020-01-07
552,"093777",13,"FERNANDO DE AZEVEDO, PROF.",1,2020-01-07
553,"019278",13,VILA CURUCA,16,2020-01-07
554,"093751",13,"PAULO ROLIM LOUREIRO, D.",1,2020-01-07
555,"014583",13,"FLAVIO AUGUSTO ROSA, PROF.",1,2020-01-07
556,"093912",13,"CARLOS PASQUALE, PROF.",1,2020-01-07
557,"093793",13,"JOSE DE ANCHIETA, PE.",1,2020-01-07
558,"019529",13,JARDIM SILVA TELES,1,2020-01-07
559,"019367",13,TRES PONTES,16,2020-01-07
568,"888888",11,ESCOLA PRODAM - SITE EOL SERVIDOR,1,2020-02-17
297,"019488",1,"PAULO CARNEIRO THOMAZ ALVES, GEN.",1,2020-04-02
569,"019660",12,SETE PRAIAS,1,2020-06-15
570,"090441",3,PEDROSO DE MORAES,2,2020-07-17
571,"090450",3,"ANTONIO BRANCO LEFEVRE, PROF.",2,2020-07-17
572,"090085",3,"NIDA MALDI CORAZZA, EDUCADORA",2,2020-07-17
573,"097152",3,OSCAR PEDROSO HORTA,2,2020-07-17
574,"090433",3,TIDE SETUBAL,2,2020-07-20
575,"090123",3,FERNANDO PESSOA,2,2020-07-20
576,"090077",3,"CAROLINA RIBEIRO, PROFA.",2,2020-07-20
577,"019520",3,"LEILA GALLACCI METZKER, PROFA",28,2020-07-20
578,"019519",3,"JORGE ADILSON CANDIDO, PROF.",2,2020-07-20
580,"090034",3,ANTONIO BENTO,2,2020-07-20
581,"090042",3,"DALMO DO VALLE NOGUEIRA, DES.",2,2020-07-20
582,"090026",3,EMIR MACEDO NOGUEIRA,2,2020-07-20
583,"018244",3,"CAMILLO ASHCAR, PROF.",2,2020-07-20
584,"097144",3,PERO NETO,2,2020-07-20
585,"000213",3,"ANTONIO CARLOS PACHECO E SILVA, PROF.",2,2020-07-20
586,"099023",3,CLYCIE MENDES CARNEIRO,2,2020-07-20
587,"090115",3,CAROLINA MARIA DE JESUS,2,2020-07-20
588,"099031",3,"MARIA JOSE GALVAO DE FRANCA PINTO, PROFA.",2,2020-07-20
589,"090107",3,"GILBERTO CHAVES, DEP.",2,2020-07-20
590,"019327",3,RIO PEQUENO I,2,2020-07-20
591,"018236",3,"MARIA APARECIDA VITA PIANTE, PROFA.",2,2020-07-20
592,"018384",3,"MORENO, CTE.",2,2020-07-20
593,"014591",3,"BENEDICTO CASTRUCCI, PROF.",2,2020-07-20
594,"019242",3,"MARIAZINHA REZENDE FUSARI, PROFA",2,2020-07-20
595,"090051",3,"JOAO NEGRAO, CEL.",2,2020-07-20
596,"090484",3,"ISABEL COLOMBO, PROFA.",2,2020-07-20
597,"019378",3,UIRAPURU,17,2020-07-20
598,"090069",3,ALUISIO DE ALMEIDA,2,2020-07-20
599,"090468",3,"ZILDA DE FRANCESCHI, PROFA.",2,2020-07-20
600,"090093",3,"RONALDO PORTO MACEDO, PROF.",2,2020-07-20
601,"090018",3,MONTE CASTELO,2,2020-07-20
602,"019307",4,"LUIZA HELENA FERREIRA, PROFA",17,2020-07-20
603,"090336",4,CARLOS DE LAET,2,2020-07-20
604,"019531",4,CASA BLANCA I,28,2020-07-20
605,"090131",4,FRANCISCA JULIA DA SILVA,2,2020-07-20
606,"019239",4,"MAURO BAPTISTA, PE.",2,2020-07-20
607,"090158",4,ANISIO TEIXEIRA,2,2020-07-20
608,"019256",4,GEORGE SAVALLA GOMES - CAREQUINHA,2,2020-07-20
609,"019354",4,VILA DO SOL,17,2020-07-20
610,"019493",4,CAPAO REDONDO ,28,2020-07-20
611,"090166",4,LUIZ DA CAMARA CASCUDO,2,2020-07-20
612,"019302",4,CASA BLANCA,17,2020-07-20
613,"019528",4,VILA DO SOL I,28,2020-07-20
614,"090298",4,DOLORES DURAN,2,2020-07-20
615,"019517",4,CHACARA SANTA MARIA,2,2020-07-20
616,"019643",4,ANDAGUACU,28,2020-07-20
617,"010910",4,RUBENS NASCIMENTO DA SILVA - MEXICANO,2,2020-07-20
618,"019338",4,FEITICO DA VILA,17,2020-07-20
619,"090204",4,CATULO DA PAIXAO CEARENSE,2,2020-07-20
620,"099058",4,ARACY DE ALMEIDA,2,2020-07-20
621,"099066",4,DINAH SILVEIRA DE QUEIROZ,2,2020-07-20
622,"019512",4,JARDIM ANGELA,28,2020-07-20
623,"019497",4,LAZARA VEIGA CATELLANI,28,2020-07-20
624,"019513",4,PARQUE BOLOGNE,2,2020-07-20
625,"019515",4,PERIMETRAL I,2,2020-07-20
626,"019340",4,ROBERTO BURLE MARX,2,2020-07-20
627,"090280",4,JANETE CLAIR,2,2020-07-20
628,"019649",4,JARDIM DAS PALMAS,28,2020-07-20
629,"090328",4,"GUIOMAR PICCINALI, PROFA.",2,2020-07-20
630,"019494",4,VILA CALU I,2,2020-07-20
631,"097161",4,"ZULEIKA PEREIRA LEITE, PROFA.",2,2020-07-20
632,"099252",4,"NORIMAR TEIXEIRA, PROFA.",2,2020-07-20
633,"019374",4,"LOREANE LALLO, PROFA",17,2020-07-20
634,"019498",4,JARDIM KAGOHARA I,2,2020-07-20
635,"019648",4,CARMELO CALI,28,2020-07-20
636,"090212",4,ASSIS CHATEAUBRIAND,2,2020-07-20
637,"019516",4,ANDORINHA DOS BEIRAIS,2,2020-07-20
638,"019432",4,PARQUE DO LAGO,28,2020-07-20
639,"019352",4,GUARAPIRANGA,17,2020-07-20
640,"019353",4,CANTOS DO AMANHECER,17,2020-07-20
641,"019324",4,JARDIM NOVO SANTO AMARO - ALICE ALVES MARTINS,2,2020-07-20
642,"019645",4,JARDIM DOM JOSE I,28,2020-07-20
643,"010839",4,"CLARICE BENVINDA SANTOS SILVA, PROFA",2,2020-07-20
644,"090247",4,"JULITTA PRADO ALVES DE LIMA, DA.",2,2020-07-20
645,"000256",4,"WILMA ALVARENGA DE OLIVEIRA, PROFA.",2,2020-07-20
646,"011550",4,PAULO ZINGG,2,2020-07-20
647,"019514",4,PIRAJUSSARA,2,2020-07-20
648,"090221",4,"ALAIDE BUENO RODRIGUES, PROFA.",2,2020-07-20
649,"019532",4,IRAPARA,28,2020-07-20
650,"019211",4,MITSUTANI,2,2020-07-20
651,"090174",4,"MARIO ARY PIRES, MAL.",2,2020-07-20
652,"019495",4,PARQUE SANTO ANTONIO I,2,2020-07-20
653,"019501",4,PARQUE FIGUEIRA GRANDE I - ANDRE LUIZ JANUARIO,2,2020-07-20
654,"090255",4,"ROSEMARY SILVA, PROFA",2,2020-07-20
655,"014176",4,"SALOMAO JORGE, DEP.",2,2020-07-20
656,"019204",4,MARIA CLARA MACHADO,2,2020-07-20
657,"019375",4,PARAISOPOLIS,17,2020-07-20
658,"017281",4,CONJ. HABITACIONAL VALO VELHO,2,2020-07-20
659,"090182",4,MARIO SETTE,2,2020-07-20
660,"019499",4,"ROSILDA SILVIO SOUZA, PROFA",2,2020-07-20
661,"090271",4,CLARICE LISPECTOR,2,2020-07-20
662,"000574",4,"ORLANDO DE ALVARENGA GAUDIO, PROF.",2,2020-07-20
663,"019038",4,CHACARA SONHO AZUL,2,2020-07-20
664,"090191",4,JOAQUIM MANUEL DE MACEDO,2,2020-07-20
665,"090140",4,"ASTROGILDA DE ABREU SEVILHA, PROFA",2,2020-07-20
666,"090310",4,ANGENOR DE OLIVEIRA - CARTOLA,2,2020-07-20
667,"090239",4,BARBARA HELIODORA GUILHERMINA DA SILVEIRA,2,2020-07-20
668,"090263",4,CAMPO LIMPO,2,2020-07-20
669,"019490",4,CAMPO LIMPO VI,2,2020-07-20
670,"019653",4,MORUMBI,28,2020-07-20
671,"019200",4,"JOANA MITSUE ISHII, PROFA",2,2020-07-20
672,"019287",5,NAVEGANTES,17,2020-07-20
673,"019151",5,JOAO CANDIDO,2,2020-07-20
674,"019331",5,"MARIA APARECIDA COELHO ALVES TEIXEIRA, PROFA.",17,2020-07-20
675,"019682",5,LUIZ GONZAGA DO NASCIMENTO - GONZAGAO,2,2020-07-20
676,"090638",5,SERGIO CARDOSO,2,2020-07-20
677,"019646",5,JARDIM LUCELIA,2,2020-07-20
678,"019651",5,PARQUE BRASIL,2,2020-07-20
679,"098515",5,"ALBERT SABIN, DR.",2,2020-07-20
680,"019213",5,"RECANTO CAMPO BELO - DIRCE ZILLESG BORGES DOS SANTOS, PROFA",2,2020-07-20
681,"019295",5,TRES LAGOS,17,2020-07-20
682,"019522",5,JARDIM MYRNA,2,2020-07-20
683,"019647",5,"MARIA LUIZA VALENTIM DA CRUZ, PROFA",2,2020-07-20
684,"019533",5,CAMINHO DOS MARTINS,2,2020-07-20
685,"019473",5,VARGEM GRANDE I,2,2020-07-20
686,"019198",5,"MILTON SANTOS, PROF.",17,2020-07-20
687,"019641",5,JARDIM KIOTO,28,2020-07-20
688,"019441",5,"MAGDA FERREIRA DA SILVA CARVALHO, PROFA.",17,2020-07-20
689,"019451",5,PARQUE COCAIA II,2,2020-07-20
690,"090603",5,ZUMBI DOS PALMARES,2,2020-07-20
691,"019644",5,MARCIA KUMBREVICIUS DE MOURA,28,2020-07-20
692,"090565",5,CASTRO ALVES,2,2020-07-20
693,"019448",5,JARDIM NOVO PARELHEIROS I,2,2020-07-20
694,"019300",5,"JOSE LA TORRE, PROF.",2,2020-07-20
695,"019210",5,ORLANDO VILLAS BOAS,2,2020-07-20
696,"019258",5,GRAJAU,2,2020-07-20
697,"019521",5,JARDIM GAIVOTAS,2,2020-07-20
698,"090590",5,"ARISTIDES NOGUEIRA, DR.",2,2020-07-20
699,"000531",5,MARIA EUGENIA FAKHOURY,2,2020-07-20
700,"019323",5,"ODILEA BOTTA DE MATTOS, PROFA",2,2020-07-20
701,"019536",5,CANAL DO COCAIA,2,2020-07-20
702,"000493",5,AURELIO BUARQUE DE HOLANDA FERREIRA,2,2020-07-20
703,"400875",5,JARDIM IPORANGA,28,2020-07-20
704,"011568",5,JOSE ROSCHEL CHRISTI - JUCA ROCHA,2,2020-07-20
705,"090620",5,MARIALICE MENCARINI FORACCHI,2,2020-07-20
706,"098931",5,"OSVALDO CORDEIRO DE FARIAS, MAL.",2,2020-07-20
707,"090549",5,VIRIATO CORREIA,2,2020-07-20
708,"090557",5,CARLOS DRUMMOND DE ANDRADE,2,2020-07-20
709,"090573",5,"RIO BRANCO, BR. DO",2,2020-07-20
710,"090581",5,LUIS TRAVASSOS,2,2020-07-20
711,"019197",5,ANGELO KRETA,2,2020-07-20
712,"019611",5,JARDIM IDEAL,2,2020-07-20
713,"019479",5,VILA NATAL,2,2020-07-20
714,"090646",5,CLARA NUNES,2,2020-07-20
715,"019535",5,JARDIM SAO BERNARDO,2,2020-07-20
716,"091723",6,MANUEL BANDEIRA,2,2020-07-20
717,"013111",6,CAIO GRACO DA SILVA PRADO,2,2020-07-20
718,"091588",6,BERTHA LUTZ,2,2020-07-20
719,"019355",6,JARDIM PAULISTANO,17,2020-07-20
720,"019393",6,"BERNARDINO PIMENTEL MENDES, DR",2,2020-07-20
721,"091430",6,MANOEL PRETO,2,2020-07-20
722,"000221",6,NAIR CORREA BUARQUE,2,2020-07-20
723,"091464",6,"25 DE JANEIRO",2,2020-07-20
724,"019304",6,PAZ,17,2020-07-20
725,"098965",6,"ODILIO DENYS, MAL.",2,2020-07-20
726,"018295",6,"ALEX FREUA NETTO, VER.",2,2020-07-20
727,"091502",6,MARTINS FONTES,2,2020-07-20
728,"000094",6,VICENTE PAULO DA SILVA,2,2020-07-20
729,"019252",6,"JOSE ROBSON COSTA DE ARAUJO, BOMBEIRO",2,2020-07-20
730,"091537",6,ROSA E CAROLINA AGAZZI,2,2020-07-20
731,"019482",6,PORTO NACIONAL,2,2020-07-20
732,"091456",6,FELIPE MESTRE JOU,2,2020-07-20
733,"091570",6,"EDUARDO GOMES, BRIG.",2,2020-07-20
734,"019469",6,JARDIM MONJOLO I,2,2020-07-20
735,"091596",6,"ENZO SILVEIRA, DR.",2,2020-07-20
736,"091499",6,ANITA GARIBALDI,2,2020-07-20
737,"013315",6,"MARIA LUCIA PETIT DA SILVA, PROFA.",2,2020-07-20
738,"091731",6,"7 DE SETEMBRO",2,2020-07-20
739,"098957",6,"ARLINDO VEIGA DOS SANTOS, PROF.",2,2020-07-20
740,"091561",6,ABELARDO GALDINO PINTO - PIOLIN,2,2020-07-20
741,"091481",6,"ALEXANDRE GAMA, CEL.",2,2020-07-20
742,"091511",6,"LUCAS NOGUEIRA GARCEZ, GOV.",2,2020-07-20
743,"091545",6,JULIO DE MESQUITA FILHO,2,2020-07-20
744,"091472",6,"JOSE CANAVO FILHO, CEL.",2,2020-07-20
745,"014567",6,"TITO LIVIO FERREIRA, PROF.",2,2020-07-20
746,"091529",6,"BILAC PINTO, MIN.",2,2020-07-20
747,"018554",6,ANTONIO CALLADO,2,2020-07-20
748,"091448",6,OLAVO BILAC,2,2020-07-20
749,"099643",6,DULCE HAUCK,2,2020-07-20
750,"091553",6,NELSON MANDELA,2,2020-07-20
751,"019328",7,"IRENE MANKE MARQUES, PROFA.",17,2020-07-20
752,"018201",7,"LUCILIA DE ANDRADE FERREIRA, PROFA.",2,2020-07-20
753,"097080",7,ELISA KAUFFMANN ABRAMOVICH,2,2020-07-20
754,"091014",7,AMACIO MAZZAROPI,2,2020-07-20
755,"019524",7,"ANA PAULA APARECIDA DINIZ PRIMO, PROFA",2,2020-07-20
756,"019654",7,CIDADE TIRADENTES IV,2,2020-07-20
757,"090972",7,MARGARIDA MARIA ALVES,2,2020-07-20
758,"014672",7,"EDUARDO KNEESE DE MELLO, PROF.",2,2020-07-20
759,"009130",7,OLGA BENARIO PRESTES,2,2020-07-20
760,"019655",7,LAJEADO II,2,2020-07-20
761,"014681",7,"ELISIARIO RODRIGUES DE SOUSA, PROF.",2,2020-07-20
762,"091031",7,SAMUEL WAINER,2,2020-07-20
763,"013501",7,"DULCE SALLES FERRAZ, PROFA.",2,2020-07-20
764,"019301",7,"MARIA APARECIDA LARA COIADO, PROFA",2,2020-07-20
765,"091154",7,ANTONIO PEREIRA LIMA,2,2020-07-20
766,"018538",7,"GESSY GEBARA, PROFA.",2,2020-07-20
767,"019285",7,"THERESINHA SQUINCA DA SILVA, PROFA",17,2020-07-20
768,"097071",7,"KLAUS REINACH, ENG.",2,2020-07-20
769,"019248",7,WILSON REIS SANTOS,2,2020-07-20
770,"019511",7,"DORACI DOS SANTOS RAMOS, PROFA",2,2020-07-20
771,"017710",7,"HELENA LOPES SANTANA DA SILVA, PROFA.",2,2020-07-20
772,"019315",7,EDNA ALVES DE SOUSA PROFA,17,2020-07-20
773,"090999",7,ADONIRAN BARBOSA,2,2020-07-20
774,"019344",7,"ELIZA MARA TORRES, PROFA",2,2020-07-20
775,"000086",7,PAULO CAMILHIER FLORENCANO,2,2020-07-20
776,"019246",7,"RAUL NEMENZ, PROF",2,2020-07-20
777,"091162",7,MAGDALENA TAGLIAFERRO,2,2020-07-20
778,"090981",7,CARLOTA PEREIRA DE QUEIROZ,2,2020-07-20
779,"013498",7,"JOSE ROBERTO DE CASTRO RIBEIRO, PROF.",2,2020-07-20
780,"090859",7,TOMAS GALHARDO,2,2020-07-20
781,"091022",7,ODUVALDO VIANA FILHO,2,2020-07-20
782,"019284",7,INACIO MONTEIRO,17,2020-07-20
783,"090832",7,RODRIGUES DE ABREU,2,2020-07-20
784,"011886",7,"MARIO BENI, DEP.",2,2020-07-20
785,"097098",7,VALDIR AZEVEDO,2,2020-07-20
786,"090841",7,"GIANFEDERICO PORTA, PROF.",2,2020-07-20
787,"019485",7,"FULVIA ROSEMBERG, PROFA",2,2020-07-20
788,"091987",8,"BENNO HUBERT STOLLENWERK, PE.",17,2020-07-20
789,"019237",8,SANTO DIAS DA SILVA,2,2020-07-20
790,"019477",8,"ISOLINA LEONEL FERREIRA, PROFA.",2,2020-07-20
791,"092002",8,"ISABEL, PRINC.",2,2020-07-20
792,"098604",8,"CARVALHO PINTO, GOV.",2,2020-07-20
793,"091952",8,MONTESE,2,2020-07-20
794,"018503",8,"JOSEMARIA ESCRIVA, BEM-AVENTURADO",2,2020-07-20
795,"014575",8,CIDADE DO SOL,2,2020-07-20
796,"019534",8,JOAQUIM ANTONIO DA ROCHA,2,2020-07-20
797,"092461",8,AFONSO CELSO,2,2020-07-20
798,"091961",8,"MARIO MARQUES E SERRA, PE.",2,2020-07-20
799,"019319",8,"FATIMA REGINA DA CRUZ SABINO CALACA, PROFA",2,2020-07-20
800,"019478",8,"MARISA RICCA XIMENES, PROFA.",2,2020-07-20
801,"017736",8,ANTONIO FIGUEIREDO AMARAL,2,2020-07-20
802,"092452",8,QUINTA DAS PAINEIRAS,2,2020-07-20
803,"092509",8,BRENNO FERRAZ DO AMARAL,2,2020-07-20
804,"091839",8,ALBERTO DE OLIVEIRA,2,2020-07-20
805,"017515",8,"MARIA LUIZA MORETTI GENTILE, PROFA.",2,2020-07-20
806,"090425",8,MONTEIRO LOBATO,2,2020-07-20
807,"092410",8,"ANA ROSA DE ARAUJO, DA",2,2020-07-20
808,"092398",8,SAO PAULO,2,2020-07-20
809,"092436",8,"PAULO ALVES, TTE.",2,2020-07-20
810,"091995",8,BATISTA CEPELOS,2,2020-07-20
811,"092479",8,"ZENAIDE GRANDINI, PROFA.",2,2020-07-20
812,"091821",8,"FEIJO, REG.",2,2020-07-20
813,"091847",8,ANGELO MARTINO,2,2020-07-20
814,"091871",8,ARMANDO DE ARRUDA PEREIRA,2,2020-07-20
815,"092401",8,HEITOR VILLA LOBOS,2,2020-07-20
816,"019659",8,VILA ALPINA,31,2020-07-20
817,"000558",8,SENA MADUREIRA,2,2020-07-20
818,"091863",8,GABRIEL PRESTES,2,2020-07-20
819,"092487",8,"SEBASTIAO SANCHES MARTINES, PROF",2,2020-07-20
820,"091944",8,"THEREZINHA BATISTA PETTAN, PROFA.",2,2020-07-20
821,"019259",8,"CARLOS EDUARDO DE CAMARGO ARANHA, DR.",2,2020-07-20
822,"091898",8,"ALCEU MAYNARD DE ARAUJO, PROF.",2,2020-07-20
823,"092371",8,"IGNACIO HENRIQUE ROMEIRO, PROF.",2,2020-07-20
824,"091936",8,"MANUEL SOARES NEIVA, CEL.",2,2020-07-20
825,"019376",8,"LUCIANA AZEVEDO POMPERMAYER, PROFA.",17,2020-07-20
826,"091979",8,ANTONIO FRANCISCO LISBOA,17,2020-07-20
827,"009989",8,OTAVIO JOSE DA SILVA JUNIOR,2,2020-07-20
828,"091855",8,PATRICIA GALVAO,2,2020-07-20
829,"000442",8,"ANTONIO RUBBO MULLER, PROF.",2,2020-07-20
830,"019186",8,"SILVIO CALDAS, COMPOSITOR",2,2020-07-20
831,"092428",8,OSWALDO CRUZ,2,2020-07-20
832,"092495",8,JOSE VERISSIMO,2,2020-07-20
833,"091910",8,DELFINO AZEVEDO,2,2020-07-20
834,"092363",8,"LUCY GARCIA SALGADO, PROFA.",2,2020-07-20
835,"092380",8,"ANITA COSTA, DA.",2,2020-07-20
836,"092011",8,"PEDRO I, D.",2,2020-07-20
837,"019444",8,VILA EMA,2,2020-07-20
838,"091880",8,JOAO THEODORO,2,2020-07-20
839,"091928",8,"MILTON IMPROTA, PROF.",2,2020-07-20
840,"092134",9,"OLANDYA PERES RIBEIRO, PROFA.",2,2020-07-20
841,"090751",9,"BUENO DE AZEVEDO, DR.",2,2020-07-20
842,"090808",9,"MANOEL DA NOBREGA, PE.",2,2020-07-20
843,"090913",9,FLORINDA ROBERTO QUEIROZ DE CASTRO,2,2020-07-20
844,"019657",9,PARQUE DO CARMO,31,2020-07-20
845,"019346",9,NAJLA CURI IZAR,2,2020-07-20
846,"019231",9,GLEBA DO PESSEGO,2,2020-07-20
847,"090794",9,ANTONIO GONCALVES DIAS,2,2020-07-20
848,"019062",9,"THEREZA THE DE CARVALHO, PROFA.",2,2020-07-20
849,"019518",9,"CECILIA SANT ANNA DE SOUZA, PROFA.",2,2020-07-20
850,"019504",9,BEGONIA REAL,2,2020-07-20
851,"019403",9,VILA VERDE,2,2020-07-20
852,"092088",9,FRANCISCO ROQUETTI,2,2020-07-20
853,"090743",9,"DENISE MERCIER RODRIGUES AGUIAR, PROFA.",2,2020-07-20
854,"019236",9,CONJ. HABITACIONAL GOITI,2,2020-07-20
855,"019377",9,FORMOSA,17,2020-07-20
856,"019642",9,PARQUE SAVOY CITY,2,2020-07-20
857,"090816",9,"MARIA HELENA BARBOSA MARTINS, PROFA.",2,2020-07-20
858,"092118",9,"NEYL GOMEZ MARTIN, PROFA.",2,2020-07-20
859,"017329",9,VICENTE MATHEUS,2,2020-07-20
860,"092100",9,"ALBERTO MESQUITA DE CAMARGO, PROF.",2,2020-07-20
861,"019209",9,"LUIS BIRAGHI, MONSENHOR",2,2020-07-20
862,"090735",9,JOSE DUARTE,2,2020-07-20
863,"019214",9,JARDIM VILA NOVA,17,2020-07-20
864,"019280",9,ARICANDUVA,17,2020-07-20
865,"090930",9,ERNANI SILVA BRUNO,2,2020-07-20
866,"091286",9,"MARIA LAURA DE SOUZA CAMPOS, PROFA.",2,2020-07-20
867,"090760",9,"SYLVIA VARONI DE CASTRO, PROFA.",2,2020-07-20
868,"090948",9,MIROEL SILVEIRA,2,2020-07-20
869,"090964",9,"APARECIDA MARIA DE MENDONCA, PROFA.",2,2020-07-20
870,"092142",9,"SUZANA EVANGELINA FELIPPE, PROFA.",2,2020-07-20
871,"090662",9,MARIA MONTESSORI,2,2020-07-20
872,"019339",9,CIDADE A E CARVALHO,2,2020-07-20
873,"090778",9,"LEONARDO VAN ACKER, PROF.",2,2020-07-20
874,"090654",9,PIRATININGA,2,2020-07-20
875,"090956",9,"CARLOS JEREISSATI, SEN.",2,2020-07-20
876,"091006",9,"NILDO DO AMARAL JUNIOR, PE.",2,2020-07-20
877,"090786",9,"FLORIANO PEIXOTO, MAL.",2,2020-07-20
878,"019089",9,JOAO RUBENS MARCELO,2,2020-07-20
879,"099333",9,JARDIM MARILIA,2,2020-07-20
880,"091057",9,"LUIZ PEREIRA, PROF.",2,2020-07-20
881,"092096",9,"JOAO ORTALE, PROF.",2,2020-07-20
882,"090905",9,"JOSE GASPAR, D.",17,2020-07-20
883,"090921",9,"PEDRO CHAVES, MIN.",2,2020-07-20
884,"091251",9,GLAUBER ROCHA,2,2020-07-20
885,"090824",9,RONALD DE CARVALHO,2,2020-07-20
886,"092185",1,ANA NERI,2,2020-07-20
887,"098981",1,LUIS GAMA,2,2020-07-20
888,"019178",1,MARGARETH DE FATIMA MARQUES DE AZEVEDO,2,2020-07-20
889,"092215",1,EDUARDO CARLOS PEREIRA,2,2020-07-20
890,"018309",1,"VERA ARNONI SCALQUETTI, PROFA.",2,2020-07-20
891,"092266",1,"TAUFIK DAUD KURBAN, PROF.",2,2020-07-20
892,"092177",1,"LOURENCO FILHO, PROF.",2,2020-07-20
893,"092274",1,"ITALO BETTARELLO, PROF.",2,2020-07-20
894,"092240",1,"EDU CHAVES, AVIADOR",2,2020-07-20
895,"092258",1,"OTTILIA DE JESUS PIRES, PROFA.",2,2020-07-20
896,"000248",1,"WALFRIDO DE CARVALHO, CEL.",2,2020-07-20
897,"091791",1,ARTHUR ETZEL,2,2020-07-20
898,"000230",1,"MARIA YOLANDA DE SOUZA PINTO HAHNE, DA.",2,2020-07-20
899,"019127",1,"CLEIDE MOREIRA DOS SANTOS, PROFA.",2,2020-07-20
900,"091740",1,JOSE BONIFACIO DE ANDRADA E SILVA,2,2020-07-20
901,"092193",1,"YUKIO OZAKI, PROF.",2,2020-07-20
902,"092169",1,"ANCHIETA, PE.",2,2020-07-20
903,"017728",1,JOSE JOAQUIM DA SILVA,2,2020-07-20
904,"091774",1,"ENIO CORREA, PROF.",2,2020-07-20
905,"091782",1,"EUDOXIA DE BARROS, PROFA.",2,2020-07-20
906,"013471",1,MARINA NOGUEIRA DE SOUZA MARTINS,2,2020-07-20
907,"009270",1,DINA KUTNER DE SOUZA - DINA SFAT,2,2020-07-20
908,"016721",1,"CELSO DE SOUSA OLIVEIRA, PROF.",2,2020-07-20
909,"092223",1,MARIA ISABEL PACHECO DE ALMEIDA RIBEIRO,2,2020-07-20
910,"091766",1,"GINA DE MARTINO, DRA.",2,2020-07-20
911,"009911",1,SAVA POPOVIC,2,2020-07-20
912,"013358",1,"JANIO QUADROS, PRES.",2,2020-07-20
913,"019470",1,"PEDRO ALVARES CABRAL MORAES, PROF.",2,2020-07-20
914,"098990",1,"JONISE MAXIMO DA FONSECA, PROFA.",2,2020-07-20
915,"092291",1,FLAVIO IMPERIO,2,2020-07-20
916,"098973",1,"9 DE JULHO",2,2020-07-20
917,"019658",1,"FERNANDO CAMARGO SOARES, PROF.",2,2020-07-20
918,"092282",1,"LAURA FUNFAS LE SUEUR, PROFA.",2,2020-07-20
919,"019381",1,"EDALZIR SAMPAIO LIPORONI, PROFA.",2,2020-07-20
920,"092231",1,CIDADE FERNAO DIAS,2,2020-07-20
921,"019332",1,JACANA,17,2020-07-20
922,"092207",1,CARLOS GOMES,2,2020-07-20
923,"091758",1,"JOSE AUGUSTO CESAR, DR.",2,2020-07-20
924,"091341",10,"JOSE RUBENS PERES FERNANDES, PROF.",2,2020-07-20
925,"019481",10,"MARCIANO VASQUES PEREIRA, PROF",2,2020-07-20
926,"091308",10,"RAFAEL TOBIAS DE AGUIAR, BRIG.",2,2020-07-20
927,"091413",10,RODRIGO SOARES JUNIOR,2,2020-07-20
928,"019666",10,"DINAH GALVAO, PROFA.",2,2020-07-20
929,"091324",10,EVARISTO DA VEIGA,2,2020-07-20
930,"091383",10,"DUTRA, PRES.",2,2020-07-20
931,"019309",10,FERNANDO SABINO,2,2020-07-20
932,"091421",10,ALFREDO DA ROCHA VIANA FILHO - PIXINGUINHA,2,2020-07-20
933,"091901",10,CASPER LIBERO,2,2020-07-20
934,"092070",10,"MARIO ALVES DE CARVALHO, DR.",2,2020-07-20
935,"091260",10,"IRENE FAVRET LOPES, PROFA.",2,2020-07-20
936,"092045",10,GUILHERME RUDGE,2,2020-07-20
937,"091090",10,"MIGUEL COSTA, GEN.",2,2020-07-20
938,"092037",10,MARCILIO DIAS,2,2020-07-20
939,"018279",10,"CEZAR ROGERIO OLIVEIRA PERAMEZZA, PROF.",2,2020-07-20
940,"019119",10,"NEUSA CONCEICAO STINCHI, PROFA.",2,2020-07-20
941,"090689",10,"MARIA VITORIA DA CUNHA, PROFA.",2,2020-07-20
942,"091367",10,"GOULART, ENG.",2,2020-07-20
943,"017451",10,"RUTH GONCALVES CHAVES DE SIQUEIRA, PROFA.",2,2020-07-20
944,"090697",10,PEDRO BRASIL BANDECCHI,2,2020-07-20
945,"019342",10,"LEILA MARIA FONTELES FARIAS, PROFA",2,2020-07-20
946,"019542",10,"ANA MARCHIONE SALLES, PROFA.",2,2020-07-20
947,"091081",10,"MAX WOLF FILHO, SGT.",2,2020-07-20
948,"091359",10,MARIO GRACIOTTI,2,2020-07-20
949,"019101",10,"DINAH FERNANDES COSTA , PROFA.",2,2020-07-20
950,"091073",10,AUGUSTO FROEBEL,2,2020-07-20
951,"091405",10,MARIA LACERDA DE MOURA,2,2020-07-20
952,"019357",10,BRAZ JAIME ROMANO,17,2020-07-20
953,"090701",10,IBIAPABA MARTINS,2,2020-07-20
954,"091294",10,QUINTINO BOCAIUVA,2,2020-07-20
955,"099279",10,ISA SILVEIRA LEAL,2,2020-07-20
956,"092151",10,"ELDY POLI BIFONE, PROFA.",2,2020-07-20
957,"092029",10,"TAMANDARE, ALM",2,2020-07-20
958,"018520",10,JOAO MENDONCA FALCAO,2,2020-07-20
959,"019230",10,NENE DO AMANHA,2,2020-07-20
960,"099082",10,"JOSE ALOYSIO RODRIGUES CORREA, PROF.",2,2020-07-20
961,"019234",10,"PAULO FREIRE, PROF.",17,2020-07-20
962,"091316",10,"LUIZ GOMES CARDIM SANGIRARDI, ENG.",2,2020-07-20
963,"092053",10,ALUISIO DE AZEVEDO,2,2020-07-20
964,"091332",10,TOMAS ANTONIO GONZAGA,2,2020-07-20
965,"090719",10,"LUCIANO ROBERTO, PROF.",2,2020-07-20
966,"091278",10,"GOMES CARDIM, INTENDENTE",2,2020-07-20
967,"091375",10,SILVIO ROMERO,2,2020-07-20
968,"090727",10,ROBERTO VICTOR CORDEIRO,2,2020-07-20
969,"091391",10,MARY BUARQUE,2,2020-07-20
970,"092061",10,CORNELIO PIRES,2,2020-07-20
971,"017337",10,DO LAR SIRIO,2,2020-07-20
972,"090671",10,LEONARDO ARROYO,2,2020-07-20
973,"099007",11,"CHARBONNEAU, PE.",2,2020-07-20
974,"090409",11,NOEMIA IPPOLITO,2,2020-07-20
975,"019380",11,PARQUE ANHANGUERA,17,2020-07-20
976,"019446",11,RECANTO DOS HUMILDES I,2,2020-07-20
977,"091651",11,OLIVEIRA LIMA,2,2020-07-20
978,"019486",11,PARQUE DAS NACOES I,2,2020-07-20
979,"091715",11,CARMEN DA SILVA,2,2020-07-20
980,"091677",11,AFONSO SARDINHA,2,2020-07-20
981,"091685",11,PAULO VI,2,2020-07-20
982,"019484",11,ESTRADA DO CORREDOR,2,2020-07-20
983,"019577",11,PARADA DE TAIPAS,2,2020-07-20
984,"000434",11,"CLEMENTE SEGUNDO PINHO, PROF.",2,2020-07-20
985,"019392",11,JAGUARE,17,2020-07-20
986,"019296",11,VILA ATLANTICA,17,2020-07-20
987,"091618",11,"OLGA MARIA GERMANO MARTINS DOMINGOS, PROFA.",2,2020-07-20
988,"019212",11,"ANTONIETA DE BARROS, PROFA",2,2020-07-20
989,"090361",11,"SARITA CAMARGO, PROFA.",2,2020-07-20
990,"099988",11,MARIA JOSE DUPRE,2,2020-07-20
991,"091600",11,"OLGA CALIL MENAH, PROFA.",2,2020-07-20
992,"091669",11,PEROLA ELLIS BYINGTON,2,2020-07-20
993,"000469",11,RODOLFO TREVISAN,2,2020-07-20
994,"019205",11,JARDIM MONTE BELO,2,2020-07-20
995,"019345",11,ESTRADA TURISTICA DO JARAGUA,2,2020-07-20
996,"019452",11,"MARIA THEREZA FUMAGALLI, PROFA",2,2020-07-20
997,"090352",11,"LEOPOLDINA, DA.",2,2020-07-20
998,"091642",11,FERNANDO DE AZEVEDO,2,2020-07-20
999,"091626",11,"EUNICE DOS SANTOS, PROFA.",2,2020-07-20
1000,"019203",11,JARDIM FELICIDADE,2,2020-07-20
1001,"019330",11,JORGE AMADO,17,2020-07-20
1002,"090379",11,"NEYDE GUZZI DE CHIACCHIO, PROFA.",2,2020-07-20
1003,"019290",11,PERA MARMELO,17,2020-07-20
1004,"090395",11,"ANA MARIA POPPOVIC, PROFA.",2,2020-07-20
1005,"000451",11,"MARIA DO CARMO GODOY RAMOS, PROFA.",2,2020-07-20
1006,"019461",11,MORRO DOCE,2,2020-07-20
1007,"090387",11,RICARDO GONCALVES,2,2020-07-20
1008,"019312",11,JARDIM DA CONQUISTA,2,2020-07-20
1009,"019467",11,"THAIS MOTTA DE OLIVEIRA E SILVA RODRIGUES, PROFA.",2,2020-07-20
1010,"019255",11,ZELIA GATTAI,2,2020-07-20
1011,"018261",11,"ALICE FEITOSA, DA.",2,2020-07-20
1012,"091693",11,ANTONIO RAPOSO TAVARES,2,2020-07-20
1013,"019202",11,JULIO ALVES PEREIRA,2,2020-07-20
1014,"090344",11,JEAN PIAGET,2,2020-07-20
1015,"014893",11,"MARIA DAILCE MONTEIRO DA SILVA GOMES, PROFA.",2,2020-07-20
1016,"090417",11,SANTOS DUMONT,2,2020-07-20
1017,"019326",11,JAGUARE,2,2020-07-20
1018,"019253",11,"JOAO PAULO II, PAPA",2,2020-07-20
1019,"018287",11,ANTONIO MUNHOZ BONILHA,2,2020-07-20
1020,"099015",11,EURIPEDES SIMOES DE PAULA,2,2020-07-20
1021,"091707",11,PEDRO DE TOLEDO,2,2020-07-20
1022,"091634",11,CONJ. RESIDENCIAL ELISIO TEIXEIRA LEITE,2,2020-07-20
1023,"019371",12,CAMINHO DO MAR,17,2020-07-20
1024,"019527",12,JARDIM AMERICANOPOLIS,2,2020-07-20
1025,"019652",12,JARDIM APURA,2,2020-07-20
1026,"019472",12,CIDADE ADEMAR II,2,2020-07-20
1027,"014125",12,VIRGILIO TAVORA,2,2020-07-20
1028,"092347",12,LAUDO FERREIRA DE CAMARGO,2,2020-07-20
1029,"000388",12,RAUL JOVIANO DO AMARAL,2,2020-07-20
1030,"092321",12,"LEONOR MENDES DE BARROS, DA.",2,2020-07-20
1031,"019523",12,PEDREIRA I,2,2020-07-20
1032,"019471",12,"DORINA NOWILL, PROFESSORA",2,2020-07-20
1033,"090531",12,"JOAO DE DEUS BUENO DOS REIS, DR.",2,2020-07-20
1034,"098949",12,CRUZ E SOUSA,2,2020-07-20
1035,"019475",12,CIDADE ADEMAR III,2,2020-07-20
1036,"099040",12,VANDA COELHO DE MORAES,2,2020-07-20
1037,"019525",12,JARDIM MARIA LUIZA,2,2020-07-20
1038,"014117",12,AYRTON SENNA DA SILVA,2,2020-07-20
1039,"090611",12,CORA CORALINA,2,2020-07-20
1040,"019097",12,ARTHUR BAPTISTA DA LUZ,2,2020-07-20
1041,"019279",12,ALVARENGA,17,2020-07-20
1042,"090492",12,BORBA GATO,2,2020-07-20
1043,"092312",12,CASIMIRO DE ABREU,2,2020-07-20
1044,"019530",12,VILA SANTA CATARINA,2,2020-07-20
1045,"092304",12,MACHADO DE ASSIS,2,2020-07-20
1046,"090522",12,"CELSO FERREIRA DA SILVA, PROF.",2,2020-07-20
1047,"092444",12,"ALEXANDRE CORREIA, PROF.",2,2020-07-20
1048,"090476",12,GELOIRA DE CAMPOS,2,2020-07-20
1049,"092355",12,"LOURDES HEREDIA MELLO, PROFA.",2,2020-07-20
1050,"092339",12,NEUSA MARIA ROSSI,2,2020-07-20
1051,"090506",12,ANHANGUERA,2,2020-07-20
1052,"090514",12,FRANCISCO MANUEL DA SILVA,2,2020-07-20
1053,"099244",12,"SYLVIO DE MAGALHAES FIGUEIREDO, ALM.",2,2020-07-20
1054,"019510",12,"ROSA MARIA DOGO DE RESENDE, PROFA",2,2020-07-20
1055,"092584",2,"ANTONIA DE OLIVEIRA MOTA DE ARAUJO, PROFA.",2,2020-07-20
1056,"019450",2,JARDIM PREMIANO,2,2020-07-20
1057,"092517",2,ORIGENES LESSA,2,2020-07-20
1058,"019382",2,ALTO ALEGRE,17,2020-07-20
1059,"019593",2,IGUATEMI,2,2020-07-20
1060,"019299",2,ROSA DA CHINA,17,2020-07-20
1061,"090867",2,PESTALOZZI,2,2020-07-20
1062,"092673",2,JOSE MAURO DE VASCONCELOS,2,2020-07-20
1063,"019293",2,SAO MATEUS,17,2020-07-20
1064,"019364",2,"ROQUE SPENCER MACIEL DE BARROS, PROF.",17,2020-07-20
1065,"099538",2,RACHEL MESQUITA DE SALLES OLIVEIRA,2,2020-07-20
1066,"090883",2,JESUINA NUNES BARBOSA,2,2020-07-20
1067,"090891",2,CECILIA MEIRELLES,2,2020-07-20
1068,"091065",2,ELIS REGINA,2,2020-07-20
1069,"019320",2,JARDIM DA CONQUISTA II,2,2020-07-20
1070,"019245",2,APARECIDA CANDIDA DOS SANTOS DE JESUS - DONA CIDICA,2,2020-07-20
1071,"092576",2,"VITAL BRAZIL, DR.",2,2020-07-20
1072,"019054",2,"ADALBERTO PANZAN, DR.",2,2020-07-20
1073,"019325",2,MANOEL DE ALVARENGA FREIRE JUNIOR PROF,2,2020-07-20
1074,"019240",2,ALFREDO VOLPI,2,2020-07-20
1075,"092568",2,MARIO DE ANDRADE,2,2020-07-20
1076,"000426",2,"CELIA CAMARGO PENTEADO ELIAS, PROFA.",2,2020-07-20
1077,"019206",2,FRANCISCO ADAUTO RODRIGUES,2,2020-07-20
1078,"092614",2,"CARLOS HUMBERTO VOLPON, PROF.",2,2020-07-20
1079,"099210",2,CHARLES CHAPLIN,2,2020-07-20
1080,"013447",2,"HENRIQUE RICCHETTI, PROF.",2,2020-07-20
1081,"018350",2,ANTONIO CARLOS BRASILEIRO DE ALMEIDA JOBIM - TOM JOBIM ,2,2020-07-20
1082,"019311",2,JARDIM IMPERADOR,2,2020-07-20
1083,"092541",2,VICENTE DE CARVALHO,2,2020-07-20
1084,"019235",2,CONJ. HABITACIONAL SAO FRANCISCO,2,2020-07-20
1085,"011045",2,EDER SADER,2,2020-07-20
1086,"019508",2,"PAULA CRISTINA RODRIGUES, PROFA",2,2020-07-20
1087,"090875",2,FELIPE DOLIVEIRA,2,2020-07-20
1088,"092631",2,CLOVIS BEVILACQUA,2,2020-07-20
1089,"019623",2,"RUMI OIKAWA, PROFA",2,2020-07-20
1090,"092665",2,CARMEM MIRANDA,2,2020-07-20
1091,"092592",2,MANOEL FIEL FILHO,2,2020-07-20
1092,"092126",2,"JOSE VICENTE DA CUNHA, PROF.",2,2020-07-20
1093,"092533",2,JOSE CLEMENTE PEREIRA,2,2020-07-20
1094,"019071",2,"MARIA CECILIA DEZAN ROCHA, PROFA.",2,2020-07-20
1095,"019358",2,"ERIKA DE SOUZA BRITO MATOS, PROFA.",17,2020-07-20
1096,"019656",2,PACHECO GATO,28,2020-07-20
1097,"018228",2,"MARIA DE LOURDES COUTINHO TORRES, DA.",2,2020-07-20
1098,"092525",2,BENJAMIN CONSTANT,2,2020-07-20
1099,"092550",2,ATAULFO ALVES,2,2020-07-20
1100,"092649",2,CHIQUINHA GONZAGA,2,2020-07-20
1101,"092606",2,ADEVALDO DE MORAES,2,2020-07-20
1102,"092657",2,NINI DUARTE,2,2020-07-20
1103,"099074",2,DANTON CASTILHO CABRAL,2,2020-07-20
1104,"011380",13,"ANTONIO ROBERTO ALVES BRAGA, DR.",2,2020-07-20
1105,"019650",13,MARECHAL TITO,2,2020-07-20
1106,"091227",13,OVIDIO DECROLY,2,2020-07-20
1107,"098884",13,"ALIOMAR BALEEIRO, MIN.",2,2020-07-20
1108,"019316",13,"CELIA RIBEIRO LANDIM, PROFA",2,2020-07-20
1109,"017531",13,"VALENTINA ANTONINI DA SILVA, PROFA.",2,2020-07-20
1110,"019502",13,"MARISA LOPES PINHEIRO, PROFA",2,2020-07-20
1111,"091219",13,"ALBERTO MENDES JUNIOR, CAP.",2,2020-07-20
1112,"091197",13,"PEDRO II, D.",2,2020-07-20
1113,"011541",13,"YOLANDA BASSI, PROFA.",2,2020-07-20
1114,"013218",13,SEVERINO DO RAMO,2,2020-07-20
1115,"019201",13,"MARIA DA LUZ SILVA DE OLIVEIRA, PROFA.",2,2020-07-20
1116,"019468",13,LOURO ROSA,2,2020-07-20
1117,"019250",13,"LAURA DA CONCEICAO PEREIRA QUINTAES, PROFA.",2,2020-07-20
1118,"091111",13,EPITACIO PESSOA,2,2020-07-20
1119,"019199",13,CLEMENCIA FERREIRA DA SILVA,2,2020-07-20
1120,"097101",13,"TANCREDO NEVES, PRES.",2,2020-07-20
1121,"099805",13,J.G. DE ARAUJO JORGE,2,2020-07-20
1122,"013226",13,"CARLOS OLIVALDO DE SOUZA LOPES MUNIZ, DR.",17,2020-07-20
1123,"017655",13,"SEBASTIANA DE ARRUDA CRUZ OLIVEIRA, PROFA.",2,2020-07-20
1124,"091120",13,AFRANIO PEIXOTO,2,2020-07-20
1125,"097691",13,DILSON FUNARO,2,2020-07-20
1126,"019429",13,"ALDO GIANNINI, ENG.",2,2020-07-20
1127,"019459",13,UNIAO DE VILA NOVA I,2,2020-07-20
1128,"013692",13,"DORACIL DINA BENICIO, PROFA.",2,2020-07-20
1129,"091103",13,JARDIM PEDRO JOSE NUNES,2,2020-07-20
1130,"019359",13,TRES PONTES,17,2020-07-20
1131,"012246",13,"FAUSTO RIBEIRO DA SILVA FILHO, DR.",2,2020-07-20
1132,"019289",13,ANTON MAKARENKO,17,2020-07-20
1133,"091146",13,GRACILIANO RAMOS,2,2020-07-20
1134,"019297",13,"APPARECIDO DOMINGUES, PROF.",17,2020-07-20
1135,"091189",13,JOSE DE ALENCAR,2,2020-07-20
1136,"091243",13,LEILA DINIZ,2,2020-07-20
1137,"019207",13,"APARECIDA DE LOURDES CARRILHO JARDIM, PROFA",2,2020-07-20
1138,"019489",13,PARQUE SANTA RITA I,2,2020-07-20
1139,"019318",13,"EDI GREENFIELD, PROFA.",2,2020-07-20
1140,"091138",13,ANTONIO LAPENNA,2,2020-07-20
1141,"091201",13,MARIA QUITERIA,2,2020-07-20
1142,"019135",13,"DALMO AMARAL MACHADO, PROF.",2,2020-07-20
1143,"019238",13,GLOBO DO SOL,2,2020-07-20
1144,"091235",13,"HELENA DE PAULA MARIN, PROFA.",2,2020-07-20
1145,"091171",13,LUIZA HELENA DE BARROS,2,2020-07-20
1146,"099341",13,"MARIA DA CONCEICAO VIEIRA PEREIRA, PROFA.",2,2020-07-20
1147,"200205",5,KRUKUTU,30,2020-07-22
1148,"200206",5,TENONDE PORA,30,2020-07-22
1149,"200204",11,JARAGUA,30,2020-07-22
1150,"019663",11,PINHEIRINHO DAGUA,31,2020-08-10
1151,"019664",11,CORETO DE TAIPAS,31,2020-08-10
1152,"090301",4,"DANTE MOREIRA LEITE, PROF",2,2020-08-15
