"id","ue_id","dre_id","ano","turma_id","notificacao_mensagem","notificacao_titulo","notificacao_tipo","notificacao_categoria","criado_em","criado_por","alterado_em","alterado_por","criado_rf","alterado_rf","tipo","excluido"
94,"093378","108300",2020,,"Foram criadas 2 aula(s) de reposição de REG CLASSE CICLO ALFAB / INTERD 4HRS na turma 4D da MANOEL DE ABREU, DR. (DIRETORIA REGIONAL DE EDUCACAO CAPELA DO SOCORRO). Para que esta aula seja considerada válida você precisa aceitar esta notificação. Para visualizar a aula clique  <a href='http://localhost:3000/calendario-escolar/calendario-professor/cadastro-aula/editar/:30695/'>aqui</a>.",Criação de Aula de Reposição na turma 4D,1,2,2020-06-17 21:35:55,ELIENE DA SILVA,,,"7457952",,3,false
119,"094765","108800",2020,,"Foram criadas 2 aula(s) de reposição de LINGUA PORTUGUESA na turma 7B da MAXIMO DE MOURA SANTOS, PROF. (DIRETORIA REGIONAL DE EDUCACAO JACANA/TREMEMBE). Para que esta aula seja considerada válida você precisa aceitar esta notificação. Para visualizar a aula clique  <a href='https://dev-novosgp.sme.prefeitura.sp.gov.br/calendario-escolar/calendario-professor/cadastro-aula/editar/:31626/'>aqui</a>.",Criação de Aula de Reposição na turma 7B,1,2,2020-07-01 21:24:25,ADALGISA GONCALVES,,,"6769195",,3,false
120,"094765","108800",2020,,"Foram criadas 3 aula(s) de reposição de LINGUA PORTUGUESA na turma 7B da MAXIMO DE MOURA SANTOS, PROF. (DIRETORIA REGIONAL DE EDUCACAO JACANA/TREMEMBE). Para que esta aula seja considerada válida você precisa aceitar esta notificação. Para visualizar a aula clique  <a href='https://dev-novosgp.sme.prefeitura.sp.gov.br/calendario-escolar/calendario-professor/cadastro-aula/editar/:31626/'>aqui</a>.",Criação de Aula de Reposição na turma 7B,1,2,2020-07-02 09:09:11,ADALGISA GONCALVES,,,"6769195",,3,false
121,"094765","108800",2020,,"Foram criadas 2 aula(s) de reposição de LINGUA PORTUGUESA na turma 7B da MAXIMO DE MOURA SANTOS, PROF. (DIRETORIA REGIONAL DE EDUCACAO JACANA/TREMEMBE). Para que esta aula seja considerada válida você precisa aceitar esta notificação. Para visualizar a aula clique  <a href='https://dev-novosgp.sme.prefeitura.sp.gov.br/calendario-escolar/calendario-professor/cadastro-aula/editar/:31784/'>aqui</a>.",Criação de Aula de Reposição na turma 7B,1,2,2020-07-02 09:09:58,ADALGISA GONCALVES,2020-07-02 09:29:00,ADALGISA GONCALVES,"6769195","6769195",3,true
122,"094765","108800",2020,,"Foram criadas 3 aula(s) de reposição de LINGUA PORTUGUESA na turma 7B da MAXIMO DE MOURA SANTOS, PROF. (DIRETORIA REGIONAL DE EDUCACAO JACANA/TREMEMBE). Para que esta aula seja considerada válida você precisa aceitar esta notificação. Para visualizar a aula clique  <a href='https://dev-novosgp.sme.prefeitura.sp.gov.br/calendario-escolar/calendario-professor/cadastro-aula/editar/:31809/'>aqui</a>.",Criação de Aula de Reposição na turma 7B,1,2,2020-07-02 09:29:23,ADALGISA GONCALVES,,,"6769195",,3,false
134,"019520","108100",2020,,"O evento Evento em Liberação Excepcional - 30/8/2020 foi criado no calendário Infantil 2020 da . Para que este evento seja considerado válido, você precisa aceitar esta notificação. Para visualizar o evento clique <a href='http://localhost:3000/calendario-escolar/eventos/editar/750/'>aqui</a>.",Criação de Eventos Excepcionais,1,2,2020-08-07 12:41:35,HELOISA MARIA DE MORAIS GIANNICHI,2020-08-07 12:44:04,HELOISA MARIA DE MORAIS GIANNICHI,"7944560","7944560",2,true
133,"019520","108100",2020,,"O evento Evento em Liberação Excepcional - 30/8/2020 foi criado no calendário Infantil 2020 da . Para que este evento seja considerado válido, você precisa aceitar esta notificação. Para visualizar o evento clique <a href='http://localhost:3000/calendario-escolar/eventos/editar/749/'>aqui</a>.",Criação de Eventos Excepcionais,1,2,2020-08-07 12:40:21,HELOISA MARIA DE MORAIS GIANNICHI,2020-08-07 12:44:26,HELOISA MARIA DE MORAIS GIANNICHI,"7944560","7944560",2,true
136,"019493","108200",2020,,"O evento teste - 2/8/2020 foi criado no calendário Infantil 2020 da . Para que este evento seja considerado válido, você precisa aceitar esta notificação. Para visualizar o evento clique <a href='http://localhost:3000/calendario-escolar/eventos/editar/772/'>aqui</a>.",Criação de Eventos Excepcionais,1,2,2020-08-13 00:56:55,ADRIANA REGINA DE ANDRADE LUZ FAGUNDES,,,"6955207",,2,false
137,"019493","108200",2020,,"O evento teste - 2/8/2020 foi criado no calendário Infantil 2020 da . Para que este evento seja considerado válido, você precisa aceitar esta notificação. Para visualizar o evento clique <a href='http://localhost:3000/calendario-escolar/eventos/editar/773/'>aqui</a>.",Criação de Eventos Excepcionais,1,2,2020-08-13 00:57:45,ADRIANA REGINA DE ANDRADE LUZ FAGUNDES,,,"6955207",,2,false
138,"019493","108200",2020,,"O evento Evento em dia de liberacao exponencial  - 2/8/2020 foi criado no calendário Infantil 2020 da . Para que este evento seja considerado válido, você precisa aceitar esta notificação. Para visualizar o evento clique <a href='https://dev-novosgp.sme.prefeitura.sp.gov.br/calendario-escolar/eventos/editar/774/'>aqui</a>.",Criação de Eventos Excepcionais,1,2,2020-08-13 01:19:46,ADRIANA REGINA DE ANDRADE LUZ FAGUNDES,,,"6955207",,2,false
58,"094668","108800",2020,"1986482","<p>A(s) nota(s) final(is) da turma 2A da EMEFM DERVILLE ALLEGRETTI, PROF. (DRE DIRETORIA REGIONAL DE EDUCACAO JACANA/TREMEMBE) no bimestre 1 de 2019 foram alterados pelo Professor FILIPE GONCALVES DE SOUZA NOGUEIRA DA SILVA(01/08/2020 16:10:40) em 15/04/2020 às 20:19 para o(s) seguinte(s) aluno(s):</p><table style='margin-left: auto; margin-right: auto;' border='2' cellpadding='5'>
<tr>
<td style='padding: 5px;'>Código Aluno</td>
<td style='padding: 5px;'>Nome do aluno</td>
</tr>
<tr>
<td style='padding: 5px;'>7256028</td><td style='padding: 5px;'>ALAN GRUGNALE MEDINA</td></tr>
<tr>
<td style='padding: 5px;'>2626907</td><td style='padding: 5px;'>CLAYTON HENRIQUE SANTOS DE OLIVEIRA</td></tr>
<tr>
<td style='padding: 5px;'>3545990</td><td style='padding: 5px;'>CLEBER MARINHO DOS SANTOS JUNIOR</td></tr>
<tr>
<td style='padding: 5px;'>3564969</td><td style='padding: 5px;'>DAVID ALVES DOS SANTOS</td></tr>
</table>
<p>Você precisa aceitar esta notificação para que a alteração seja considerada válida.</p>
",Alteração em nota final - Turma 2A (2019),4,2,2020-04-15 20:19:43,FILIPE GONCALVES DE SOUZA NOGUEIRA DA SILVA,2020-06-17 21:19:03,ADALGISA GONCALVES,"8085676","6769195",6,true
60,"094668","108800",2020,"1986482","<p>A(s) nota(s) final(is) da turma 2A da EMEFM DERVILLE ALLEGRETTI, PROF. (DRE DIRETORIA REGIONAL DE EDUCACAO JACANA/TREMEMBE) no bimestre 1 de 2019 foram alterados pelo Professor FILIPE GONCALVES DE SOUZA NOGUEIRA DA SILVA(01/08/2020 16:10:40) em 15/04/2020 às 23:23 para o(s) seguinte(s) aluno(s):</p><table style='margin-left: auto; margin-right: auto;' border='2' cellpadding='5'>
<tr>
<td style='padding: 5px;'>Código Aluno</td>
<td style='padding: 5px;'>Nome do aluno</td>
</tr>
<tr>
<td style='padding: 5px;'>7256028</td><td style='padding: 5px;'>ALAN GRUGNALE MEDINA</td></tr>
</table>
<p>Você precisa aceitar esta notificação para que a alteração seja considerada válida.</p>
",Alteração em nota final - Turma 2A (2019),4,2,2020-04-15 23:23:34,FILIPE GONCALVES DE SOUZA NOGUEIRA DA SILVA,2020-06-17 21:33:46,ADALGISA GONCALVES,"8085676","6769195",6,true
61,"094668","108800",2019,,"A DERVILLE ALLEGRETTI, PROF. cadastrou um novo período de reabertura de fechamento de bimestre para o tipo de calendário Calendário Escolar de 2019 do ano de 2019. Para que o período seja considerado válido é necessário que você aceite esta notificação. <br />
                                           Descrição: teste bug 15050 <br />
                                           Início: 01/04/2019 <br />
                                           Fim: 30/04/2019 <br />
                                           Bimestres: 1º,2º,3º,4º",Cadastro de período de reabertura de fechamento - ano anterior,1,2,2020-04-17 12:50:25,HELOISA MARIA DE MORAIS GIANNICHI,2020-04-17 15:28:25,HELOISA MARIA DE MORAIS GIANNICHI,"7944560","7944560",5,true
62,"094668","108800",2020,,"A DERVILLE ALLEGRETTI, PROF. cadastrou um novo período de reabertura de fechamento de bimestre para o tipo de calendário Calendário Escolar de 2019 do ano de 2019. Para que o período seja considerado válido é necessário que você aceite esta notificação. <br />
                                           Descrição: teste 2 bug 15050 <br />
                                           Início: 01/03/2020 <br />
                                           Fim: 31/03/2020 <br />
                                           Bimestres: 1º,2º,3º,4º",Cadastro de período de reabertura de fechamento - ano anterior,1,2,2020-04-17 15:10:38,HELOISA MARIA DE MORAIS GIANNICHI,2020-04-17 15:28:53,HELOISA MARIA DE MORAIS GIANNICHI,"7944560","7944560",5,true
59,"094668","108800",2020,"1986482","<p>A(s) nota(s) final(is) da turma 2A da EMEFM DERVILLE ALLEGRETTI, PROF. (DRE DIRETORIA REGIONAL DE EDUCACAO JACANA/TREMEMBE) no bimestre 1 de 2019 foram alterados pelo Professor FILIPE GONCALVES DE SOUZA NOGUEIRA DA SILVA(01/08/2020 16:10:40) em 15/04/2020 às 20:32 para o(s) seguinte(s) aluno(s):</p><table style='margin-left: auto; margin-right: auto;' border='2' cellpadding='5'>
<tr>
<td style='padding: 5px;'>Código Aluno</td>
<td style='padding: 5px;'>Nome do aluno</td>
</tr>
<tr>
<td style='padding: 5px;'>7256028</td><td style='padding: 5px;'>ALAN GRUGNALE MEDINA</td></tr>
<tr>
<td style='padding: 5px;'>2626907</td><td style='padding: 5px;'>CLAYTON HENRIQUE SANTOS DE OLIVEIRA</td></tr>
<tr>
<td style='padding: 5px;'>3564969</td><td style='padding: 5px;'>DAVID ALVES DOS SANTOS</td></tr>
</table>
<p>Você precisa aceitar esta notificação para que a alteração seja considerada válida.</p>
",Alteração em nota final - Turma 2A (2019),4,2,2020-04-15 20:32:42,FILIPE GONCALVES DE SOUZA NOGUEIRA DA SILVA,2020-06-17 21:33:20,ADALGISA GONCALVES,"8085676","6769195",6,true
95,"095311","108600",2020,,Foram criadas 1 aula(s) de reposição de MATEMATICA na turma 8A da JEAN MERMOZ (DIRETORIA REGIONAL DE EDUCACAO IPIRANGA). Para que esta aula seja considerada válida você precisa aceitar esta notificação. Para visualizar a aula clique  <a href='https://dev-novosgp.sme.prefeitura.sp.gov.br/calendario-escolar/calendario-professor/cadastro-aula/editar/:30826/'>aqui</a>.,Criação de Aula de Reposição na turma 8A,1,2,2020-06-17 22:15:33,ANA CAROLINA DE ALMEIDA CARREIRA TOSCHI,,,"8424683",,3,false
96,"095311","108600",2020,,Foram criadas 1 aula(s) de reposição de LEITURA - OSL na turma 4B da JEAN MERMOZ (DIRETORIA REGIONAL DE EDUCACAO IPIRANGA). Para que esta aula seja considerada válida você precisa aceitar esta notificação. Para visualizar a aula clique  <a href='https://dev-novosgp.sme.prefeitura.sp.gov.br/calendario-escolar/calendario-professor/cadastro-aula/editar/:30829/'>aqui</a>.,Criação de Aula de Reposição na turma 4B,1,2,2020-06-17 22:31:03,ANDREIA DO CARMO ALESSI MAZZUCHINI,,,"6722369",,3,false
107,"094765","108800",2020,,"A MAXIMO DE MOURA SANTOS, PROF. cadastrou um novo período de reabertura de fechamento de bimestre para o tipo de calendário Calendário Escolar de 2019 do ano de 2019. Para que o período seja considerado válido é necessário que você aceite esta notificação. <br />
                                           Descrição: Ue <br />
                                           Início: 24/06/2020 <br />
                                           Fim: 26/06/2020 <br />
                                           Bimestres: 1º,2º,3º,4º",Cadastro de período de reabertura de fechamento - ano anterior,1,2,2020-06-23 11:08:30,HELOISA MARIA DE MORAIS GIANNICHI,2020-06-23 11:10:12,HELOISA MARIA DE MORAIS GIANNICHI,"7944560","7944560",5,true
63,"094668","108800",2020,,"A DERVILLE ALLEGRETTI, PROF. cadastrou um novo período de reabertura de fechamento de bimestre para o tipo de calendário Calendário Escolar de 2019 do ano de 2019. Para que o período seja considerado válido é necessário que você aceite esta notificação. <br />
                                           Descrição: teste de reabertura 15050 <br />
                                           Início: 01/04/2020 <br />
                                           Fim: 30/04/2020 <br />
                                           Bimestres: 1º,2º,3º,4º",Cadastro de período de reabertura de fechamento - ano anterior,1,2,2020-04-17 15:31:00,HELOISA MARIA DE MORAIS GIANNICHI,2020-04-18 11:11:27,HELOISA MARIA DE MORAIS GIANNICHI,"7944560","7944560",5,true
64,"094668","108800",2020,,"A DERVILLE ALLEGRETTI, PROF. cadastrou um novo período de reabertura de fechamento de bimestre para o tipo de calendário Calendário Escolar de 2019 do ano de 2019. Para que o período seja considerado válido é necessário que você aceite esta notificação. <br />
                                           Descrição: teste 3 <br />
                                           Início: 01/04/2020 <br />
                                           Fim: 30/04/2020 <br />
                                           Bimestres: 1º,2º,3º,4º",Cadastro de período de reabertura de fechamento - ano anterior,1,2,2020-04-18 12:44:01,HELOISA MARIA DE MORAIS GIANNICHI,2020-04-18 14:04:35,HELOISA MARIA DE MORAIS GIANNICHI,"7944560","7944560",5,true
65,"094668","108800",2020,,"A DERVILLE ALLEGRETTI, PROF. cadastrou um novo período de reabertura de fechamento de bimestre para o tipo de calendário Calendário Escolar de 2019 do ano de 2019. Para que o período seja considerado válido é necessário que você aceite esta notificação. <br />
                                           Descrição: UE <br />
                                           Início: 06/04/2020 <br />
                                           Fim: 21/04/2020 <br />
                                           Bimestres: 1º,2º,3º,4º",Cadastro de período de reabertura de fechamento - ano anterior,1,2,2020-04-18 14:05:59,HELOISA MARIA DE MORAIS GIANNICHI,2020-04-18 16:48:31,HELOISA MARIA DE MORAIS GIANNICHI,"7944560","7944560",5,true
66,"094668","108800",2020,,"A DERVILLE ALLEGRETTI, PROF. cadastrou um novo período de reabertura de fechamento de bimestre para o tipo de calendário Calendário Escolar de 2019 do ano de 2019. Para que o período seja considerado válido é necessário que você aceite esta notificação. <br />
                                           Descrição: UE DERVILLE 2019 <br />
                                           Início: 13/04/2020 <br />
                                           Fim: 21/04/2020 <br />
                                           Bimestres: 1º",Cadastro de período de reabertura de fechamento - ano anterior,1,2,2020-04-18 16:49:02,HELOISA MARIA DE MORAIS GIANNICHI,2020-04-18 17:57:41,HELOISA MARIA DE MORAIS GIANNICHI,"7944560","7944560",5,true
68,"094668","108800",2020,,"A DERVILLE ALLEGRETTI, PROF. cadastrou um novo período de reabertura de fechamento de bimestre para o tipo de calendário Calendário Escolar de 2019 do ano de 2019. Para que o período seja considerado válido é necessário que você aceite esta notificação. <br />
                                           Descrição: UE DERVILLE 2019 <br />
                                           Início: 13/04/2020 <br />
                                           Fim: 30/04/2020 <br />
                                           Bimestres: 1º,2º,3º,4º",Cadastro de período de reabertura de fechamento - ano anterior,1,2,2020-04-18 18:02:51,HELOISA MARIA DE MORAIS GIANNICHI,2020-04-18 18:12:47,HELOISA MARIA DE MORAIS GIANNICHI,"7944560","7944560",5,true
67,"094668","108800",2020,,"A DERVILLE ALLEGRETTI, PROF. cadastrou um novo período de reabertura de fechamento de bimestre para o tipo de calendário Calendário Escolar de 2019 do ano de 2019. Para que o período seja considerado válido é necessário que você aceite esta notificação. <br />
                                           Descrição: UE DERVILLE <br />
                                           Início: 13/04/2020 <br />
                                           Fim: 21/04/2020 <br />
                                           Bimestres: 1º,2º,3º,4º",Cadastro de período de reabertura de fechamento - ano anterior,1,2,2020-04-18 17:58:25,HELOISA MARIA DE MORAIS GIANNICHI,2020-06-17 21:38:06,ADALGISA GONCALVES,"7944560","6769195",5,true
70,"094765","108800",2020,,"O evento Reposição Máximo 18/04 - 19/4/2020 foi criado no calendário Fundamental/Médio - 2020 da MAXIMO DE MOURA SANTOS, PROF.. Para que este evento seja considerado válido, você precisa aceitar esta notificação. Para visualizar o evento clique <a href='https://dev-novosgp.sme.prefeitura.sp.gov.br/calendario-escolar/eventos/editar/579/'>aqui</a>.",Criação de Eventos Excepcionais,1,2,2020-04-19 21:32:42,GABRIELA MANZOLLI ROWLANDS LOPES,2020-06-17 21:38:18,ADALGISA GONCALVES,"7924488","6769195",2,true
97,"095311","108600",2020,,Foram criadas 1 aula(s) de reposição de LEITURA - OSL na turma 4B da JEAN MERMOZ (DIRETORIA REGIONAL DE EDUCACAO IPIRANGA). Para que esta aula seja considerada válida você precisa aceitar esta notificação. Para visualizar a aula clique  <a href='https://dev-novosgp.sme.prefeitura.sp.gov.br/calendario-escolar/calendario-professor/cadastro-aula/editar/:30832/'>aqui</a>.,Criação de Aula de Reposição na turma 4B,1,2,2020-06-17 22:44:33,ANDREIA DO CARMO ALESSI MAZZUCHINI,,,"6722369",,3,false
71,"094765","108800",2020,,"O evento Reposição Máximo 19/04 - 19/4/2020 foi criado no calendário Fundamental/Médio - 2020 da MAXIMO DE MOURA SANTOS, PROF.. Para que este evento seja considerado válido, você precisa aceitar esta notificação. Para visualizar o evento clique <a href='https://dev-novosgp.sme.prefeitura.sp.gov.br/calendario-escolar/eventos/editar/580/'>aqui</a>.",Criação de Eventos Excepcionais,1,2,2020-04-19 21:35:30,CLEODEONIRA ALONSO DE CARVALHO MORAES,2020-06-17 23:35:49,ADALGISA GONCALVES,"6347380","6769195",2,true
118,"094765","108800",2020,,"Foram criadas 8 aula(s) de reposição de LINGUA PORTUGUESA na turma 7B da MAXIMO DE MOURA SANTOS, PROF. (DIRETORIA REGIONAL DE EDUCACAO JACANA/TREMEMBE). Para que esta aula seja considerada válida você precisa aceitar esta notificação. Para visualizar a aula clique  <a href='https://dev-novosgp.sme.prefeitura.sp.gov.br/calendario-escolar/calendario-professor/cadastro-aula/editar/:31625/'>aqui</a>.",Criação de Aula de Reposição na turma 7B,1,2,2020-07-01 21:15:57,ADALGISA GONCALVES,2020-07-01 21:16:09,ADALGISA GONCALVES,"6769195","6769195",3,true
80,"094765","108800",2020,,"Foram criadas 5 aula(s) de reposição de LINGUA PORTUGUESA na turma 6A da MAXIMO DE MOURA SANTOS, PROF. (DIRETORIA REGIONAL DE EDUCACAO JACANA/TREMEMBE). Para que esta aula seja considerada válida você precisa aceitar esta notificação. Para visualizar a aula clique  <a href='https://dev-novosgp.sme.prefeitura.sp.gov.br/calendario-escolar/calendario-professor/cadastro-aula/editar/:30272/'>aqui</a>.",Criação de Aula de Reposição na turma 6A,1,2,2020-05-02 18:13:18,ADALGISA GONCALVES,,,"6769195",,3,false
69,"094668","108800",2020,,"A DERVILLE ALLEGRETTI, PROF. cadastrou um novo período de reabertura de fechamento de bimestre para o tipo de calendário Calendário Escolar de 2019 do ano de 2019. Para que o período seja considerado válido é necessário que você aceite esta notificação. <br />
                                           Descrição: UE DERVILLE 2019 <br />
                                           Início: 13/04/2020 <br />
                                           Fim: 30/04/2020 <br />
                                           Bimestres: 1º,2º,3º,4º",Cadastro de período de reabertura de fechamento - ano anterior,1,2,2020-04-18 18:17:43,HELOISA MARIA DE MORAIS GIANNICHI,2020-04-24 11:08:10,HELOISA MARIA DE MORAIS GIANNICHI,"7944560","7944560",5,true
74,"094668","108800",2020,,"A DERVILLE ALLEGRETTI, PROF. cadastrou um novo período de reabertura de fechamento de bimestre para o tipo de calendário Calendário Escolar de 2019 do ano de 2019. Para que o período seja considerado válido é necessário que você aceite esta notificação. <br />
                                           Descrição: UE DERVILLE <br />
                                           Início: 13/04/2020 <br />
                                           Fim: 30/04/2020 <br />
                                           Bimestres: 1º,2º,3º,4º",Cadastro de período de reabertura de fechamento - ano anterior,1,2,2020-04-24 11:08:43,HELOISA MARIA DE MORAIS GIANNICHI,,,"7944560",,5,false
75,"093181","109100",2020,,"Foram criadas 4 aula(s) de reposição de REG CLASSE EJA ETAPA ALFAB na turma 1A da LINNEU PRESTES, PROF. (DIRETORIA REGIONAL DE EDUCACAO SANTO AMARO). Para que esta aula seja considerada válida você precisa aceitar esta notificação. Para visualizar a aula clique  <a href='https://dev-novosgp.sme.prefeitura.sp.gov.br/calendario-escolar/calendario-professor/cadastro-aula/editar/:30228/'>aqui</a>.",Criação de Aula de Reposição na turma 1A,1,2,2020-04-28 09:49:18,ESTER CUSTODIA DOS SANTOS,,,"6926886",,3,false
76,"094668","108800",2020,"1986482","<p>A(s) nota(s) final(is) da turma 2A da EMEFM DERVILLE ALLEGRETTI, PROF. (DRE DIRETORIA REGIONAL DE EDUCACAO JACANA/TREMEMBE) no bimestre 1 de 2019 foram alterados pelo Professor FILIPE GONCALVES DE SOUZA NOGUEIRA DA SILVA(8085676) em 30/04/2020 às 12:57 para o(s) seguinte(s) aluno(s):</p><table style='margin-left: auto; margin-right: auto;' border='2' cellpadding='5'>
<tr>
<td style='padding: 5px;'>Código Aluno</td>
<td style='padding: 5px;'>Nome do aluno</td>
</tr>
<tr>
<td style='padding: 5px;'>2626907</td><td style='padding: 5px;'>CLAYTON HENRIQUE SANTOS DE OLIVEIRA</td></tr>
</table>
<p>Você precisa aceitar esta notificação para que a alteração seja considerada válida.</p>
",Alteração em nota final - Turma 2A (2019),4,2,2020-04-30 12:57:05,FILIPE GONCALVES DE SOUZA NOGUEIRA DA SILVA,,,"8085676",,6,false
77,"094668","108800",2020,,"A DERVILLE ALLEGRETTI, PROF. cadastrou um novo período de reabertura de fechamento de bimestre para o tipo de calendário Calendário Escolar de 2019 do ano de 2019. Para que o período seja considerado válido é necessário que você aceite esta notificação. <br />
                                           Descrição: UE DERVILLE <br />
                                           Início: 14/04/2020 <br />
                                           Fim: 05/05/2020 <br />
                                           Bimestres: 1º,2º,3º,4º",Cadastro de período de reabertura de fechamento - ano anterior,1,2,2020-05-01 16:27:09,HELOISA MARIA DE MORAIS GIANNICHI,,,"7944560",,5,false
78,"094668","108800",2020,"1986482","<p>A(s) nota(s) final(is) da turma 2A da EMEFM DERVILLE ALLEGRETTI, PROF. (DRE DIRETORIA REGIONAL DE EDUCACAO JACANA/TREMEMBE) no bimestre 1 de 2019 foram alterados pelo Professor FILIPE GONCALVES DE SOUZA NOGUEIRA DA SILVA(8085676) em 01/05/2020 às 16:28 para o(s) seguinte(s) aluno(s):</p><table style='margin-left: auto; margin-right: auto;' border='2' cellpadding='5'>
<tr>
<td style='padding: 5px;'>Código Aluno</td>
<td style='padding: 5px;'>Nome do aluno</td>
</tr>
<tr>
<td style='padding: 5px;'>7256028</td><td style='padding: 5px;'>ALAN GRUGNALE MEDINA</td></tr>
</table>
<p>Você precisa aceitar esta notificação para que a alteração seja considerada válida.</p>
",Alteração em nota final - Turma 2A (2019),4,2,2020-05-01 16:28:41,FILIPE GONCALVES DE SOUZA NOGUEIRA DA SILVA,,,"8085676",,6,false
79,"094668","108800",2020,"1986482","<p>A(s) nota(s) final(is) da turma 2A da EMEFM DERVILLE ALLEGRETTI, PROF. (DRE DIRETORIA REGIONAL DE EDUCACAO JACANA/TREMEMBE) no bimestre 1 de 2019 foram alterados pelo Professor FILIPE GONCALVES DE SOUZA NOGUEIRA DA SILVA(8085676) em 01/05/2020 às 16:30 para o(s) seguinte(s) aluno(s):</p><table style='margin-left: auto; margin-right: auto;' border='2' cellpadding='5'>
<tr>
<td style='padding: 5px;'>Código Aluno</td>
<td style='padding: 5px;'>Nome do aluno</td>
</tr>
<tr>
<td style='padding: 5px;'>7256028</td><td style='padding: 5px;'>ALAN GRUGNALE MEDINA</td></tr>
</table>
<p>Você precisa aceitar esta notificação para que a alteração seja considerada válida.</p>
",Alteração em nota final - Turma 2A (2019),4,2,2020-05-01 16:30:57,FILIPE GONCALVES DE SOUZA NOGUEIRA DA SILVA,,,"8085676",,6,false
81,"094668","108800",2020,,"A DERVILLE ALLEGRETTI, PROF. cadastrou um novo período de reabertura de fechamento de bimestre para o tipo de calendário Calendário Escolar de 2019 do ano de 2019. Para que o período seja considerado válido é necessário que você aceite esta notificação. <br />
                                           Descrição: UE DERVILLE <br />
                                           Início: 14/04/2020 <br />
                                           Fim: 07/05/2020 <br />
                                           Bimestres: 1º,2º,3º,4º",Cadastro de período de reabertura de fechamento - ano anterior,1,2,2020-05-07 16:30:49,HELOISA MARIA DE MORAIS GIANNICHI,,,"7944560",,5,false
82,"094668","108800",2020,"1986482","<p>A(s) nota(s) final(is) da turma 2A da EMEFM DERVILLE ALLEGRETTI, PROF. (DRE DIRETORIA REGIONAL DE EDUCACAO JACANA/TREMEMBE) no bimestre 1 de 2019 foram alterados pelo Professor FILIPE GONCALVES DE SOUZA NOGUEIRA DA SILVA(8085676) em 07/05/2020 às 16:53 para o(s) seguinte(s) aluno(s):</p><table style='margin-left: auto; margin-right: auto;' border='2' cellpadding='5'>
<tr>
<td style='padding: 5px;'>Código Aluno</td>
<td style='padding: 5px;'>Nome do aluno</td>
</tr>
<tr>
<td style='padding: 5px;'>7256028</td><td style='padding: 5px;'>ALAN GRUGNALE MEDINA</td></tr>
</table>
<p>Você precisa aceitar esta notificação para que a alteração seja considerada válida.</p>
",Alteração em nota final - Turma 2A (2019),4,2,2020-05-07 16:53:04,FILIPE GONCALVES DE SOUZA NOGUEIRA DA SILVA,,,"8085676",,6,false
83,"094668","108800",2020,"1986482","<p>A(s) nota(s) final(is) da turma 2A da EMEFM DERVILLE ALLEGRETTI, PROF. (DRE DIRETORIA REGIONAL DE EDUCACAO JACANA/TREMEMBE) no bimestre 1 de 2019 foram alterados pelo Professor FILIPE GONCALVES DE SOUZA NOGUEIRA DA SILVA(8085676) em 07/05/2020 às 17:00 para o(s) seguinte(s) aluno(s):</p><table style='margin-left: auto; margin-right: auto;' border='2' cellpadding='5'>
<tr>
<td style='padding: 5px;'>Código Aluno</td>
<td style='padding: 5px;'>Nome do aluno</td>
</tr>
<tr>
<td style='padding: 5px;'>3545990</td><td style='padding: 5px;'>CLEBER MARINHO DOS SANTOS JUNIOR</td></tr>
</table>
<p>Você precisa aceitar esta notificação para que a alteração seja considerada válida.</p>
",Alteração em nota final - Turma 2A (2019),4,2,2020-05-07 17:00:56,FILIPE GONCALVES DE SOUZA NOGUEIRA DA SILVA,,,"8085676",,6,false
84,"095346","108600",2020,,"Foram criadas 7 aula(s) de reposição de CIENCIAS na turma 9A da QUEIROZ FILHO, PROF. (DIRETORIA REGIONAL DE EDUCACAO IPIRANGA). Para que esta aula seja considerada válida você precisa aceitar esta notificação. Para visualizar a aula clique  <a href='https://dev-novosgp.sme.prefeitura.sp.gov.br/calendario-escolar/calendario-professor/cadastro-aula/editar/:30330/'>aqui</a>.",Criação de Aula de Reposição na turma 9A,1,2,2020-05-08 19:10:34,SONIA REGINA DE PAULA,,,"5512557",,3,false
85,"094765","108800",2020,,"Foram criadas 5 aula(s) de reposição de LINGUA PORTUGUESA na turma 6A da MAXIMO DE MOURA SANTOS, PROF. (DIRETORIA REGIONAL DE EDUCACAO JACANA/TREMEMBE). Para que esta aula seja considerada válida você precisa aceitar esta notificação. Para visualizar a aula clique  <a href='https://dev-novosgp.sme.prefeitura.sp.gov.br/calendario-escolar/calendario-professor/cadastro-aula/editar/:30331/'>aqui</a>.",Criação de Aula de Reposição na turma 6A,1,2,2020-05-10 20:54:27,ADALGISA GONCALVES,,,"6769195",,3,false
86,"095346","108600",2020,,"Foram criadas 10 aula(s) de reposição de CIENCIAS na turma 9A da QUEIROZ FILHO, PROF. (DIRETORIA REGIONAL DE EDUCACAO IPIRANGA). Para que esta aula seja considerada válida você precisa aceitar esta notificação. Para visualizar a aula clique  <a href='https://dev-novosgp.sme.prefeitura.sp.gov.br/calendario-escolar/calendario-professor/cadastro-aula/editar/:30334/'>aqui</a>.",Criação de Aula de Reposição na turma 9A,1,2,2020-05-12 13:48:53,SONIA REGINA DE PAULA,,,"5512557",,3,false
87,"095346","108600",2020,,"Foram criadas 10 aula(s) de reposição de CIENCIAS na turma 9A da QUEIROZ FILHO, PROF. (DIRETORIA REGIONAL DE EDUCACAO IPIRANGA). Para que esta aula seja considerada válida você precisa aceitar esta notificação. Para visualizar a aula clique  <a href='https://dev-novosgp.sme.prefeitura.sp.gov.br/calendario-escolar/calendario-professor/cadastro-aula/editar/:30335/'>aqui</a>.",Criação de Aula de Reposição na turma 9A,1,2,2020-05-12 13:53:27,SONIA REGINA DE PAULA,,,"5512557",,3,false
89,"094668","108800",2020,,"A DERVILLE ALLEGRETTI, PROF. cadastrou um novo período de reabertura de fechamento de bimestre para o tipo de calendário Calendário Escolar de 2019 do ano de 2019. Para que o período seja considerado válido é necessário que você aceite esta notificação. <br />
                                           Descrição: UE DERVILLE <br />
                                           Início: 14/04/2020 <br />
                                           Fim: 07/05/2020 <br />
                                           Bimestres: 1º,2º,3º,4º",Cadastro de período de reabertura de fechamento - ano anterior,1,2,2020-05-20 09:58:04,CAIQUE DOS SANTOS LATORRE SIQUEIRA,,,"",,5,false
92,"094668","108800",2020,,"Foram criadas 3 aula(s) de reposição de SOCIOLOGIA na turma 1A da DERVILLE ALLEGRETTI, PROF. (DIRETORIA REGIONAL DE EDUCACAO JACANA/TREMEMBE). Para que esta aula seja considerada válida você precisa aceitar esta notificação. Para visualizar a aula clique  <a href='http://localhost:3000/calendario-escolar/calendario-professor/cadastro-aula/editar/:30484/'>aqui</a>.",Criação de Aula de Reposição na turma 1A,1,2,2020-06-17 19:22:03,FILIPE GONCALVES DE SOUZA NOGUEIRA DA SILVA,,,"8085676",,3,false
91,"094765","108800",2020,,"Foram criadas 6 aula(s) de reposição de LINGUA PORTUGUESA na turma 7B da MAXIMO DE MOURA SANTOS, PROF. (DIRETORIA REGIONAL DE EDUCACAO JACANA/TREMEMBE). Para que esta aula seja considerada válida você precisa aceitar esta notificação. Para visualizar a aula clique  <a href='https://dev-novosgp.sme.prefeitura.sp.gov.br/calendario-escolar/calendario-professor/cadastro-aula/editar/:30424/'>aqui</a>.",Criação de Aula de Reposição na turma 7B,1,2,2020-06-05 16:22:01,ADALGISA GONCALVES,2020-07-01 21:13:46,ADALGISA GONCALVES,"6769195","6769195",3,true
93,"094668","108800",2020,,"Foram criadas 5 aula(s) de reposição de SOCIOLOGIA na turma 1A da DERVILLE ALLEGRETTI, PROF. (DIRETORIA REGIONAL DE EDUCACAO JACANA/TREMEMBE). Para que esta aula seja considerada válida você precisa aceitar esta notificação. Para visualizar a aula clique  <a href='http://localhost:3000/calendario-escolar/calendario-professor/cadastro-aula/editar/:30484/'>aqui</a>.",Criação de Aula de Reposição na turma 1A,1,2,2020-06-17 19:22:38,FILIPE GONCALVES DE SOUZA NOGUEIRA DA SILVA,,,"8085676",,3,false
88,"094765","108800",2020,,"A MAXIMO DE MOURA SANTOS, PROF. cadastrou um novo período de reabertura de fechamento de bimestre para o tipo de calendário Calendário Escolar de 2019 do ano de 2019. Para que o período seja considerado válido é necessário que você aceite esta notificação. <br />
                                           Descrição: teste <br />
                                           Início: 04/05/2020 <br />
                                           Fim: 22/05/2020 <br />
                                           Bimestres: 1º,2º,3º,4º",Cadastro de período de reabertura de fechamento - ano anterior,1,2,2020-05-19 17:49:29,HELOISA MARIA DE MORAIS GIANNICHI,2020-06-23 10:59:46,HELOISA MARIA DE MORAIS GIANNICHI,"7944560","7944560",5,true
72,"094668","108800",2020,"1986482","<p>A(s) nota(s) final(is) da turma 2A da EMEFM DERVILLE ALLEGRETTI, PROF. (DRE DIRETORIA REGIONAL DE EDUCACAO JACANA/TREMEMBE) no bimestre 1 de 2019 foram alterados pelo Professor FILIPE GONCALVES DE SOUZA NOGUEIRA DA SILVA(1/8/2020 4:10:40 PM) em 20/04/2020 às 22:06 para o(s) seguinte(s) aluno(s):</p><table style='margin-left: auto; margin-right: auto;' border='2' cellpadding='5'>
<tr>
<td style='padding: 5px;'>Código Aluno</td>
<td style='padding: 5px;'>Nome do aluno</td>
</tr>
<tr>
<td style='padding: 5px;'>7256028</td><td style='padding: 5px;'>ALAN GRUGNALE MEDINA</td></tr>
</table>
<p>Você precisa aceitar esta notificação para que a alteração seja considerada válida.</p>
",Alteração em nota final - Turma 2A (2019),4,2,2020-04-20 22:06:56,FILIPE GONCALVES DE SOUZA NOGUEIRA DA SILVA,2020-06-17 23:43:30,ADALGISA GONCALVES,"8085676","6769195",6,true
73,"094668","108800",2020,"1986482","<p>A(s) nota(s) final(is) da turma 2A da EMEFM DERVILLE ALLEGRETTI, PROF. (DRE DIRETORIA REGIONAL DE EDUCACAO JACANA/TREMEMBE) no bimestre 1 de 2019 foram alterados pelo Professor FILIPE GONCALVES DE SOUZA NOGUEIRA DA SILVA(01/08/2020 16:10:40) em 21/04/2020 às 09:58 para o(s) seguinte(s) aluno(s):</p><table style='margin-left: auto; margin-right: auto;' border='2' cellpadding='5'>
<tr>
<td style='padding: 5px;'>Código Aluno</td>
<td style='padding: 5px;'>Nome do aluno</td>
</tr>
<tr>
<td style='padding: 5px;'>7256028</td><td style='padding: 5px;'>ALAN GRUGNALE MEDINA</td></tr>
</table>
<p>Você precisa aceitar esta notificação para que a alteração seja considerada válida.</p>
",Alteração em nota final - Turma 2A (2019),4,2,2020-04-21 09:58:56,FILIPE GONCALVES DE SOUZA NOGUEIRA DA SILVA,2020-06-18 00:02:00,ADALGISA GONCALVES,"8085676","6769195",6,true
99,"095311","108600",2020,,Foram criadas 1 aula(s) de reposição de LEITURA - OSL na turma 6B da JEAN MERMOZ (DIRETORIA REGIONAL DE EDUCACAO IPIRANGA). Para que esta aula seja considerada válida você precisa aceitar esta notificação. Para visualizar a aula clique  <a href='http://localhost:3000/calendario-escolar/calendario-professor/cadastro-aula/editar/:31023/'>aqui</a>.,Criação de Aula de Reposição na turma 6B,1,2,2020-06-18 00:20:40,ANDREIA DO CARMO ALESSI MAZZUCHINI,,,"6722369",,3,false
100,"095311","108600",2020,,Foram criadas 1 aula(s) de reposição de LEITURA - OSL na turma 9A da JEAN MERMOZ (DIRETORIA REGIONAL DE EDUCACAO IPIRANGA). Para que esta aula seja considerada válida você precisa aceitar esta notificação. Para visualizar a aula clique  <a href='http://localhost:3000/calendario-escolar/calendario-professor/cadastro-aula/editar/:31024/'>aqui</a>.,Criação de Aula de Reposição na turma 9A,1,2,2020-06-18 00:23:32,ANDREIA DO CARMO ALESSI MAZZUCHINI,,,"6722369",,3,false
101,"093378","108300",2020,,"Foram criadas 3 aula(s) de reposição de REG CLASSE CICLO ALFAB / INTERD 4HRS na turma 4D da MANOEL DE ABREU, DR. (DIRETORIA REGIONAL DE EDUCACAO CAPELA DO SOCORRO). Para que esta aula seja considerada válida você precisa aceitar esta notificação. Para visualizar a aula clique  <a href='http://localhost:3000/calendario-escolar/calendario-professor/cadastro-aula/editar/:31052/'>aqui</a>.",Criação de Aula de Reposição na turma 4D,1,2,2020-06-18 01:06:48,ELIENE DA SILVA,,,"7457952",,3,false
98,"095311","108600",2020,,Foram criadas 1 aula(s) de reposição de LEITURA - OSL na turma 5A da JEAN MERMOZ (DIRETORIA REGIONAL DE EDUCACAO IPIRANGA). Para que esta aula seja considerada válida você precisa aceitar esta notificação. Para visualizar a aula clique  <a href='https://dev-novosgp.sme.prefeitura.sp.gov.br/calendario-escolar/calendario-professor/cadastro-aula/editar/:31021/'>aqui</a>.,Criação de Aula de Reposição na turma 5A,1,2,2020-06-18 00:16:41,ANDREIA DO CARMO ALESSI MAZZUCHINI,2020-06-18 02:48:31,SADAKO MORITA,"6722369","3135535",3,true
102,"093181","109100",2020,,"Foram criadas 3 aula(s) de reposição de REG CLASSE EJA ETAPA ALFAB na turma 1A da LINNEU PRESTES, PROF. (DIRETORIA REGIONAL DE EDUCACAO SANTO AMARO). Para que esta aula seja considerada válida você precisa aceitar esta notificação. Para visualizar a aula clique  <a href='http://localhost:3000/calendario-escolar/calendario-professor/cadastro-aula/editar/:31199/'>aqui</a>.",Criação de Aula de Reposição na turma 1A,1,2,2020-06-18 03:10:51,ESTER CUSTODIA DOS SANTOS,2020-06-18 03:11:16,ESTER CUSTODIA DOS SANTOS,"6926886","6926886",3,true
103,"093181","109100",2020,,"Foram criadas 3 aula(s) de reposição de REG CLASSE EJA ETAPA ALFAB na turma 1A da LINNEU PRESTES, PROF. (DIRETORIA REGIONAL DE EDUCACAO SANTO AMARO). Para que esta aula seja considerada válida você precisa aceitar esta notificação. Para visualizar a aula clique  <a href='http://localhost:3000/calendario-escolar/calendario-professor/cadastro-aula/editar/:31200/'>aqui</a>.",Criação de Aula de Reposição na turma 1A,1,2,2020-06-18 03:12:06,ESTER CUSTODIA DOS SANTOS,,,"6926886",,3,false
104,"093181","109100",2020,,"Foram criadas 8 aula(s) de reposição de REG CLASSE EJA ETAPA ALFAB na turma 1A da LINNEU PRESTES, PROF. (DIRETORIA REGIONAL DE EDUCACAO SANTO AMARO). Para que esta aula seja considerada válida você precisa aceitar esta notificação. Para visualizar a aula clique  <a href='http://localhost:3000/calendario-escolar/calendario-professor/cadastro-aula/editar/:31200/'>aqui</a>.",Criação de Aula de Reposição na turma 1A,1,2,2020-06-18 03:20:57,ESTER CUSTODIA DOS SANTOS,2020-06-18 03:21:14,ESTER CUSTODIA DOS SANTOS,"6926886","6926886",3,true
105,"095311","108600",2020,,Foram criadas 5 aula(s) de reposição de ED. FISICA  INTEGRAL MANHA na turma 1A da JEAN MERMOZ (DIRETORIA REGIONAL DE EDUCACAO IPIRANGA). Para que esta aula seja considerada válida você precisa aceitar esta notificação. Para visualizar a aula clique  <a href='https://dev-novosgp.sme.prefeitura.sp.gov.br/calendario-escolar/calendario-professor/cadastro-aula/editar/:31212/'>aqui</a>.,Criação de Aula de Reposição na turma 1A,1,2,2020-06-18 04:51:06,ANA ROSA GRISE GIOVANNETTI,,,"8425108",,3,false
106,"095311","108600",2020,,Foram criadas 5 aula(s) de reposição de MATEMATICA na turma 8A da JEAN MERMOZ (DIRETORIA REGIONAL DE EDUCACAO IPIRANGA). Para que esta aula seja considerada válida você precisa aceitar esta notificação. Para visualizar a aula clique  <a href='https://dev-novosgp.sme.prefeitura.sp.gov.br/calendario-escolar/calendario-professor/cadastro-aula/editar/:31213/'>aqui</a>.,Criação de Aula de Reposição na turma 8A,1,2,2020-06-18 04:55:55,ANA CAROLINA DE ALMEIDA CARREIRA TOSCHI,,,"8424683",,3,false
90,"094668","108800",2020,,"A DERVILLE ALLEGRETTI, PROF. cadastrou um novo período de reabertura de fechamento de bimestre para o tipo de calendário Calendário Escolar de 2019 do ano de 2019. Para que o período seja considerado válido é necessário que você aceite esta notificação. <br />
                                           Descrição: UE DERVILLE <br />
                                           Início: 14/04/2020 <br />
                                           Fim: 21/05/2020 <br />
                                           Bimestres: 1º,2º,3º,4º",Cadastro de período de reabertura de fechamento - ano anterior,1,2,2020-05-20 09:58:15,CAIQUE DOS SANTOS LATORRE SIQUEIRA,2020-06-23 10:59:38,HELOISA MARIA DE MORAIS GIANNICHI,"","7944560",5,true
108,"094765","108800",2020,,"A MAXIMO DE MOURA SANTOS, PROF. cadastrou um novo período de reabertura de fechamento de bimestre para o tipo de calendário Calendário Escolar de 2019 do ano de 2019. Para que o período seja considerado válido é necessário que você aceite esta notificação. <br />
                                           Descrição: UE <br />
                                           Início: 24/06/2020 <br />
                                           Fim: 26/06/2020 <br />
                                           Bimestres: 1º,2º,3º,4º",Cadastro de período de reabertura de fechamento - ano anterior,1,2,2020-06-23 13:02:51,HELOISA MARIA DE MORAIS GIANNICHI,,,"7944560",,5,false
109,"094765","108800",2020,,"A EMEF MAXIMO DE MOURA SANTOS, PROF.(DRE - JT) cadastrou um novo período de reabertura de fechamento de bimestre para o tipo de calendário <b>Calendário Escolar de 2019</b> do ano de 2019. Para que o período seja considerado válido é necessário que você aceite esta notificação. <br/>
                                           Descrição: UE <br/>
                                           Início: 09/06/2020 <br/>
                                           Fim: 11/06/2020 <br/>
                                           Bimestres: 1º,2º,3º,4º",Cadastro de período de reabertura de fechamento - ano anterior,1,2,2020-06-26 16:07:17,HELOISA MARIA DE MORAIS GIANNICHI,,,"7944560",,5,false
110,"094765","108800",2020,,"A EMEF MAXIMO DE MOURA SANTOS, PROF.(DRE - JT) cadastrou um novo período de reabertura de fechamento de bimestre para o tipo de calendário <b>Calendário Escolar de 2019</b> do ano de 2019. Para que o período seja considerado válido é necessário que você aceite esta notificação. <br/>
                                           Descrição: UE <br/>
                                           Início: 09/06/2020 <br/>
                                           Fim: 15/06/2020 <br/>
                                           Bimestres: 1º,2º,3º,4º",Cadastro de período de reabertura de fechamento - ano anterior,1,2,2020-06-26 16:21:22,HELOISA MARIA DE MORAIS GIANNICHI,,,"7944560",,5,false
111,"094765","108800",2020,,"A EMEF MAXIMO DE MOURA SANTOS, PROF.(DRE - JT) cadastrou um novo período de reabertura de fechamento de bimestre para o tipo de calendário <b>Calendário Escolar de 2019</b> do ano de 2019. Para que o período seja considerado válido é necessário que você aceite esta notificação. <br/>
                                           Descrição: UE <br/>
                                           Início: 09/06/2020 <br/>
                                           Fim: 12/06/2020 <br/>
                                           Bimestres: 1º,2º,3º,4º",Cadastro de período de reabertura de fechamento - ano anterior,1,2,2020-06-26 16:35:02,HELOISA MARIA DE MORAIS GIANNICHI,,,"7944560",,5,false
112,"094765","108800",2020,,"A EMEF MAXIMO DE MOURA SANTOS, PROF.(DRE - JT) cadastrou um novo período de reabertura de fechamento de bimestre para o tipo de calendário <b>Calendário Escolar de 2019</b> do ano de 2019. Para que o período seja considerado válido é necessário que você aceite esta notificação. <br/>
                                           Descrição: UE <br/>
                                           Início: 09/06/2020 <br/>
                                           Fim: 17/06/2020 <br/>
                                           Bimestres: 1º,2º,3º,4º",Cadastro de período de reabertura de fechamento - ano anterior,1,2,2020-06-26 16:41:06,HELOISA MARIA DE MORAIS GIANNICHI,,,"7944560",,5,false
113,"094765","108800",2020,,"A EMEF MAXIMO DE MOURA SANTOS, PROF.(DRE - JT) cadastrou um novo período de reabertura de fechamento de bimestre para o tipo de calendário <b>Calendário Escolar de 2019</b> do ano de 2019. Para que o período seja considerado válido é necessário que você aceite esta notificação. <br/>
                                           Descrição: UE <br/>
                                           Início: 24/06/2020 <br/>
                                           Fim: 26/06/2020 <br/>
                                           Bimestres: 1º,2º,3º,4º",Cadastro de período de reabertura de fechamento - ano anterior,1,2,2020-06-26 16:51:16,HELOISA MARIA DE MORAIS GIANNICHI,,,"7944560",,5,false
114,"094765","108800",2020,,"A EMEF MAXIMO DE MOURA SANTOS, PROF.(DRE - JT) cadastrou um novo período de reabertura de fechamento de bimestre para o tipo de calendário <b>Calendário Escolar de 2019</b> do ano de 2019. Para que o período seja considerado válido é necessário que você aceite esta notificação. <br/>
                                           Descrição: UE <br/>
                                           Início: 09/06/2020 <br/>
                                           Fim: 20/06/2020 <br/>
                                           Bimestres: 1º,2º,3º,4º",Cadastro de período de reabertura de fechamento - ano anterior,1,2,2020-06-26 16:51:49,HELOISA MARIA DE MORAIS GIANNICHI,,,"7944560",,5,false
115,"094765","108800",2020,,"A EMEF MAXIMO DE MOURA SANTOS, PROF.(DRE - JT) cadastrou um novo período de reabertura de fechamento de bimestre para o tipo de calendário <b>Calendário Escolar de 2019</b> do ano de 2019. Para que o período seja considerado válido é necessário que você aceite esta notificação. <br/>
                                           Descrição: UE <br/>
                                           Início: 16/06/2020 <br/>
                                           Fim: 18/06/2020 <br/>
                                           Bimestres: 1º,2º,3º,4º",Cadastro de período de reabertura de fechamento - ano anterior,1,2,2020-06-26 16:57:10,HELOISA MARIA DE MORAIS GIANNICHI,,,"7944560",,5,false
116,"094765","108800",2020,,"Foram criadas 1 aula(s) de reposição de LINGUA PORTUGUESA na turma 6A da MAXIMO DE MOURA SANTOS, PROF. (DIRETORIA REGIONAL DE EDUCACAO JACANA/TREMEMBE). Para que esta aula seja considerada válida você precisa aceitar esta notificação. Para visualizar a aula clique  <a href='https://dev-novosgp.sme.prefeitura.sp.gov.br/calendario-escolar/calendario-professor/cadastro-aula/editar/:31339/'>aqui</a>.",Criação de Aula de Reposição na turma 6A,1,2,2020-06-30 10:58:36,ADALGISA GONCALVES,2020-06-30 10:58:57,ADALGISA GONCALVES,"6769195","6769195",3,true
117,"094765","108800",2020,,"Foram criadas 20 aula(s) de reposição de LINGUA PORTUGUESA na turma 7B da MAXIMO DE MOURA SANTOS, PROF. (DIRETORIA REGIONAL DE EDUCACAO JACANA/TREMEMBE). Para que esta aula seja considerada válida você precisa aceitar esta notificação. Para visualizar a aula clique  <a href='https://dev-novosgp.sme.prefeitura.sp.gov.br/calendario-escolar/calendario-professor/cadastro-aula/editar/:31624/'>aqui</a>.",Criação de Aula de Reposição na turma 7B,1,2,2020-07-01 21:15:12,ADALGISA GONCALVES,2020-07-01 21:15:36,ADALGISA GONCALVES,"6769195","6769195",3,true
123,"095109","108900",2020,,"A EMEF LEONOR MENDES DE BARROS(DRE - PE) cadastrou um novo período de reabertura de fechamento de bimestre para o tipo de calendário <b>Calendário Escolar de 2019</b> do ano de 2019. Para que o período seja considerado válido é necessário que você aceite esta notificação. <br/>
                                           Descrição: UE LEONOR <br/>
                                           Início: 01/07/2020 <br/>
                                           Fim: 31/07/2020 <br/>
                                           Bimestres: 1º,2º,3º,4º",Cadastro de período de reabertura de fechamento - ano anterior,1,2,2020-07-08 17:14:36,HELOISA MARIA DE MORAIS GIANNICHI,,,"7944560",,5,false
124,"095109","108900",2020,,"A EMEF LEONOR MENDES DE BARROS(DRE - PE) cadastrou um novo período de reabertura de fechamento de bimestre para o tipo de calendário <b>Calendário Escolar de 2019</b> do ano de 2019. Para que o período seja considerado válido é necessário que você aceite esta notificação. <br/>
                                           Descrição: UE LEONOR <br/>
                                           Início: 01/07/2020 <br/>
                                           Fim: 31/12/2020 <br/>
                                           Bimestres: 1º,2º,3º,4º",Cadastro de período de reabertura de fechamento - ano anterior,1,2,2020-07-08 18:44:57,HELOISA MARIA DE MORAIS GIANNICHI,,,"7944560",,5,false
125,"019262","108100",2020,,"A CEU EMEF BUTANTA(DRE - BT) cadastrou um novo período de reabertura de fechamento de bimestre para o tipo de calendário <b>Calendário Escolar de 2019</b> do ano de 2019. Para que o período seja considerado válido é necessário que você aceite esta notificação. <br/>
                                           Descrição: DRE BT 2019 <br/>
                                           Início: 01/07/2020 <br/>
                                           Fim: 31/12/2020 <br/>
                                           Bimestres: 1º,2º,3º,4º",Cadastro de período de reabertura de fechamento - ano anterior,1,2,2020-07-08 19:14:22,HELOISA MARIA DE MORAIS GIANNICHI,,,"7944560",,5,false
126,"019384","108200",2020,,"A CEU EMEF PARAISOPOLIS(DRE - CL) cadastrou um novo período de reabertura de fechamento de bimestre para o tipo de calendário <b>Calendário Escolar de 2019</b> do ano de 2019. Para que o período seja considerado válido é necessário que você aceite esta notificação. <br/>
                                           Descrição: PARAISOPOLIS 2019 <br/>
                                           Início: 01/07/2020 <br/>
                                           Fim: 31/12/2020 <br/>
                                           Bimestres: 1º,2º,3º,4º",Cadastro de período de reabertura de fechamento - ano anterior,1,2,2020-07-08 19:20:04,HELOISA MARIA DE MORAIS GIANNICHI,,,"7944560",,5,false
127,"095109","108900",2020,,"A EMEF LEONOR MENDES DE BARROS(DRE - PE) cadastrou um novo período de reabertura de fechamento de bimestre para o tipo de calendário <b>Calendário Escolar de 2019</b> do ano de 2019. Para que o período seja considerado válido é necessário que você aceite esta notificação. <br/>
                                           Descrição: UE LEONOR <br/>
                                           Início: 01/07/2020 <br/>
                                           Fim: 30/12/2020 <br/>
                                           Bimestres: 1º,2º,3º,4º",Cadastro de período de reabertura de fechamento - ano anterior,1,2,2020-07-08 22:21:32,HELOISA MARIA DE MORAIS GIANNICHI,,,"7944560",,5,false
128,"095109","108900",2020,,"A EMEF LEONOR MENDES DE BARROS(DRE - PE) cadastrou um novo período de reabertura de fechamento de bimestre para o tipo de calendário <b>Calendário Escolar de 2019</b> do ano de 2019. Para que o período seja considerado válido é necessário que você aceite esta notificação. <br/>
                                           Descrição: UE LEONOR <br/>
                                           Início: 01/07/2020 <br/>
                                           Fim: 29/12/2020 <br/>
                                           Bimestres: 1º,2º,3º,4º",Cadastro de período de reabertura de fechamento - ano anterior,1,2,2020-07-08 22:48:19,HELOISA MARIA DE MORAIS GIANNICHI,,,"7944560",,5,false
129,"095109","108900",2020,,"A EMEF LEONOR MENDES DE BARROS(DRE - PE) cadastrou um novo período de reabertura de fechamento de bimestre para o tipo de calendário <b>Calendário Escolar de 2019</b> do ano de 2019. Para que o período seja considerado válido é necessário que você aceite esta notificação. <br/>
                                           Descrição: UE LEONOR <br/>
                                           Início: 01/07/2020 <br/>
                                           Fim: 30/12/2020 <br/>
                                           Bimestres: 1º,2º,3º,4º",Cadastro de período de reabertura de fechamento - ano anterior,1,2,2020-07-08 23:06:09,HELOISA MARIA DE MORAIS GIANNICHI,,,"7944560",,5,false
130,"094668","108800",2020,,"A EMEFM DERVILLE ALLEGRETTI, PROF.(DRE - JT) cadastrou um novo período de reabertura de fechamento de bimestre para o tipo de calendário <b>Calendário Escolar de 2019</b> do ano de 2019. Para que o período seja considerado válido é necessário que você aceite esta notificação. <br/>
                                           Descrição: UE DERVILLE 2019 <br/>
                                           Início: 01/07/2020 <br/>
                                           Fim: 30/12/2020 <br/>
                                           Bimestres: 1º,2º,3º,4º",Cadastro de período de reabertura de fechamento - ano anterior,1,2,2020-07-22 19:38:52,HELOISA MARIA DE MORAIS GIANNICHI,,,"7944560",,5,false
131,"094668","108800",2020,,"A EMEFM DERVILLE ALLEGRETTI, PROF.(DRE - JT) cadastrou um novo período de reabertura de fechamento de bimestre para o tipo de calendário <b>2018</b> do ano de 2018. Para que o período seja considerado válido é necessário que você aceite esta notificação. <br/>
                                           Descrição: UE DERVILLE <br/>
                                           Início: 01/07/2020 <br/>
                                           Fim: 30/12/2020 <br/>
                                           Bimestres: 1º,2º,3º,4º",Cadastro de período de reabertura de fechamento - ano anterior,1,2,2020-07-22 20:32:59,HELOISA MARIA DE MORAIS GIANNICHI,,,"7944560",,5,false
132,"092398","108600",2020,,Foram criadas 2 aula(s) de reposição de Regência de classe infantil na turma 6A da SAO PAULO (DIRETORIA REGIONAL DE EDUCACAO IPIRANGA). Para que esta aula seja considerada válida você precisa aceitar esta notificação. Para visualizar a aula clique  <a href='https://dev-novosgp.sme.prefeitura.sp.gov.br/calendario-escolar/calendario-professor/cadastro-aula/editar/:32244/'>aqui</a>.,Criação de Aula de Reposição na turma 6A,1,2,2020-07-29 16:50:16,SARA MESQUITA COZZOLINO,,,"8196494",,3,false
135,"019493","108200",2020,,"O evento teste - 2/8/2020 foi criado no calendário Infantil 2020 da . Para que este evento seja considerado válido, você precisa aceitar esta notificação. Para visualizar o evento clique <a href='http://localhost:3000/calendario-escolar/eventos/editar/771/'>aqui</a>.",Criação de Eventos Excepcionais,1,2,2020-08-13 00:56:05,ADRIANA REGINA DE ANDRADE LUZ FAGUNDES,,,"6955207",,2,false
